Text,True_Label,Predicted_Label,MuRIL_Prob,XLM_Prob,Ensemble_Prob,Model_Disagreement,Error_Type,Raw_Confidence
मैं नाइ था नाइ हूँ और नाइ ही रहूंगा,1,0,0.0029,0.0007,0.0018,False,False Negative (Missed Hate),0.9982
tujhe logo ko ungli karne me bahut maja aata he isliye padai pe dhyan nahi de pa rahi he,1,0,0.0029,0.0007,0.0018,False,False Negative (Missed Hate),0.9982
is dhruv ke t sochte h fact based video dekh rhe jbki asli whatsapp university wale whi h,1,0,0.0029,0.0006,0.0018,False,False Negative (Missed Hate),0.9982
jldi isko iska resut bhi milega ye khud halla se hui h,1,0,0.003,0.0007,0.0018,False,False Negative (Missed Hate),0.9982
is ran..di ki car ka insurance nahi hai kya,1,0,0.0029,0.0007,0.0018,False,False Negative (Missed Hate),0.9982
nikal khebri jai shree ram,1,0,0.0029,0.0006,0.0018,False,False Negative (Missed Hate),0.9982
dance party popper party red,1,0,0.0029,0.0007,0.0018,False,False Negative (Missed Hate),0.9982
atankvadi,1,0,0.0029,0.0006,0.0018,False,False Negative (Missed Hate),0.9982
truth hai yar.,1,0,0.0029,0.0007,0.0018,False,False Negative (Missed Hate),0.9982
ye kya hai isko muh me loli pop do,1,0,0.0029,0.0008,0.0018,False,False Negative (Missed Hate),0.9982
abhi sir kar to babbe do fir dekhna khatakhat khatakhat khatakhat,1,0,0.0029,0.0006,0.0018,False,False Negative (Missed Hate),0.9982
game karyla da lagto(boys 2),1,0,0.0029,0.0007,0.0018,False,False Negative (Missed Hate),0.9982
मस्त bocha दाबतो तू majja आहे,1,0,0.0029,0.0007,0.0018,False,False Negative (Missed Hate),0.9982
ye to gundi ladki hai,1,0,0.0029,0.0007,0.0018,False,False Negative (Missed Hate),0.9982
halla krva ho to bta dena,1,0,0.0029,0.0007,0.0018,False,False Negative (Missed Hate),0.9982
ye bhimte log babasahab ki kitab he padhi nahi mimte ko support karte he,1,0,0.003,0.0007,0.0018,False,False Negative (Missed Hate),0.9982
jai shree ram ~ab kya kronge radi bacchiyo,1,0,0.0029,0.0007,0.0018,False,False Negative (Missed Hate),0.9982
in logo ko muslim naam se itne gan.d kyun jalti hai bhai,1,0,0.0029,0.0006,0.0018,False,False Negative (Missed Hate),0.9982
mag he boltat ki amala shivya detat loka,1,0,0.0029,0.0007,0.0018,False,False Negative (Missed Hate),0.9982
madam kyun itna halla kr rahi ho insaurance company pay karegi,1,0,0.0029,0.0006,0.0018,False,False Negative (Missed Hate),0.9982
dekhane se congress ki rakhel najar aa rahi hai,1,0,0.0029,0.0006,0.0018,False,False Negative (Missed Hate),0.9982
iska koi dharm nahi hai tharki kom ka parinda,1,0,0.0029,0.0007,0.0018,False,False Negative (Missed Hate),0.9982
laltern,1,0,0.0029,0.0007,0.0018,False,False Negative (Missed Hate),0.9982
"लोकसभा चुनाव 2019: विवाद पर बोले मणिशंकर: मुझे ★ #नीच ★ पर सफाई देने की जरूरत नहीं, ★9 दिन में बदलेगी सरकार★ link … download indiatv official app: link … – at new yamuna bridge",1,0,0.0031,0.0006,0.0018,False,False Negative (Missed Hate),0.9982
aapki sarkaar nhi thi iska mtlb aapka 1981 me aapka koi yogdaan nhi tha aur aap kewal halla krna jante ho uske alawa kuch nhi,1,0,0.0029,0.0009,0.0019,False,False Negative (Missed Hate),0.9981
nak kapa surpankha cha,1,0,0.0029,0.0008,0.0019,False,False Negative (Missed Hate),0.9981
uuuaaaa simon peter,1,0,0.0031,0.0007,0.0019,False,False Negative (Missed Hate),0.9981
dhruv rathee tmck,1,0,0.003,0.0007,0.0019,False,False Negative (Missed Hate),0.9981
all bull's eye,1,0,0.0031,0.0006,0.0019,False,False Negative (Missed Hate),0.9981
hindu dharm esa dharm hai agar koi kahi paad bhi de to inka dharm khatre me aa jata hai,1,0,0.003,0.0007,0.0019,False,False Negative (Missed Hate),0.9981
times like all its kind,1,0,0.003,0.0009,0.0019,False,False Negative (Missed Hate),0.9981
ek baar ke liye modi ji se panga le lena lakin sudhanshu trivedi ji se nahi nanga kr denge congress and dhruv rathi supporters ko,1,0,0.0029,0.0008,0.0019,False,False Negative (Missed Hate),0.9981
eat 5 star do nothing +. dar ki man ki c,1,0,0.0029,0.0009,0.0019,False,False Negative (Missed Hate),0.9981
model construct,1,0,0.0031,0.0007,0.0019,False,False Negative (Missed Hate),0.9981
"itna to google ke pass bhi data nhi hai, dhruv rathi ko bolo da chatna band kare",1,0,0.0031,0.0007,0.0019,False,False Negative (Missed Hate),0.9981
episode ii,1,0,0.003,0.0009,0.0019,False,False Negative (Missed Hate),0.9981
katwe ki rakhel hai sahi hai na,1,0,0.0031,0.0007,0.0019,False,False Negative (Missed Hate),0.9981
भड़वा गिरी कर 2 करोड क्युं?? 20 करोड़ भी हो जाएंगे...,1,0,0.0029,0.0009,0.0019,False,False Negative (Missed Hate),0.9981
"छत्तीसगढ़: रायपुर नगर निगम में 'कीचड़ कांड', बीजेपी के पार्षद ने मोहल्ले के नाले की गंदगी सदन में फैलाई link …",1,0,0.0031,0.0007,0.0019,False,False Negative (Missed Hate),0.9981
hii ramdi hai,1,0,0.0029,0.0008,0.0019,False,False Negative (Missed Hate),0.9981
ab bol m,1,0,0.0029,0.0012,0.002,False,False Negative (Missed Hate),0.998
last riddance,1,0,0.0031,0.001,0.002,False,False Negative (Missed Hate),0.998
the proof from,1,0,0.003,0.001,0.002,False,False Negative (Missed Hate),0.998
"#aimim chief says to the chair, 'aap referee hai, pls don't be part of the game .' #parliamentsession",1,0,0.0033,0.0007,0.002,False,False Negative (Missed Hate),0.998
will thank him social media,1,0,0.0033,0.0007,0.002,False,False Negative (Missed Hate),0.998
बिहार में धर्म खतरे में है जल्दी चलो सभी अंधभक्त link,1,0,0.003,0.0009,0.002,False,False Negative (Missed Hate),0.998
tumhari jitni pilai hogi utna hi achcha hai,1,0,0.0032,0.0008,0.002,False,False Negative (Missed Hate),0.998
shuld exist,1,0,0.0029,0.001,0.002,False,False Negative (Missed Hate),0.998
the tag what a slut carries the definition of something and which can clearly be defined as an expression of similar personal point of view of the individual who has written such a sentence last friday with explicit reference as or smirk,1,0,0.0033,0.0007,0.002,False,False Negative (Missed Hate),0.998
महाराष्ट्रातील देशद्रोह्यांना महाराष्ट्रातील नागरिक ओळखतात आणि महाराष्ट्राला पाकिस्तान म्हणून संबोधणा व्यक्तीचे समर्थन करतात,1,0,0.0029,0.0011,0.002,False,False Negative (Missed Hate),0.998
jaat,1,0,0.0032,0.0008,0.002,False,False Negative (Missed Hate),0.998
also karo is in japan,1,0,0.0029,0.001,0.002,False,False Negative (Missed Hate),0.998
abe jahil anbakhto sarkar to banne do pehle kuch b post kiya aankh band krke aajate us topic pe tipniya dene,1,0,0.0033,0.0007,0.002,False,False Negative (Missed Hate),0.998
dhruv rathi ki ma ki ch....,1,0,0.0029,0.001,0.002,False,False Negative (Missed Hate),0.998
ek laapa sahi se pad jaay na fir dubara galti nhi kregi ye,1,0,0.0029,0.0011,0.002,False,False Negative (Missed Hate),0.998
वेटर बहोत बदमाश है सबको परिसान करता है,1,0,0.0032,0.0009,0.002,False,False Negative (Missed Hate),0.998
ref,1,0,0.0033,0.0007,0.002,False,False Negative (Missed Hate),0.998
aap to pura family ko le.dube bhaiya ji ....but koe nhi hm sab aap ke sath h ....,1,0,0.003,0.001,0.002,False,False Negative (Missed Hate),0.998
friendly,1,0,0.0031,0.0011,0.0021,False,False Negative (Missed Hate),0.9979
क्या कोई बात सकता है ''भारत के टुकड़े टुकड़े करने वाला ठीक है ''??? #कन्हैया_कुमार #kanhaiyakumar #modiphirse #modiaagaya #tukdetukdegang #electionresults2019,1,0,0.0032,0.001,0.0021,False,False Negative (Missed Hate),0.9979
"कर्ज के कारण एक ही परिवार के चार सदस्यों ने फांसी लगाकर आत्महत्या कर ली, मृतक ममता सोनी, भरत सोनी, अजीत सोनी और यशवंत सोनी। क्या आप ऐसा नया भारत बनाना चाहते हैं? सरकार की गलत नीतियों के कारण लोग अपनी जान गंवा रहे हैं। link",1,0,0.0032,0.0011,0.0021,False,False Negative (Missed Hate),0.9979
kya sab kisan bhai kcsath aap yahi karegi??,1,0,0.0029,0.0013,0.0021,False,False Negative (Missed Hate),0.9979
nava pramane dokyat andharach aahe,1,0,0.0033,0.0009,0.0021,False,False Negative (Missed Hate),0.9979
victory for beaner,1,0,0.0031,0.0012,0.0021,False,False Negative (Missed Hate),0.9979
dalindar,1,0,0.0032,0.001,0.0021,False,False Negative (Missed Hate),0.9979
कभी खडा रहा है के साथ क्या कहते है अैसो से,1,0,0.0031,0.0012,0.0021,False,False Negative (Missed Hate),0.9979
look over ds theme precious stone maraud please,1,0,0.0034,0.0008,0.0021,False,False Negative (Missed Hate),0.9979
"dadhi wale baba gc hai, unko kuch samjhta nahi hai :p:p:ppura din bus bhagwa-bhagwa kiya karta hai :p:p:p",1,0,0.0036,0.0006,0.0021,False,False Negative (Missed Hate),0.9979
agha rade dhana padla tujaha radha tu radhi cha ahe,1,0,0.0032,0.0009,0.0021,False,False Negative (Missed Hate),0.9979
why did you get rights,1,0,0.003,0.0011,0.0021,False,False Negative (Missed Hate),0.9979
bhajiye,1,0,0.003,0.0012,0.0021,False,False Negative (Missed Hate),0.9979
बटाला ब्लास्ट वीडियो,1,0,0.0029,0.0013,0.0021,False,False Negative (Missed Hate),0.9979
above should stay at home,1,0,0.0037,0.0007,0.0022,False,False Negative (Missed Hate),0.9978
ladkiyon ko yehi to badhwa pasand aate he,1,0,0.0036,0.0008,0.0022,False,False Negative (Missed Hate),0.9978
beggar pussy india,1,0,0.0033,0.001,0.0022,False,False Negative (Missed Hate),0.9978
you are final on that point,1,0,0.0036,0.0009,0.0022,False,False Negative (Missed Hate),0.9978
morning sound great rain man,1,0,0.003,0.0015,0.0022,False,False Negative (Missed Hate),0.9978
this letterbox sitting in front of me is shit,1,0,0.0032,0.0012,0.0022,False,False Negative (Missed Hate),0.9978
codo codo,1,0,0.0029,0.0015,0.0022,False,False Negative (Missed Hate),0.9978
"राहत इंदौरी ने बोला #हिंदुस्तान किसी के बाप का थोड़ी है, तो खुश हो गए #कंगना ने बोला #मुम्बई किसी के बाप की नहीं, तो पिछवाड़े में जलन होने लगी #कुत्तों #kanganavssena link",1,0,0.0036,0.0007,0.0022,False,False Negative (Missed Hate),0.9978
this lmfaoo my loudly crying pretty face bitch,1,0,0.0032,0.0012,0.0022,False,False Negative (Missed Hate),0.9978
राहत इंदौरी ने बोला किसी के बाप का थोड़ी है तो खुश हो गए ने बोला किसी के बाप की नहीं तो पिछवाड़े में जलन होने लगी,1,0,0.0034,0.001,0.0022,False,False Negative (Missed Hate),0.9978
link बुद्ध नगरी है.. इस वीडियो में देखें हर जगह बुद्ध ही बुद्ध है। राम नाम कहीं नहीं मिल रहा है #postmortemoframmandir,1,0,0.0036,0.0008,0.0022,False,False Negative (Missed Hate),0.9978
tu la palt karun….. kel,1,0,0.003,0.0014,0.0022,False,False Negative (Missed Hate),0.9978
etc,1,0,0.0032,0.0013,0.0023,False,False Negative (Missed Hate),0.9977
मई तुम्हे थप्पड़ मार न चाहता हु,1,0,0.0032,0.0015,0.0023,False,False Negative (Missed Hate),0.9977
"11 पाकिस्तानी हिंदू विस्थापितों की मौत: isi का हाथ, इस्लाम कबूल करवाने की साजिश या लोकल माफिया? link",1,0,0.0031,0.0014,0.0023,False,False Negative (Missed Hate),0.9977
ara lwara mara,1,0,0.0034,0.0011,0.0023,False,False Negative (Missed Hate),0.9977
bahar bachha sulla ke rakha hai ko uttha le gaya toh,1,0,0.0029,0.0018,0.0023,False,False Negative (Missed Hate),0.9977
no n goers welcome at my party,1,0,0.003,0.0017,0.0023,False,False Negative (Missed Hate),0.9977
ajd office jumanji award probate objaviti award new judge position vilest of bar probate,1,0,0.0036,0.001,0.0023,False,False Negative (Missed Hate),0.9977
aadmi sarif h varna japat khati,1,0,0.0041,0.0007,0.0024,False,False Negative (Missed Hate),0.9976
this how it is done rrigan on the record harrigan reporting acc on the record sho ws new,1,0,0.0041,0.0006,0.0024,False,False Negative (Missed Hate),0.9976
enke behen ke chuuuu,1,0,0.0037,0.0012,0.0024,False,False Negative (Missed Hate),0.9976
neech,1,0,0.0029,0.0019,0.0024,False,False Negative (Missed Hate),0.9976
gali gali halla h sudhir chaudhary dallla h,1,0,0.0029,0.0019,0.0024,False,False Negative (Missed Hate),0.9976
जिसको शोहरत मुंबई ने दी जिसको इज्जत मुंबई ने दी जिसको पहचान मुंबई ने दी वह मुंबई को पाकिस्तान कह रही है कल अपनी माँ से ठन गई तो अपनी मां पर भी पाकिस्तानी होने का आरोप लगा सकती है जी चा कसे आहे गाढ़वाला गुलाची काय चव अस आहे कंगवीचा,1,0,0.003,0.0019,0.0024,False,False Negative (Missed Hate),0.9976
vijay shankar को टीम से नहीं निकाला तो वो टीम को टूर्नामेंट से ही निकलवा देगा #indvswi,1,0,0.0037,0.001,0.0024,False,False Negative (Missed Hate),0.9976
"jai bhim. namah shivaya . people will have to go out in the scorching heat and vote for bjp for the sake of progressive and a safe bharat if not for themselves then at least for their family's and children's good future . bharat mata ki jai. jai hind.. always vote for bjp for the progress and benefit of bharat .indian economy progressed a lot in bjp rule. india's forex reserves has reached $600bn. indian military has become a lot stronger in bjp rule, india has become world's 5th largest economy defeating it's colonisers england and france. india successfully completed it's chandrayan 3 mission. bjp abolished the article 370 and made kashmir integral part of bharat. terrorist attack are at an all time low. bharat is hosting g20 meeting for the first time in world history. indian military is at a strong position against china and pakistan. as long as bjp is in power in centre, bharat will be safe from its enemies not only outside of the country but also inside the country and our bharat will keep on progressing. and decisions which are good for the country will always be taken because economy and security of the country are always changing, so whatever decision is in the best interest of the country will be taken. some decisions may be wrong and some decisions may be right, but bjp is not like those pseudo seculars and liberal english party congress or those stupid leftists cpim. aap party is a party of leeches who will even sell the country to stay in power. the i.n.d.i.a alliance is a joke.the frustrated corrupt political parties have lost all hope of winning elections against bjp so they have formed the i.n.d.i.a alliance to together loot the country as much as they can, so never vote for any party associated with i.n.d.i.a alliance. bjp is a party whose ideology and work is totally invested for the benefit of bharat and bjp is slowly trying to eradicate caste system differences. more power to bjp. har har mahadev ....",1,0,0.004,0.0008,0.0024,False,False Negative (Missed Hate),0.9976
userpchs and is code name from d code,1,0,0.0039,0.0009,0.0024,False,False Negative (Missed Hate),0.9976
"""अल्लाह के घर देर है अंधेर नही"" रंजन गोगोई #corona positive",1,0,0.0035,0.0013,0.0024,False,False Negative (Missed Hate),0.9976
to ask what subsection you were referring to,1,0,0.0032,0.0016,0.0024,False,False Negative (Missed Hate),0.9976
tu kiti javadi ahe mahit ahe,1,0,0.0037,0.0011,0.0024,False,False Negative (Missed Hate),0.9976
"अनपढ़ मेरे #गाँव का, #गाय चराबन जाए। पढ़ा-लिखा तेरे #शहर का, #कुत्ते को टहलाये। link …",1,0,0.0036,0.0013,0.0024,False,False Negative (Missed Hate),0.9976
kongres sutiya,1,0,0.0033,0.0017,0.0025,False,False Negative (Missed Hate),0.9975
भाई भाई कितना बकचोद मैच चल रहा हैं,1,0,0.0037,0.0012,0.0025,False,False Negative (Missed Hate),0.9975
help this historian now thinks that sanhedrin is closer to natural karma than to each he is also seeing a fusion of each and natural karma since both oppose the state i tried to clarify it giving some examples of the thought of no kidding and each without naming either and what is his conclusion the press releases of the sanhedrin so far are more like nk please please try to explain to him that i am right how do you explain jewish politics to somebody with the brain of a fish talk,1,0,0.0037,0.0014,0.0025,False,False Negative (Missed Hate),0.9975
awww raise cache i sarah she is holding his finger loudly crying face smiling face with heart eyeshugging face,1,0,0.0034,0.0016,0.0025,False,False Negative (Missed Hate),0.9975
and stop writing to be a crybaby you probably messed the article with the wrong information fix it this topic is bolivia not brazil,1,0,0.0033,0.0016,0.0025,False,False Negative (Missed Hate),0.9975
ran...........................,1,0,0.0037,0.0013,0.0025,False,False Negative (Missed Hate),0.9975
not applicable jim is ti drama,1,0,0.0031,0.0019,0.0025,False,False Negative (Missed Hate),0.9975
jitke ram bhakt ahe t na aplya hindu mdhe tevde tujha senet pn nasnar hepre tya may chi pudi......,1,0,0.0031,0.0022,0.0026,False,False Negative (Missed Hate),0.9974
ma thank you is material so,1,0,0.0043,0.001,0.0026,False,False Negative (Missed Hate),0.9974
is neither more historically correct nor more professional scholars routinely use the term you cite the encyclopedia britannia as evidence of your claim but in fact the encyclopedia britannica uses nazi an order of magnitude more often than national socialism in the online version of the encyclopedia there are references to nazi and only references to and in the title of the entry for they write called nazism or your claim that use of the term is amateurish is a slur on the overwhelming majority of scholars who often use the term the claim that is a lie and correct is inconsistent with the fact that the two phrases are synonymous and while it is true that can be used as an epithet so can do you also recommend that wikipedia refrain from using it means cool a k a b describe dogs it is interesting that you use liner as support for your argument the further passage that you link it is the explanation by liner as to why he will use the term rather than defend his book i fail to see why this is evidence that wikipedia should feel the opposite i am curious about my statement that use of the term nazi arises from a deeper intent by political opponents to give a skewed view of their politics what part of nazi politics did you feel has been skewed by their political opponents,1,0,0.0035,0.0016,0.0026,False,False Negative (Missed Hate),0.9974
sada ate naiad bean,1,0,0.0029,0.0024,0.0026,False,False Negative (Missed Hate),0.9974
i will vandalize your page,1,0,0.0035,0.0016,0.0026,False,False Negative (Missed Hate),0.9974
did not believe that hype,1,0,0.0034,0.0019,0.0026,False,False Negative (Missed Hate),0.9974
vahiyaat,1,0,0.0031,0.0022,0.0026,False,False Negative (Missed Hate),0.9974
"कुरान में वंदेमातरम बोलना नहीं लिखा है चलो ठीक है तो कुरान में इलेक्शन लड़ना, mp बनना कहां लिखा है?",1,0,0.0035,0.0016,0.0026,False,False Negative (Missed Hate),0.9974
r india is exclusively dominated by liberals i feel better on r hinduism and r religion wink or smirk,1,0,0.0038,0.0015,0.0026,False,False Negative (Missed Hate),0.9974
vlatko male fire angel 2 applicable poseidon sopranos 1 bicarb 3 men,1,0,0.0045,0.0007,0.0026,False,False Negative (Missed Hate),0.9974
tumko. sodu,1,0,0.0031,0.0024,0.0027,False,False Negative (Missed Hate),0.9973
tu ratri kuthe kuthe firti lokana mahiti ahe. tujhi layki... zvdiii,1,0,0.0032,0.0021,0.0027,False,False Negative (Missed Hate),0.9973
isko hyderabad me nanga karvao,1,0,0.0029,0.0025,0.0027,False,False Negative (Missed Hate),0.9973
"किसी व्यक्ति को पेड़ से बांधकर ईंट-पत्थर, डंडों से मारो, अगर वो मर गया तो गलती उसके कमजोर 'दिल' की है। link",1,0,0.0048,0.0007,0.0027,False,False Negative (Missed Hate),0.9973
yar ap rape to pehle band karo os ky bad baat karna,1,0,0.0046,0.0007,0.0027,False,False Negative (Missed Hate),0.9973
if you do a search for with the name marks you will find those facts and also notice how intent some eds and ads at wiki are at eliminating and blocking all my contributions hence my web log titled from wikipedia do your homework before acting like another waikiki ok,1,0,0.0042,0.0013,0.0027,False,False Negative (Missed Hate),0.9973
"bhaiya, innke kaale chitthe ke panne kholenge ko inn ko nanga rehna padega!",1,0,0.0029,0.0025,0.0027,False,False Negative (Missed Hate),0.9973
khota,1,0,0.0038,0.0016,0.0027,False,False Negative (Missed Hate),0.9973
brokeback mountain what a slut a beautiful motion picture,1,0,0.0046,0.0009,0.0027,False,False Negative (Missed Hate),0.9973
nd fans be adjudicate,1,0,0.0035,0.0019,0.0027,False,False Negative (Missed Hate),0.9973
पब्जी वालो अब वो गेम तो बैन हो गई पर इधर लिबरलचमचो पे ढाय ढाय करते रहनादिल को सुकून और पुण्य दोनो साथ मे मिलेगा,1,0,0.003,0.0025,0.0027,False,False Negative (Missed Hate),0.9973
brand ambassador of mountain dew,1,0,0.0043,0.0013,0.0028,False,False Negative (Missed Hate),0.9972
i would like to ask the government that they have all the love for muslim women. why don't they have the same sentiment for hindu women of kerala?,1,0,0.0037,0.0019,0.0028,False,False Negative (Missed Hate),0.9972
you currently appear to be engaged in an edit war according to the reverts you have made on srebrenica massacre users who edit disruptively or refuse to collaborate with others be blocked if they continue in particular the three revert rule states that making more than three reversions on a single page within a hour period is almost always grounds for an immediate block if you find yourself in an editing dispute use the talk page to discuss controversial changes work towards wording and content that gains consensus among editors if unsuccessful then do not edit war even if you believe you are right post a request for help at an appropriate noticeboard or seek dispute resolution in some cases it be appropriate to request temporary page protection if edit warring continues you be blocked from editing without further notice please do not attack other editors as you did at srebrenica massacre comment on content not on contributors personal attacks damage the community and deter users please stay cool and keep this in mind while editing thank you talk you first piss off a user and then pretend to advise that user on how detrimental being pissed off is wow i am so pissed i am so i am soon fuck off pig now that what a slut quite polite of me you got to admit it or what a slut it is not good enough for sophisticated ears of an average warmongering anglo serb freemason who thinks everyone is buying his bullshit laughing out loud,1,0,0.0038,0.0017,0.0028,False,False Negative (Missed Hate),0.9972
koi isko marwa do yaar,1,0,0.0048,0.0008,0.0028,False,False Negative (Missed Hate),0.9972
no too bad for you i am going to go spread misinformation and falsehood by vandalizing more wikipedia pages,1,0,0.0033,0.0023,0.0028,False,False Negative (Missed Hate),0.9972
कृपया आवश्यक वैधानिक कार्यवाही करें।,1,0,0.0037,0.0019,0.0028,False,False Negative (Missed Hate),0.9972
साल की उम्र पार कर चुके बिहार पुलिस के जवानों के कामकाज की होगी समीक्षा विभाग ने जारी किया आदेश रिपोर्टः,1,0,0.0035,0.0021,0.0028,False,False Negative (Missed Hate),0.9972
औलादों को जब धर्म का कीड़ा खा जाऐ तो बुजुर्गो को मैदान में उतरना पड़ता है।। #किसान_आंदोलन #हम_किसान_के_साथ_है #17सितम्बर_राष्ट्रीय_बेरोजगार_दिवस link,1,0,0.0047,0.0008,0.0028,False,False Negative (Missed Hate),0.9972
do you need some soda in your car on call bot soccer match homeboy match utc,1,0,0.0048,0.0007,0.0028,False,False Negative (Missed Hate),0.9972
do nothing + dar ki maa ki cutuu = this khatron ke khiladi,1,0,0.0029,0.0027,0.0028,False,False Negative (Missed Hate),0.9972
stop crying i cannot be ashamed of your official formal name is fyrom but i is on the chart on propaganda and misrepresentation of history,1,0,0.0037,0.002,0.0028,False,False Negative (Missed Hate),0.9972
"dhruv rathee abhi tak aapne keval , modi ke bayan ko sab ke samne rakha , good lekin aapne ne kon sa sahi bayan diya hai, maine ek nahi kai vedio dekhi , jisme aap galt fact dikha kar logo ko gumrah kar rahe hai, aap apna khud se majak mana rahe hai, aap ko lagta hai , koi bhi galt proof dikha kar logo ko phadka denge, aap se bhi veer log pade hai india me, aap jo dikhao sach dikhao , chhut kyo",1,0,0.0045,0.001,0.0028,False,False Negative (Missed Hate),0.9972
hi dandevali distey,1,0,0.0029,0.0027,0.0028,False,False Negative (Missed Hate),0.9972
"दिल्ली की कई जगहों में सीवर वाला गंदा पानी आ रहा है, केजरीवाल जनता को बताएँ कि उन्होंने इस पर क्या क़दम उठाया- श्री",1,0,0.0047,0.0009,0.0028,False,False Negative (Missed Hate),0.9972
एनसीबी ऑफिस पहुंची रिया चक्रवर्ती,1,0,0.0029,0.0028,0.0029,False,False Negative (Missed Hate),0.9971
चांदनी चौक बना जम्मू कश्मीर चांदनी चौक में पत्थरबाजों की पत्थरबाजी #चांदनी चौक #दिल्ली #पत्थरबाज,1,0,0.0031,0.0027,0.0029,False,False Negative (Missed Hate),0.9971
i am all disabled youtube,1,0,0.004,0.0019,0.0029,False,False Negative (Missed Hate),0.9971
tu kshla video bnvun shivya dyachya mg ganya mde murkha ata bs bomlat,1,0,0.0044,0.0014,0.0029,False,False Negative (Missed Hate),0.9971
damn the art what is it with all these wiki admins and them not well able who follow rules and policies such as the laws and rules pertaining for vandalism if anyone knows how i can get in touch directly with senior admins i would greatly appreciate it as some admins just throw their owns rules up on this spot while disobeying wikipedia rules and effectively slamming ban hammers and nails i am not talking about all admins but it was talking about quite a few admins,1,0,0.0035,0.0023,0.0029,False,False Negative (Missed Hate),0.9971
do not mess with my page at all,1,0,0.0037,0.002,0.0029,False,False Negative (Missed Hate),0.9971
mountain dew brand ambassador,1,0,0.0049,0.0012,0.003,False,False Negative (Missed Hate),0.997
roeselare as it is so wrong and is wrong in the left,1,0,0.0038,0.0023,0.003,False,False Negative (Missed Hate),0.997
yachi charbi sagli baher kadhli pahije. changla hanla pahije,1,0,0.003,0.003,0.003,False,False Negative (Missed Hate),0.997
bet me glad you did not possess the balls to learn their real abilities but look like such a sweet ass now with vigilant bonuses on multiplayer link,1,0,0.0045,0.0015,0.003,False,False Negative (Missed Hate),0.997
suspects it later charged one of the fear of the police if and what a slut a different county that would as happened check previous videos by projects vandal drive keeps on reverting death fan encouraged readers correct this bio but not remove facts,1,0,0.0046,0.0014,0.003,False,False Negative (Missed Hate),0.997
but not be advised to adopt,1,0,0.0035,0.0026,0.003,False,False Negative (Missed Hate),0.997
holy christ edits taking up life red,1,0,0.0048,0.0012,0.003,False,False Negative (Missed Hate),0.997
while academic system i classes are of marxist invention the red bolsheviks are using this to render our people in older words divide each imperf,1,0,0.0046,0.0014,0.003,False,False Negative (Missed Hate),0.997
ila dalindar la rastyavar jalun taka lagte,1,0,0.0029,0.0032,0.003,False,False Negative (Missed Hate),0.997
haathi,1,0,0.0044,0.0016,0.003,False,False Negative (Missed Hate),0.997
बाग में धरने पर बैठी महिलाएं गर्भवती हुई ये सब धरने पर बैठी थी या आबादी बढ़ाओ मुहिम पर,1,0,0.003,0.0031,0.003,False,False Negative (Missed Hate),0.997
rt : भारत को पाकिस्तान कहा था तो अब दर्द क्यों..? लो बना दिया पाकिस्तान,1,0,0.0031,0.0031,0.0031,False,False Negative (Missed Hate),0.9969
harvard...,1,0,0.0032,0.003,0.0031,False,False Negative (Missed Hate),0.9969
reply fruity pebbles hello michael i see you got the fruity pebbles page going with mainly incessant teasing and complaining unfortunately now the comment regarding nick reynolds and his fruity pebbles fan club can not be added this is very sad perhaps you can kiss her butt and get it off eh you know sound makes sense preceding unsigned comment added by talk cont ribs,1,0,0.0039,0.0024,0.0031,False,False Negative (Missed Hate),0.9969
love you work,1,0,0.0031,0.0031,0.0031,False,False Negative (Missed Hate),0.9969
दिल्ली में आयुष्मान भारत योजना को रोक कर मुख्यमंत्री केजरीवाल ने दिल्ली की जनता के साथ बहुत बड़ा विश्वासघात किया है - श्री,1,0,0.0054,0.0007,0.0031,False,False Negative (Missed Hate),0.9969
good thinking,1,0,0.003,0.0032,0.0031,False,False Negative (Missed Hate),0.9969
"you are too prosiac, as well, grammar nazi. baat karni mujhe mushkil kabhi aisi toh na thi.",1,0,0.0033,0.003,0.0031,False,False Negative (Missed Hate),0.9969
राफ़ेल ख़रीदा तो गाजे बाजे के साथ स्वागत हुआ ।तमाम सरकारी सम्पत्ति बिक रही हैं तो उसका क्या जाना चाहिए,1,0,0.0032,0.0031,0.0032,False,False Negative (Missed Hate),0.9968
कितना खून बहाए गा हर बूंद का हिसाब होगा,1,0,0.0036,0.0027,0.0032,False,False Negative (Missed Hate),0.9968
chaarpai,1,0,0.0035,0.0028,0.0032,False,False Negative (Missed Hate),0.9968
assume there are the next part of the book yes the wrc by what little slut is in bite me,1,0,0.0044,0.002,0.0032,False,False Negative (Missed Hate),0.9968
regarding your threat to me please stop deliberately misconstruing policy i have studied it quite thoroughly after earlier disagreements i have had i consider your threats to me to be uncivil behavior,1,0,0.0043,0.0022,0.0033,False,False Negative (Missed Hate),0.9967
it is called welfare earl,1,0,0.003,0.0035,0.0033,False,False Negative (Missed Hate),0.9967
laughing out loud fred now why on earth would i want to appear unblocked please ban me permanently this site is enough farce i gave objective reasons and and did so without a hidden attack this is how you silence people everyone good fred you control knowledge but it will all last long knol is on the horizon and the founders have seen this worthy replacement the days of your ability to silence people and mask bias as npov and control these opposing viewpoints are short lived now please make the name permanent,1,0,0.0041,0.0025,0.0033,False,False Negative (Missed Hate),0.9967
this i g g e are in town tried to talk to me i what a slut having none of it,1,0,0.005,0.0016,0.0033,False,False Negative (Missed Hate),0.9967
sadly you are not wrong,1,0,0.0044,0.0023,0.0033,False,False Negative (Missed Hate),0.9967
i think there is a strict set of pronouns for any gender people of each gender must all have different pronouns and that is it,1,0,0.0035,0.003,0.0033,False,False Negative (Missed Hate),0.9967
gode,1,0,0.003,0.0035,0.0033,False,False Negative (Missed Hate),0.9967
दिल्ली में टैंकर माफिया का बोलबाल हो गया है और दिल्ली सरकार से उनकी मिलीभगत साफ तौर पर नजर आती है क्योंकि केजरीवाल उनके खिलाफ कोई कार्यवाही नहीं कर रहे हैं- श्री,1,0,0.0045,0.0022,0.0034,False,False Negative (Missed Hate),0.9966
still waiting on a guy for someone to tell you about ballad maybe some genre that don't remember you got one favorite in skank where by my deathwatch,1,0,0.0046,0.0022,0.0034,False,False Negative (Missed Hate),0.9966
"#साहेब भी कमाल करते हैं, गाँधी की प्रतिमा पर भी दण्डवत लेट जाते हैं और गोड्से के साथी व अंग्रेजी हुकूमत के गुलाम #savarkar को वीर भी कहते हैं स्टैण्ड क्लियर कीजिए, दबी ज़बान से क्या इधर उधर! खुल के कहिए गोड्से या गाँधी",1,0,0.0039,0.0029,0.0034,False,False Negative (Missed Hate),0.9966
what a busy week,1,0,0.0037,0.0031,0.0034,False,False Negative (Missed Hate),0.9966
"godi media, shameless",1,0,0.0051,0.002,0.0035,False,False Negative (Missed Hate),0.9965
hello with you two already a bitch,1,0,0.0053,0.0017,0.0035,False,False Negative (Missed Hate),0.9965
भारत में मच गई हाहाकार रोटी के लिए ताली बजा रहे हैं युवा भारत की हालात लीबिया सीरिया तालिबान से भी बदतर हालात link,1,0,0.0039,0.0032,0.0036,False,False Negative (Missed Hate),0.9964
इसको तो पहले 20 जूते सर पर मारो और इसके बाद इस पर कार्रवाई करो पागल साला,1,0,0.003,0.0043,0.0036,False,False Negative (Missed Hate),0.9964
check my channel guys please check out my channel and watch at least one of my videos pleaseeeeeee guys i am sure you will like guys check out my channel please just watch one of my music views and i promise you will like guys please check out my channel i can promise you will not be disappointed guys please... check out my channel say i have something to do with this my song wink or smirk come on guys jhhahahahahahahaa check out my channel check out my channel check out my check out my channel check out on my channel no need to subscribe or like check out my channel everything is free check out my channel check out my channel free infections check out my channel free infections check out my little channel check out my pause at zero true love what do they know he says the same thing over and again thumbs up if you re listening to this in what the fuck is wrong with the u your mad you live in your garage you re amazing you re a disgrace to sound you fat pig please put a bullet through your head you are so goddamn fat please shut the fuck up stop making youtube videos you your fat pig red head vagina pussy fat bitch you re a fat ginger with no soul this video is in such poor taste but not funny not funny at all i am sure the lady with ms who cannot leave her house and who had to throw out her medicine will find it fucking hilarious,1,0,0.0036,0.0036,0.0036,False,False Negative (Missed Hate),0.9964
you messed up the collegehumor i do not know if it what a slut an accident or intentional but be careful do not mess stuff up like that,1,0,0.004,0.0033,0.0036,False,False Negative (Missed Hate),0.9964
i do not agree with abortion the only instance that it is permissible is when a female has been are by a grid,1,0,0.0043,0.0032,0.0037,False,False Negative (Missed Hate),0.9963
brand ambassador 5 star and mountain dew,1,0,0.0064,0.001,0.0037,False,False Negative (Missed Hate),0.9963
and why does those words have to with you notes issued prior to the greenback were legal tender do you know what year the first bank of the us what a note shut down do you know when a demand note meant or are you ignorant of basic financial terms how about do you know what a treasure note is is a treasury note legal tender do you know when federal deposit notes first became legal deposit or are you ignorant of that as well frankly if you don't know any of his above you should get lost until you do you not become aware of it but your ignorance on this subject is huge,1,0,0.0048,0.0025,0.0037,False,False Negative (Missed Hate),0.9963
sabhi log tere jaise chuitiye nhi hote aur unke liye education matlab sakha terror training camp nhi hain.ok,1,0,0.003,0.0045,0.0037,False,False Negative (Missed Hate),0.9963
i started moving to that other world pretty fast and that one is perfect for doing a bridal analysis,1,0,0.0036,0.0039,0.0037,False,False Negative (Missed Hate),0.9963
अनुच्छेद की समाप्ति के बाद नया लद्दाख।,1,0,0.0049,0.0025,0.0037,False,False Negative (Missed Hate),0.9963
city departments as of minutes ago sturgeon street fire department responded to the holiday motel right at the east end of the downtown bridge get closer they have pumpers mini pumper tanker ladder truck for rescue truck from the city as well light pumper mini pumper and rescue from the southern door fire company which they got only started as of this writing to try and put it out even then there are only people actively fighting a fire the rest are just standing around watching what the f when did the fire department turn wimps and why are the citizens paying for all these firefighters when they are not doing anything will fast track the locals and get them up on the you always have other your group by should anyone care to see them,1,0,0.0052,0.0022,0.0037,False,False Negative (Missed Hate),0.9963
rebeca beans makes love eggs,1,0,0.0056,0.0021,0.0038,False,False Negative (Missed Hate),0.9962
marwa la mara sa,1,0,0.005,0.0026,0.0038,False,False Negative (Missed Hate),0.9962
and you are a mormon as well so this moronic vandalism has no end at all mormons do not only start but also sustain the attacks what gives you the right to revert edits from wikipedia without previous knowledge of the matter for your knowledge i alerted the board of wikipedia days ago sophie,1,0,0.0052,0.0024,0.0038,False,False Negative (Missed Hate),0.9962
khup ghan shivya yetat mala pn amchyavr ase sanskar nahi kele pn shree ram baddal koni bhangar bhunagar bolol na tith yeun gharat ghusun maru # हिजड्या ची औलाद सुष्मा,1,0,0.004,0.0037,0.0038,False,False Negative (Missed Hate),0.9962
which is why well played is a waste of time if editors and readers are not allowed to use ordinary powers of inference what is some point of having the call to put it another where are you an onus is or should be on you to justify that a citation are needed the ease with which any editor can slap random tags on random statements and the simplicity of rolling them all two one for the worst of wp,1,0,0.0051,0.0024,0.0038,False,False Negative (Missed Hate),0.9962
tu hai kon bay rendi ki aulat,1,0,0.007,0.0006,0.0038,False,False Negative (Missed Hate),0.9962
ready to go right home looking t n span,1,0,0.0034,0.0041,0.0038,False,False Negative (Missed Hate),0.9962
o̺ c̺h̺u̺t̺i̺y̺o̺n̺ c̺o̺n̺g̺r̺e̺s̺s̺ k̺i̺ s̺a̺r̺k̺a̺r̺ k̺b̺ b̺a̺n̺i̺,1,0,0.0031,0.0046,0.0038,False,False Negative (Missed Hate),0.9962
brand ambassador,1,0,0.0039,0.0038,0.0039,False,False Negative (Missed Hate),0.9961
ऐ दिल है मुशकिल जीना यहाँ ज़रा हट के ज़रा बच के ये है बॉम्बे मेरी जाँ,1,0,0.006,0.0018,0.0039,False,False Negative (Missed Hate),0.9961
d rather compromise see the article cut see writers more adept and knowledgeable than i contribute i do not know who you are and where exactly you have found yourself in this discussion are you stoned you seem stoned,1,0,0.0033,0.0044,0.0039,False,False Negative (Missed Hate),0.9961
#जगपड़ी है अगर #प्रग्या #प्रग्या को निश्चित #जितायें कहे #हिन्दू को #आतंकवादी ऐसे #नीच को मार #भगायें । link …,1,0,0.0061,0.0017,0.0039,False,False Negative (Missed Hate),0.9961
राहुल गाँधी को राष्ट्रीय मुर्ख घोषित करना चाहिए सहमत हो भाइयो,1,0,0.003,0.0047,0.0039,False,False Negative (Missed Hate),0.9961
juan williams just called diamond and silk a minstrel show you know what to do,1,0,0.0055,0.0022,0.0039,False,False Negative (Missed Hate),0.9961
to me je grief,1,0,0.0033,0.0044,0.0039,False,False Negative (Missed Hate),0.9961
i did just that in the previous version solzhenitsyn etc you commie rascal but you removed them all when you edited this page well i put em back again myself and do not you dare touch any sourced statement in this article or you will pay the price,1,0,0.0059,0.0018,0.0039,False,False Negative (Missed Hate),0.9961
"पुलवामा के शहीदों के नाम पर वोट मांगे अब बिहार के 200 बच्चों की मौत पर भी वोट मांगना,,",1,0,0.0037,0.0042,0.0039,False,False Negative (Missed Hate),0.9961
always not trying to wear just the leather pants just in case the family getbackinthekitchen,1,0,0.0037,0.0042,0.0039,False,False Negative (Missed Hate),0.9961
gand me dum hi to india me karke dikhaye,0,1,0.9944,0.9975,0.996,False,False Positive (Hallucination),0.996
good saturday morning bud water and breakfast marijuana unleashed looking at your ibooks,1,0,0.0061,0.0019,0.004,False,False Negative (Missed Hate),0.996
because you met this fat bitch,1,0,0.0052,0.0027,0.004,False,False Negative (Missed Hate),0.996
here is not good quality with others they can be associated,1,0,0.005,0.0031,0.004,False,False Negative (Missed Hate),0.996
continuing to commit campaign crime for the,1,0,0.0069,0.001,0.004,False,False Negative (Missed Hate),0.996
आप ठीक से चौकेदारी नही कर पा रहे आपके द्वारा up के 31000 अनुदेशको को 17000 मानदेय दिया गया जिसे योगी सरकार 2 साल से दबा के बैठी है कैसी चौकेदारी है ठीक से करिये योगी सरकार ने ये ठान लिया है आपको चुनाव हरा देगी ठीक से करिये चौकेदारी #अनुदेशक_मानदेय_17000 #अनुदेशक_मानदेय_17000,1,0,0.0054,0.0028,0.0041,False,False Negative (Missed Hate),0.9959
"हम कहते थे ना.... पुलिस के जवान भी संविधान बचाने के लिए हमारे साथ हैं , सिवाए rss आतंकियों के",1,0,0.0042,0.004,0.0041,False,False Negative (Missed Hate),0.9959
va be. vashi gana hai sale,0,1,0.9944,0.9974,0.9959,False,False Positive (Hallucination),0.9959
राजस्थान में परीक्षा केंद्रों पर से संबंधित नियमों और सुरक्षित दूरी का पालन करने के लिए विस्तृत व्यवस्था की गई है।,1,0,0.0066,0.0017,0.0041,False,False Negative (Missed Hate),0.9959
wo ek phle ki lady ka video dekhkr khud ko sher smjh rhi hain ek lappad main chuha bn jayegi,1,0,0.0065,0.0016,0.0041,False,False Negative (Missed Hate),0.9959
randi tri khush karte,0,1,0.9944,0.9974,0.9959,False,False Positive (Hallucination),0.9959
shushma andhare rand,0,1,0.9944,0.9975,0.9959,False,False Positive (Hallucination),0.9959
oh you are as serious as a heart attack,1,0,0.0053,0.003,0.0041,False,False Negative (Missed Hate),0.9959
alla hu akabar hila do ekbar,0,1,0.9944,0.9974,0.9959,False,False Positive (Hallucination),0.9959
mam ki gand,0,1,0.9944,0.9974,0.9959,False,False Positive (Hallucination),0.9959
mulle ma der ch od hi rahenge aadhe gaye nahi 1947 me to aadha pakistani or bangladeshi jamin vapish lo or inko nikalo,0,1,0.9944,0.9973,0.9959,False,False Positive (Hallucination),0.9959
sale tume to me kuta bana kar nali chat bauga,0,1,0.9944,0.9974,0.9959,False,False Positive (Hallucination),0.9959
ken clarke doing his best impression of michael pain after being soaked in brandy for thirty years toryleadeshipcontest michaelgove borisjohnsonshouldnotbepm,1,0,0.0048,0.0035,0.0041,False,False Negative (Missed Hate),0.9959
kutryachi lendi bhikari sali,0,1,0.9944,0.9974,0.9959,False,False Positive (Hallucination),0.9959
hijde ho,0,1,0.9944,0.9973,0.9959,False,False Positive (Hallucination),0.9959
joon,1,0,0.0032,0.0053,0.0042,False,False Negative (Missed Hate),0.9958
sami peter,1,0,0.0032,0.0052,0.0042,False,False Negative (Missed Hate),0.9958
backchod hai ye isko khana hajam nhi hota jhoot bole bina,0,1,0.9944,0.9973,0.9958,False,False Positive (Hallucination),0.9958
हम नाइ अपने हक्क के लिए लड़ते रहेंगे,1,0,0.0044,0.0039,0.0042,False,False Negative (Missed Hate),0.9958
tujhe kyun phat rahii sale,0,1,0.9944,0.9972,0.9958,False,False Positive (Hallucination),0.9958
unity am not say that sin city is bad just if rodriguez answer not lease full credit then i am not pass him full citation,1,0,0.007,0.0014,0.0042,False,False Negative (Missed Hate),0.9958
kuchh nhi dega feku sala,0,1,0.9944,0.9973,0.9958,False,False Positive (Hallucination),0.9958
here does refresh these stories to the top colleges to which i graduate from overseas very seldom lose any tweets i want to read,1,0,0.0047,0.0038,0.0042,False,False Negative (Missed Hate),0.9958
1994 me to jharkhand tha hi nhi chutiya,0,1,0.9944,0.9972,0.9958,False,False Positive (Hallucination),0.9958
yehi hona chahiye tere saath chutiya,0,1,0.9944,0.9972,0.9958,False,False Positive (Hallucination),0.9958
isko kehte hai behen chod,0,1,0.9944,0.9973,0.9958,False,False Positive (Hallucination),0.9958
dhruv rathi chutiya,0,1,0.9944,0.9973,0.9958,False,False Positive (Hallucination),0.9958
use condom saved earth,0,1,0.9943,0.9974,0.9958,False,False Positive (Hallucination),0.9958
kashala tuzi aai ghatli mg lavdya,0,1,0.9944,0.9972,0.9958,False,False Positive (Hallucination),0.9958
condom people are crying,0,1,0.9942,0.9974,0.9958,False,False Positive (Hallucination),0.9958
gand jali h बरनोल ले ले,0,1,0.9944,0.9973,0.9958,False,False Positive (Hallucination),0.9958
kya re भिकमंगीया ab kya hua tere ko sale,0,1,0.9943,0.9972,0.9958,False,False Positive (Hallucination),0.9958
abe chup kar chutiya,0,1,0.9944,0.9972,0.9958,False,False Positive (Hallucination),0.9958
d teri maki,0,1,0.9943,0.9972,0.9958,False,False Positive (Hallucination),0.9958
retweet column in questions emmasulkowicz coverage in view of my piece,1,0,0.0044,0.004,0.0042,False,False Negative (Missed Hate),0.9958
मस्जिदों को खाली कराया तो मैदान में उतर जाएंगे। - मौलाना,1,0,0.0044,0.0039,0.0042,False,False Negative (Missed Hate),0.9958
you are master of your mind man most all those links there had everything i do with dcc which is the reason some were dcc himself and others were dcc some engines is their last attempt at control and punishment the trolls here at wiki don't like my changes so i will remove you expect to get respect doing anything like this just so you know i will be reporting your abuse of position,1,0,0.0061,0.0026,0.0043,False,False Negative (Missed Hate),0.9957
german shepherd mc dalla,0,1,0.9944,0.997,0.9957,False,False Positive (Hallucination),0.9957
कॉल मी मैं अभी फ्री हूँ,1,0,0.0029,0.0057,0.0043,False,False Negative (Missed Hate),0.9957
hey you bitch when they deleted my page i cried in my last year you cry,1,0,0.0056,0.003,0.0043,False,False Negative (Missed Hate),0.9957
ye ripoter mila hua saala,0,1,0.9943,0.997,0.9957,False,False Positive (Hallucination),0.9957
benchod,0,1,0.9943,0.9972,0.9957,False,False Positive (Hallucination),0.9957
forgot because,1,0,0.0041,0.0044,0.0043,False,False Negative (Missed Hate),0.9957
bjp ki dalal,0,1,0.9943,0.9972,0.9957,False,False Positive (Hallucination),0.9957
rahul gandhi chutiya,0,1,0.9944,0.997,0.9957,False,False Positive (Hallucination),0.9957
tuzya mulilaa zavo .....randi ahe tu,0,1,0.9939,0.9974,0.9957,False,False Positive (Hallucination),0.9957
chitia rathi unpadh gawar,0,1,0.9942,0.9973,0.9957,False,False Positive (Hallucination),0.9957
एक बार फिर से धन्यवाद शुक्रिया..इतना प्यार देने के लिए 3 महीने के इस लंबे सफर के बाद 9k #followers पूरे हो गए. मुझे follower पाने का कोई शौक नहीं लेकिन मैं चाहती हू मेरी बात ज़्यादा से ज्यादा लोगों के पास पहुंचे.. मेरा मिशन सिर्फ एक ही दलाल मीडिया को उसकी ओकत दिखाना,1,0,0.0041,0.0044,0.0043,False,False Negative (Missed Hate),0.9957
wah bhenchod,0,1,0.9941,0.9973,0.9957,False,False Positive (Hallucination),0.9957
penchod di galti aa bike walle di utto lun te charda,0,1,0.9941,0.9973,0.9957,False,False Positive (Hallucination),0.9957
मादरचोद ..... मुस्लिम भडुये काफिर बोल के तू अपनी जात पहले ही बता चुका हैं।,1,0,0.003,0.0057,0.0043,False,False Negative (Missed Hate),0.9957
mulla khatna,0,1,0.9939,0.9974,0.9957,False,False Positive (Hallucination),0.9957
pakao are certified cea 3 fuel octanes,1,0,0.007,0.0017,0.0043,False,False Negative (Missed Hate),0.9957
hila koni neta kele.........unfortunately she is of shivsena (uddhav gat),0,1,0.9944,0.9968,0.9956,False,False Positive (Hallucination),0.9956
big boss hi chutiyap hai...,0,1,0.9944,0.9968,0.9956,False,False Positive (Hallucination),0.9956
gaand heart faad video,0,1,0.9944,0.9968,0.9956,False,False Positive (Hallucination),0.9956
bike valiko maro,0,1,0.9944,0.9969,0.9956,False,False Positive (Hallucination),0.9956
उस जैसा बकचोद डांस करना तुम्हारे बस का नहीं है,1,0,0.005,0.0038,0.0044,False,False Negative (Missed Hate),0.9956
can you please get rid of holly he is so uneducated of sports wheb you have sportscasters who have been through the sport and are professional in their presentation he looks like a joke,1,0,0.0064,0.0023,0.0044,False,False Negative (Missed Hate),0.9956
"#kailashvijayvargiya :- तू है कौन ? तेरी औकात क्या है ? #whoareyou गोदी मीडिया का पत्रकार :- साहब मैं दलाल हूँ, आप लोगों के ही टुकडे पर पल रहा हूँ",1,0,0.0045,0.0043,0.0044,False,False Negative (Missed Hate),0.9956
bhai thnk you phele mai toilet mai jaker hagne se dar ta tha ab khule mai hagta hu,1,0,0.0029,0.0059,0.0044,False,False Negative (Missed Hate),0.9956
jiski ma chudni thi wo tho bacch gya kaise wo v bike hoke,0,1,0.9944,0.9967,0.9955,False,False Positive (Hallucination),0.9955
झुँड में सिर्फ तीन प्रजाति ही शिकार करते हैं.. 1- #कुत्ते 2- #हिजड़े 3- #भगवा_आतंकी,1,0,0.0075,0.0015,0.0045,False,False Negative (Missed Hate),0.9955
"sirf musalman aur dalit target horahe hain, aur yeh deliberate hai, aur inka sab ka link sangh parivar ki organisations se hain. aur bjp ko nahi dikhta ke kin logon ko mara ja raha hai: #aimim president barrister",1,0,0.0077,0.0013,0.0045,False,False Negative (Missed Hate),0.9955
"ye kasisi sacchai hai rss wale bomb banate hai aur media raafiya naaz ko lekar muslmano ke khilaf zaher ugalta hai kub tak aisa chalega,",1,0,0.0054,0.0035,0.0045,False,False Negative (Missed Hate),0.9955
"मैं प्रतीक सिंह s/o मुकुट सिंह निवासी चन्दौसी जिला सम्भल, यदि आने वाले कुछ दिनों में मेरी हत्या होती है , तो उसका जिम्मेदार 1. चुन्नीलाल s/o देवीराम hn- a 13,14 दीनदयाल नगर (साईं मंदिर के सामने)mda, मुरादाबाद, थाना-सिविल लाइन",1,0,0.0079,0.0011,0.0045,False,False Negative (Missed Hate),0.9955
राई से विधायक मोहन लाल बड़ौली ने कहा कि पर्यावरण संरक्षण के लिए पौधारोपण जरूरी है।,1,0,0.0056,0.0034,0.0045,False,False Negative (Missed Hate),0.9955
whatever are actually thinking of making this event a gathering for local antifa members and the resistance make your voices heard against drum pf water wavewater wave rainbow flag,1,0,0.0074,0.0016,0.0045,False,False Negative (Missed Hate),0.9955
their flag indiaflag day india team foul mouthed mouthed scum emerging from behind terroristnationpakistan is now suddenly silent watch indiavspakistan unite indo pak pakvsindia indiavspak usa pkk fathers day,1,0,0.0075,0.0015,0.0045,False,False Negative (Missed Hate),0.9955
"महाराज जी, 10 हज़ार कार्यकर्ता यदि आपके समर्थक हैं, तो गुना.....!! यदि चंद बचे समर्थकों को भी फोन लगाना पड़ रहा है तो और भी धिक्कार है !",1,0,0.0038,0.0052,0.0045,False,False Negative (Missed Hate),0.9955
aur kar rap chutiye,0,1,0.9941,0.997,0.9955,False,False Positive (Hallucination),0.9955
identifying specific snakes is great if descriptive term snakes are known to be trusted,1,0,0.0059,0.0034,0.0046,False,False Negative (Missed Hate),0.9954
bike bale ko do jute or marna tha sardar ji ...chapri rider,0,1,0.9943,0.9965,0.9954,False,False Positive (Hallucination),0.9954
15 वर्ष तक कांग्रेस के कुशासन ने भ्रष्टाचार के कई आयाम लिखें तो पिछले 53 महीने से दिल्ली में एक झूठ परोसने वाला सरकार का मुखिया है- श्री,1,0,0.0085,0.0008,0.0046,False,False Negative (Missed Hate),0.9954
mc,0,1,0.9941,0.9968,0.9954,False,False Positive (Hallucination),0.9954
nikal badweee,1,0,0.0086,0.0006,0.0046,False,False Negative (Missed Hate),0.9954
named the antifa,1,0,0.0052,0.0039,0.0046,False,False Negative (Missed Hate),0.9954
sutiye thand kam padi.. delhi rape capital hai abhi bhi,1,0,0.0065,0.0027,0.0046,False,False Negative (Missed Hate),0.9954
they are terrestrial mammals,1,0,0.0035,0.0057,0.0046,False,False Negative (Missed Hate),0.9954
mo ti tu ne you arvato,1,0,0.0061,0.003,0.0046,False,False Negative (Missed Hate),0.9954
zapazas mlad is a normal an dobro shut up nas odgojili the any mimo nikon,0,1,0.9944,0.9963,0.9953,False,False Positive (Hallucination),0.9953
nek radio knock out sta home ja osorio nepreferiram ljubakanje piss off alice be bird not applicable sensual orjentaciju opet keizer nerazumim jane zjacenje tko sam i sto sam i sto hoc i ja sam diskriminiran not applicable raze nadine overdose strange last drive i sheba ranch razumio,0,1,0.9944,0.9962,0.9953,False,False Positive (Hallucination),0.9953
allah hu akbar lulla hu akbar,0,1,0.9936,0.997,0.9953,False,False Positive (Hallucination),0.9953
the li sukarno razmisljas not applicable taj niacin her to vam je cij muslim the li you pivot sve take leads general no had keynes vi honda general no miles not applicable sve meni shut up momentary vista zeta onto uspu ali loud shut up mi jake zanimljivi on kobe any razumijem pokusavam ducati karo funkcionise cover ontarian predrasudama the li see drug samosa scotia the li maze sve drug,0,1,0.9944,0.9962,0.9953,False,False Positive (Hallucination),0.9953
arre mc,0,1,0.9938,0.9969,0.9953,False,False Positive (Hallucination),0.9953
do not be pathetic i do not take anti polish views and do not make anti polish edits unless of course you consider deleting polish point of view as making anti polish edits provide evidence if you believe it is not so also i be by far not the only one to react to your behavior here you ask me about my nationality i will not tell you as i believe nationality does not matter on wikipedia however wayward to you i am not at the same time a self declared czech when talking to editors with czech ancestry a european since the beginning of this calendar year and a pole whose grandfather what a slut active in preparations of the polish line of work of zombie when talking to your fellow polish editors if you talk about your achievements why do you not observe that you were several times blocked once even by jimbo wales for personal attacks or incivility why do you keep quiet about being developed because of bad behavior in a dispute relating to ethnic issues in congress to the latest edits in caisson and pesky resin the austrian census of do you still believe there were no czechs in town or did you at that time it make up not a point of view pushing from my side i would do the same for the czech minority if some would be here do seriously think of your approach you have my sympathies in preserving polish traditions and ethnicity in teacher silesia but i will keep on strongly opposing your point of view insertions they do not belong here this is wikipedia,1,0,0.0057,0.0038,0.0047,False,False Negative (Missed Hate),0.9953
me kheheta hu ise nanga karke pure parlament me ghumao,1,0,0.0029,0.0066,0.0047,False,False Negative (Missed Hate),0.9953
._sanam__ mulle gayb h,0,1,0.9944,0.9962,0.9953,False,False Positive (Hallucination),0.9953
मैं सभी से अनुरोध करता हूं कि इस ऑडियो को एक बार जरूर सुने। के बारे में डॉ शेट्टी सर कुछ महत्वपूर्ण बात कह रहे हैं।,1,0,0.0045,0.0048,0.0047,False,False Negative (Missed Hate),0.9953
आतंकवाद को सपोर्ट करने वाले और कश्मीरी पंडितों पे अत्याचार करने वाले वहाँ के मुस्लिम पत्थरबाज. #370_35a,1,0,0.0032,0.0061,0.0047,False,False Negative (Missed Hate),0.9953
dhat mahavirwa tora mai ke chodo,0,1,0.9933,0.9971,0.9952,False,False Positive (Hallucination),0.9952
sushma andhare la andharat zh like kara,1,0,0.0029,0.0067,0.0048,False,False Negative (Missed Hate),0.9952
any ce see take za presence blade sandpit,0,1,0.9944,0.996,0.9952,False,False Positive (Hallucination),0.9952
citam one momentary i job liked nisan profitable toledo momentary range prestrasno i return a mazda jet ears of joy colony i vase jete a vi to no idea neonate slave see end doe sa avoid momentary,0,1,0.9944,0.9961,0.9952,False,False Positive (Hallucination),0.9952
with personal attacks and vandalism ddstretch is walking a fine distance at this table as he was already accused me of let it be clear there are no more you warned kevin patiently and now he is perma banned the warnings were a courtesy which he discarded over the corpse by a male hooker i will not afford people that courtesy in the future because apparently it was,1,0,0.0067,0.0029,0.0048,False,False Negative (Missed Hate),0.9952
kaha mile gi ye raand,0,1,0.9939,0.9966,0.9952,False,False Positive (Hallucination),0.9952
are and all over this gun control utopia chicago needs them right about now justin us open serena maga,0,1,0.9944,0.9961,0.9952,False,False Positive (Hallucination),0.9952
कुतीया के गोद मे सुअर ... अदभुत है ये #bollywood,1,0,0.0068,0.0028,0.0048,False,False Negative (Missed Hate),0.9952
ये कहना अमनबीक है की महिलाओंकैंसर है,1,0,0.0033,0.0063,0.0048,False,False Negative (Missed Hate),0.9952
"घर घर नाली, घर घर गैस जिसकी लाठी, उसकी भैस! बनेगा पकोडा, बनेगी चाय स्कूल कॉलेज, भाड़ में जाये! आम आदमियों से, मन की बात उद्योगपतियों से, धन की बात! वाह रे शासन, तेरा खेल! न्याय मांगे तो, हो गयी जेल,,,",1,0,0.0051,0.0045,0.0048,False,False Negative (Missed Hate),0.9952
reading comprehension is supposed to be a andy trait i guess not in your case i know that was not classy of me,1,0,0.0071,0.0025,0.0048,False,False Negative (Missed Hate),0.9952
mullu ki hasiyat,0,1,0.9939,0.9965,0.9952,False,False Positive (Hallucination),0.9952
madhorchod hee salo,0,1,0.9944,0.996,0.9952,False,False Positive (Hallucination),0.9952
man might like to make a great deal with my grandma its soon... p the cheese sounds good,1,0,0.0043,0.0053,0.0048,False,False Negative (Missed Hate),0.9952
maari real no any mogul vista mogu same paradigmatic not applicable granite her hrvatska any rsi nita jean taken dublinski do over je davao privremeno suspension,0,1,0.9944,0.996,0.9952,False,False Positive (Hallucination),0.9952
shutitdown buildthatwall shutdown nowallnogoverment maga,0,1,0.9944,0.9961,0.9952,False,False Positive (Hallucination),0.9952
lundbhkhato ki gabjba bazati karde yr wha kya seen hai maja aagaya yr,0,1,0.9944,0.996,0.9952,False,False Positive (Hallucination),0.9952
you peak shut up malaria real the near sto razgovarati s ladom her cefalu menu tj hd tj mile the ce hd pobijediti sef malaise diplomatic koi je ignacio the deli the hrvatska bud jake i states partner razgovarao je s karamazov koi je factor had see do nose duke you ravi ok situation s folsom menu catalog hrvatskoj beskorisnog jim biting overdose prolog edna linda i kalamazoo porno zeke isprovocirati objavljivanje izvanrednog stanza i zatvaranje granite the bi on you ime marmara mobile oblast nad folsom sa strange izbjeglicke situation do sad nice bill nikakvog razor za proplastid izvanredno stance i antiviral vows her see sve espresso resave you hod no odjednom malaria sale vows not applicable granicus preso kobe i am nazi armani bros izbjeglica vojsci not applicable hrvatskoj granite je sarah sto too s oberon the i am tissue saki dan blaze preso burke i rumunjske zna see nice tesco poverty dva i dva i bog sega tj za fiji race malaria invade sav taj grosz s folsom,0,1,0.9944,0.9961,0.9952,False,False Positive (Hallucination),0.9952
hizdi,0,1,0.9941,0.9961,0.9951,False,False Positive (Hallucination),0.9951
सुप्रीम कोर्ट का चिन्ह बदल गया सत्यमेव जयते की जगह ।।यतो धर्मस्ततो जय ।।जहां धर्म वहाँ जीत,1,0,0.0031,0.0067,0.0049,False,False Negative (Missed Hate),0.9951
babri babri babri madarchod,0,1,0.9939,0.9963,0.9951,False,False Positive (Hallucination),0.9951
youre so sexy girl all of it you are smiling lovely face perfect with blue heart stopping eyes,1,0,0.0053,0.0045,0.0049,False,False Negative (Missed Hate),0.9951
okay buddy well it seems as if i am not the only person who has problems with you so it would appear as if i am doing my job right where in the rules does it say i cannot address matches to a world wrestling entertainment pay per view event if it has not been aired on television but smackdown and other stuff is recorded before it happens and i do not think anyone cares about payfare when it comes to facts okay budddddyyyyy also why do they have to put warnings that are stupid i will edit in facts when ever i want and i will attack anyone i want it has a personal attack because personally you suck what else am i supposed to attack if you did not suck so much i would not have to,1,0,0.0056,0.0042,0.0049,False,False Negative (Missed Hate),0.9951
गलवान घाटी भारत की हाथ से गई मेरी बात को आप लिख लीजिए फिंगर फॉर से फिंगर 8 तक भारत के हाथ से गई,1,0,0.0044,0.0054,0.0049,False,False Negative (Missed Hate),0.9951
are these you 69 years old,1,0,0.0037,0.0062,0.0049,False,False Negative (Missed Hate),0.9951
saleya sabnu apne wrga smjh leya tuc katmulo,0,1,0.9933,0.9968,0.9951,False,False Positive (Hallucination),0.9951
डॉ कफील खान को कोर्ट से मिली बड़ी राहत तुरंत रिहाई का दिया आदेश,1,0,0.0061,0.0038,0.0049,False,False Negative (Missed Hate),0.9951
आपदा से निपटने के लिए जनपद एवं राज्य स्तर पर आपदा नियंत्रण केन्द्र की स्थापना की गई है राहत आयुक्त श्री संजय गोयल जी,1,0,0.0049,0.005,0.005,False,False Negative (Missed Hate),0.995
just my locking luck who is croatian your having one,0,1,0.9944,0.9955,0.995,False,False Positive (Hallucination),0.995
any osi near poor you ravi poor you ravi i am about to cultural machine havana is bone i saki kurt je diva,0,1,0.9944,0.9956,0.995,False,False Positive (Hallucination),0.995
dhruv rathee muhh pe mutwane wala,0,1,0.9942,0.9959,0.995,False,False Positive (Hallucination),0.995
"jee or neet exam के खिलाफ सब है, मगर यह तस्वीर jee main का नहीं comedk का है, कृपया कर के इस तस्वीर को jee के नाम पर शेयर ना करें।।।।।",1,0,0.0054,0.0047,0.005,False,False Negative (Missed Hate),0.995
mago tora maae ke chodo,0,1,0.9937,0.9963,0.995,False,False Positive (Hallucination),0.995
"इन सबमें कुछ भी अनर्गल नहीं है. साला ""लेके रहेंगे आज़ादी"" भी बहुत हरामजादी चीज है. एक नई सभ्यता ""जनम"" ले रही है पुरानी की थाली में छेद करके. link",1,0,0.0081,0.0019,0.005,False,False Negative (Missed Hate),0.995
kamenski sto team effort izbjeglice baidu you borate islams female,0,1,0.9944,0.9956,0.995,False,False Positive (Hallucination),0.995
yeah i think they would be much better off back home,1,0,0.0048,0.0053,0.0051,False,False Negative (Missed Hate),0.9949
i dale je gay jude made hetero loud prestate radio deck pace bit mane gay loud jednostavno zar ne,0,1,0.9944,0.9955,0.9949,False,False Positive (Hallucination),0.9949
he has right about one thing this article blows hard referencing nazi germany is hilarious given the person above s club esque control over this pos the lead story not well written at all the references which is never mentioned at all in the body you don't put things in the lead that show up nowhere else then to have the nerve to say the media has only focused on this social depression admittedly not something i think needs to be expanded on much better for about forty years hello the media has only focused on their previous perceptions of emotional as music for just these period because not you dare throw that year number out there when the media does not care about the first or so of those years and they have mangled it all up for a long time anyway it is their fault this is all screwed up which still is not demonstrated well enough in the crappy article,1,0,0.0075,0.0027,0.0051,False,False Negative (Missed Hate),0.9949
that social issues rarely challenged for justice as during his were other areas where there what a slut that daylight between him and conservatives on example in certain area of the administrative state of the epa,1,0,0.0062,0.004,0.0051,False,False Negative (Missed Hate),0.9949
एक भारतीय जवान के मुँह से सुने | उसने कहा हमारे प्रधानमंत्री हमें नहीं समझ सकते | हमारे एक भी शब्द को नहीं सुन सकते | हमारे साथ कश्मीरी मुसलामानों को मारने के लिए ज़बरदस्ती की जाती है | यदि वो हमारी आवाज़ सुने डिटेल के लिए यह वीडियो देखें,1,0,0.0091,0.0011,0.0051,False,False Negative (Missed Hate),0.9949
yed zavi bai aahe hee.... kattu chi aavlad,0,1,0.9944,0.9953,0.9949,False,False Positive (Hallucination),0.9949
तेरी मैया chode tu थापड़ नहीं जूते लायक है हरामी माजिद बनाते रहेता मंदिर टूटा तो एक शब्द नहीं निकला,0,1,0.9942,0.9955,0.9949,False,False Positive (Hallucination),0.9949
5anjeer tukray kar k pao doodh men ubal k thanda kar k daily sonay se pehle khaya karen,0,1,0.9944,0.9955,0.9949,False,False Positive (Hallucination),0.9949
early riddance he take my dear friend big deal with you,1,0,0.0067,0.0035,0.0051,False,False Negative (Missed Hate),0.9949
children should be seen and not heard,1,0,0.0059,0.0044,0.0051,False,False Negative (Missed Hate),0.9949
ऐ मेरे वतन के तलवा चाटने वाला चमचो जरा हाथ में भर लो पानी. फिर नाक डुबालो अपनी और दे दो तुम कुर्बानी.,1,0,0.0032,0.0071,0.0052,False,False Negative (Missed Hate),0.9948
ठाकरे तो बस एक ही था अब तो बस ठीकरों की सरकार है।,1,0,0.0067,0.0037,0.0052,False,False Negative (Missed Hate),0.9948
"12 मई 2020.यह पश्चिम बंगाल के तेलिनिपारा में हुआ था । मुस्लिम निवासियों को निकाला और हमला किया, संपत्तियों को व्यवस्थित, नियोजित तरीके से लूट कर जला दिया ।",1,0,0.006,0.0044,0.0052,False,False Negative (Missed Hate),0.9948
bnd kro yeh bakchodi,0,1,0.9942,0.9953,0.9948,False,False Positive (Hallucination),0.9948
ये है सुअर तू और तेरी औकात!,1,0,0.0069,0.0036,0.0052,False,False Negative (Missed Hate),0.9948
सड़क छाप भक्तो आ रहे है तुम्हारे पप्पा स्वागत नही करोगे.... घर पर सजा धजा के रखो सब का नम्बर आएगा बारी बारी....,1,0,0.0031,0.0074,0.0052,False,False Negative (Missed Hate),0.9948
stop using it is when appropriate loot is... very informal it code about a k a and should not be used to writing any articles regarding them there are additional language issues i have tagged it for is,1,0,0.0072,0.0032,0.0052,False,False Negative (Missed Hate),0.9948
"#आजादी_के_बाद देश के इंग्लिश स्कूलों में प्रत्यक्ष अप्रत्यक्ष रूप से छात्रो का ब्रेन वाश करने की मुहिम चलाई जा रही है । अधिकांश स्कूलो में हिंदी में अनौपचारिक बातचीत करने पर ,हाथ में मेहँदी लगाने जैसे विशुद्ध भारतीय परम्परा पर दण्ड देने की व्यवस्था है #stopconversionkilling",1,0,0.0038,0.0067,0.0052,False,False Negative (Missed Hate),0.9948
bhai up wale sab to nhi lekin tum ho hijde,0,1,0.9925,0.9972,0.9948,False,False Positive (Hallucination),0.9948
koni sangitla hota udta baan gaandit ghyayla,0,1,0.9944,0.995,0.9947,False,False Positive (Hallucination),0.9947
lezbejke i peter shut up dobro loud sta secrete sso i am about to prado not applicable jubal,0,1,0.9943,0.9952,0.9947,False,False Positive (Hallucination),0.9947
di shut up peculiar,0,1,0.9943,0.9951,0.9947,False,False Positive (Hallucination),0.9947
god bless my uncle has cancer too but she is in a better place now,1,0,0.007,0.0036,0.0053,False,False Negative (Missed Hate),0.9947
pretende similar a leandro delaware pro mas see pierce a orzo gomez,0,1,0.9944,0.995,0.9947,False,False Positive (Hallucination),0.9947
toh modi ji 2014 se jhakk marwa rahe?,1,0,0.003,0.0076,0.0053,False,False Negative (Missed Hate),0.9947
matherchod people,0,1,0.9942,0.9951,0.9947,False,False Positive (Hallucination),0.9947
drink was it better off dude,1,0,0.0087,0.002,0.0053,False,False Negative (Missed Hate),0.9947
वन्दे मातरम् के आगे इनको कुछ नहीं आता सब अँगूठा छाप दिखाई देते हैं।,1,0,0.0073,0.0034,0.0053,False,False Negative (Missed Hate),0.9947
toh phir apna naam hitler se hata k bullet girl rakh lo...,0,1,0.9943,0.9952,0.9947,False,False Positive (Hallucination),0.9947
हम मध्य प्रदेश वासियों को पता ही नहीं था कि मां नर्मदा रीवा में भी बहती हैं। हम मध्य प्रदेश वासियों का ज्ञानवर्धन करने के लिए देश के प्रधानमंत्री का आभार।।,1,0,0.005,0.0056,0.0053,False,False Negative (Missed Hate),0.9947
whatever you feel sorry for her for this french,1,0,0.0077,0.0028,0.0053,False,False Negative (Missed Hate),0.9947
yed zavi aahe hi,0,1,0.9943,0.9951,0.9947,False,False Positive (Hallucination),0.9947
हमे इस मुल्क से अपनी जान से ज्यादा मोहब्बत है.मगर तुम्हे बुरखे से प्रॉब्लम कियु.गाँधी जी की फोटो जलाने वाले से तुम्हे मोहब्बत है,1,0,0.0033,0.0073,0.0053,False,False Negative (Missed Hate),0.9947
why just a wall let us build an empire buildthatwall,0,1,0.9942,0.9949,0.9946,False,False Positive (Hallucination),0.9946
todd it is about having a civil conversation,1,0,0.0085,0.0023,0.0054,False,False Negative (Missed Hate),0.9946
odlicno nea bench vise polanski sandwich,1,0,0.0097,0.0011,0.0054,False,False Negative (Missed Hate),0.9946
डॉक्टर कफ़ील ख़ान को हाईकोर्ट से मिली ज़मानत,1,0,0.009,0.0018,0.0054,False,False Negative (Missed Hate),0.9946
i will attack you,1,0,0.0071,0.0037,0.0054,False,False Negative (Missed Hate),0.9946
ye sab kaam katuaa hi kr sakte hai,1,0,0.0096,0.0011,0.0054,False,False Negative (Missed Hate),0.9946
sab ke sab pagal ho gaye hai abhut chaldi maroge sab ke sab,0,1,0.9926,0.9966,0.9946,False,False Positive (Hallucination),0.9946
woh bhi bhaag k arhay jinhein janti bhi nhi lol,0,1,0.9944,0.9948,0.9946,False,False Positive (Hallucination),0.9946
abe saale,0,1,0.992,0.9971,0.9946,False,False Positive (Hallucination),0.9946
a much deeper look,1,0,0.0043,0.0068,0.0055,False,False Negative (Missed Hate),0.9945
jay shree ram ji ya randala bhartacha baher dy pathaun dy,0,1,0.9943,0.9947,0.9945,False,False Positive (Hallucination),0.9945
utc we are ignorant first you stop it,1,0,0.0102,0.0009,0.0055,False,False Negative (Missed Hate),0.9945
can they please not say sassy anymore mr,0,1,0.9942,0.9948,0.9945,False,False Positive (Hallucination),0.9945
did you see shanahan say spoon what a slut not healthy this game obviously no excuses if youre out there but maybe its not the all is doom sort of thing it seemed during the game maybe he is still pretty good,1,0,0.0079,0.0032,0.0055,False,False Negative (Missed Hate),0.9945
with money lads liking a picture on instar and trying to talk to you immediately after get lost,1,0,0.0095,0.0014,0.0055,False,False Negative (Missed Hate),0.9945
में देखो कैसा हो गया इसकी यह हालत देखकर किस किस को खुशी हुई,1,0,0.006,0.005,0.0055,False,False Negative (Missed Hate),0.9945
देश जातिवादी दंगे करवाने की कोशिस करता एक #ब्रहामण link,1,0,0.0065,0.0046,0.0055,False,False Negative (Missed Hate),0.9945
but ramgarhia surnames verdi singh mather from hunan china it is samaria surnames not other low caste hindu surnames but yeah and its one big problem was what done in wiki of media full on shit,1,0,0.0057,0.0053,0.0055,False,False Negative (Missed Hate),0.9945
"ipl-2020 की प्रमुख प्रायोजक एक चीनी कंपनी। किसी की शहादत, किसी की भावना, किसी की मुनाफाखोरी। ना बाप बड़ा, ना भैया, सबसे बड़ा रुपय्या",1,0,0.0095,0.0014,0.0055,False,False Negative (Missed Hate),0.9945
utc it is called capitalizing words to emphasize meaning if that causes them to be deeply disturbed because you think its random then you must have a severe denial if yes i what a slut threatened that you everybody typed the page in such a where are i that says the situation of view is not neutral that it would get revoked my rights of editing as it says on my talk page is your final is a threat,1,0,0.0096,0.0014,0.0055,False,False Negative (Missed Hate),0.9945
pitajte it happens karo to the ruse taine sludge mogul project terroristic facade a france ne,0,1,0.9944,0.9943,0.9944,False,False Positive (Hallucination),0.9944
the education of public servants is a critical pa of the path forward so true,1,0,0.0084,0.0027,0.0056,False,False Negative (Missed Hate),0.9944
hijjde h,0,1,0.9939,0.9949,0.9944,False,False Positive (Hallucination),0.9944
my grandmother what a slut telling me that she had very few arab children in her school and people wonder why i wish i what a slut born years ago,1,0,0.0063,0.0049,0.0056,False,False Negative (Missed Hate),0.9944
randiya,0,1,0.9944,0.9945,0.9944,False,False Positive (Hallucination),0.9944
हमें कभी भी किसी महिला की हत्यारे को माफ नहीं करना चाहिए,1,0,0.0029,0.0083,0.0056,False,False Negative (Missed Hate),0.9944
dhruv rathee congress ka choda,0,1,0.992,0.9968,0.9944,False,False Positive (Hallucination),0.9944
18 साल का सैनिक शहीद हुआ तो वह बच्चा नहीं था और 25 साल का पत्थरबाज मारा जाए तो वह बच्चा था कौन सा नशा करते हो दोगले,1,0,0.0043,0.007,0.0056,False,False Negative (Missed Hate),0.9944
so hanging out in the her tonight doc thought severe numbness spasms might need mri but whatever settled for a cannot talk scan hopefully can get home soon and on to pt im over almost a month of pain oh fuck trump,0,1,0.9944,0.9944,0.9944,False,False Positive (Hallucination),0.9944
i am rather surprised as it remains scientifically proven that people of iq are lower intelligent than whites,1,0,0.006,0.0053,0.0056,False,False Negative (Missed Hate),0.9944
sarfaraz: chlo baaris aaagyii.. umpire: baris nhi hai log thuk rhe hai tumpe bsdk haii na,0,1,0.9935,0.9953,0.9944,False,False Positive (Hallucination),0.9944
no idea i just collect them randomly as i find them,1,0,0.0073,0.0041,0.0057,False,False Negative (Missed Hate),0.9943
your miscegenation genocide desires seeks slaughtering blacks as well,0,1,0.994,0.9946,0.9943,False,False Positive (Hallucination),0.9943
kyo karte to ye ajan ka natak tak karna hai tumhe terror ka hi,1,0,0.0029,0.0084,0.0057,False,False Negative (Missed Hate),0.9943
webcam and week fledgling pack,1,0,0.0093,0.002,0.0057,False,False Negative (Missed Hate),0.9943
गृह मंत्री #amitshah ने शुक्रवार को जम्मू कश्मीर में लागू राष्ट्रपति शासन की अवधि को और बढ़ाने का प्रस्ताव #loksabha में रखा है। वहीं #congress ने इस प्रस्ताव का विरोध किया।,1,0,0.009,0.0023,0.0057,False,False Negative (Missed Hate),0.9943
teri ma ko bhi chudale shadi karne ka kam nahi teku vaisebhi ladkiya nahi mil rahi,0,1,0.9944,0.9943,0.9943,False,False Positive (Hallucination),0.9943
hey to get in real job you must get,1,0,0.0061,0.0053,0.0057,False,False Negative (Missed Hate),0.9943
"लोकडाउन में फ्री का राशन , फ्री की रेलवे यात्रा, खाते में मुफ्त के पैसे , 6 महीने तक कि किस्तों को आगे बढ़ाना , मुफ्त इलाज , क्वारंटाइन में खाना और मनरेगा से पैसे लेने के बाद अब भाई लोग इसलिए दुखी है कि #gdp गिर गईं !!",1,0,0.0073,0.0042,0.0057,False,False Negative (Missed Hate),0.9943
rade tuja gadit lad maja,1,0,0.0045,0.0069,0.0057,False,False Negative (Missed Hate),0.9943
little girl whatever having an adult conversation so take your thin ass on somewhere ya dig,0,1,0.9941,0.9945,0.9943,False,False Positive (Hallucination),0.9943
tumahra hak? behen ke***** tum ho hi nhi yaha ke babro mazid banana tum arab desh me yaha nhi chalega ye sab,1,0,0.0084,0.003,0.0057,False,False Negative (Missed Hate),0.9943
it is not easy to say and do not come for me in the comments as this country allows free speech so i am allowed to express my opinion and dislike toward sykes so leave me alone as they should not be allowed to exist that is just how i feel,1,0,0.0072,0.0042,0.0057,False,False Negative (Missed Hate),0.9943
कारवां बढ़ता ही चला जा रहा है यकीनन मंजिल नजदीक है ।।,1,0,0.0097,0.0017,0.0057,False,False Negative (Missed Hate),0.9943
ghe wadhun anun zawate gadhawyedya bhokach,0,1,0.9939,0.9948,0.9943,False,False Positive (Hallucination),0.9943
hey man i think you are cool i loved it when you reported that idiot dark hooded rufus anyway should whatever be best friends here,0,1,0.994,0.9943,0.9942,False,False Positive (Hallucination),0.9942
"कैलाश पर्वत न केवल हिंदुस्थान का मुकुट है अपितु सृष्टि की उत्त्पत्ति,सनातन धर्म का मुख्य तीर्थ और मानव सभ्यताओं के उदय का केंद्र भी है जो एक हरामी के कारण अधर्मी चीन के कब्ज़े में है कैलाश पर्वत और मानसरोवर को मुक्त कराएं.. link via opindia_in",1,0,0.0109,0.0007,0.0058,False,False Negative (Missed Hate),0.9942
sve bi bill super had bi team effort bombe paddle piss off terroristic an any piss off civilian,0,1,0.9943,0.994,0.9942,False,False Positive (Hallucination),0.9942
blog off akiva wikipedia its really democracy no gift from contributors wikipedia is not about elitism you don't own pages here,1,0,0.0092,0.0024,0.0058,False,False Negative (Missed Hate),0.9942
soover,1,0,0.0042,0.0074,0.0058,False,False Negative (Missed Hate),0.9942
so during which the constitutional council debates the power to paper bank money what remained a slut denied congress for much fear as it would lead congress to legal tender paper money and a repeat of what happened to the continental and the rufus you cite states that per congress does have that power let us try a similar question posit that you are unemployed and apply for a job if you are offered that job do you have it or are you not still unemployed and pardon me while i get laugh rotflmao,1,0,0.0089,0.0028,0.0058,False,False Negative (Missed Hate),0.9942
आतंकवादी साला,1,0,0.0034,0.0082,0.0058,False,False Negative (Missed Hate),0.9942
shove it self important moron this site curated by pretentious twats with inane biases is useless as a research tool or living archive people already sneer at wikipedia distrust will only increase with wikipedia s growing detachment from reality and adherence to nonsensical bureaucratic procedures the idiot fool who is a simple propagandist being defended by you is so utterly ridiculous as to defy belief the very idea that all people contributions are equal is utterly insipid wikipedia is just one long pissing contest among peoples different biases and hangups are you also a member of the israeli barbara brigade like fool sad,0,1,0.9944,0.994,0.9942,False,False Positive (Hallucination),0.9942
muslims are just alabama people on steroids,0,1,0.9938,0.9944,0.9941,False,False Positive (Hallucination),0.9941
you ugly currymuncher that seems to be my real name these days,0,1,0.9942,0.9939,0.9941,False,False Positive (Hallucination),0.9941
bhot bdiya bhai bhot bdiya kro kro bche kro aor aitne bche krna jb tk chu ka chbuttra na ho jaye,0,1,0.994,0.9942,0.9941,False,False Positive (Hallucination),0.9941
between mcconnell barr and trump can senate legislative and executive branches be any more corrupt broken and criminal than this rotten unfit bunch of old white men are married trumpisatraitor mcconnellmustgo,0,1,0.9939,0.9943,0.9941,False,False Positive (Hallucination),0.9941
no men in the women s restrooms you creep i suppose the women going to the restroom together thing actually serves a purpose now so many pervs here,0,1,0.9935,0.9948,0.9941,False,False Positive (Hallucination),0.9941
he walks upright and has human arms and legs,1,0,0.0035,0.0082,0.0059,False,False Negative (Missed Hate),0.9941
maine and my sisters track walk any bitch today so come on all you re hating hoe,1,0,0.0056,0.0063,0.0059,False,False Negative (Missed Hate),0.9941
beej,1,0,0.003,0.0089,0.0059,False,False Negative (Missed Hate),0.9941
teri ma ka bholaa pan chutiye,0,1,0.992,0.9962,0.9941,False,False Positive (Hallucination),0.9941
tumko wapis cm bana de kya fir loot start karoge,0,1,0.9941,0.994,0.9941,False,False Positive (Hallucination),0.9941
that one niggah that grab the aux cord and start player weak ass music,0,1,0.9944,0.9937,0.9941,False,False Positive (Hallucination),0.9941
mental bankruptcy debating on the gloves the game is called cricket not shakti pradhan morons dhoti dhonigloves dhonikeepstheglove dhonikeeptheglove cricket,1,0,0.0067,0.0053,0.006,False,False Negative (Missed Hate),0.994
इस संदर्भ में शैक्षिक रूप से सुदृढ़ मल्टीडिसिप्लिनरी और इंटीग्रेटेड टीचर्स एजुकेशन कार्यक्रम शुरू करने का प्रावधान है। वर्ष तक इस क्षेत्र में केवल उच्च स्तरीय संस्थान ही सक्रिय रह जाएंगे।,1,0,0.0086,0.0034,0.006,False,False Negative (Missed Hate),0.994
fuck haman yon oh i do not really like low riders gee king merton lang stock sung g i aka run not applicable malaga bikini knock out maya ako kinakabahan aka mali what the fuck and yes haha it is okay i know how it feels,0,1,0.9944,0.9935,0.994,False,False Positive (Hallucination),0.994
दिल्ली सरकार में फ़ार्मासिस्ट के तौर पर तैनात हमारे कोरोना वॉरिअर श्री राजेश भारद्वाज जी का हाल ही में कोरोना संक्रमण की वजह से निधन हो गया था। आज उनके परिवार से मिलकर ₹ करोड़ की सहायता राशि दी। उम्मीद करता हूँ कि इस राशि से परिवार को थोड़ी मदद जरूर मिलेगी।,1,0,0.0066,0.0054,0.006,False,False Negative (Missed Hate),0.994
और जब सज़ा मिलेगी तो सबसे पहले तू ही रंडी रौना करेगा,1,0,0.0074,0.0046,0.006,False,False Negative (Missed Hate),0.994
hijde+dogle+bikau,0,1,0.9942,0.9939,0.994,False,False Positive (Hallucination),0.994
nehru teri ma ka bosda,0,1,0.9918,0.9962,0.994,False,False Positive (Hallucination),0.994
कोरोनावायरस आने के पहले इटली में गे पार्टी हुई थी वायरस हमले के पहले यह इटली में हुई आखिरी समलैंगिक कॉन्फ्रेंस थी,1,0,0.0079,0.004,0.006,False,False Negative (Missed Hate),0.994
"#tripletalaqbill असंवैधानिक है। यह संविधान के अनुच्छेद 14 और 15 का उल्लंघन है। हमारे पास पहले से ही घरेलू हिंसा अधिनियम 2005,crpc धारा 125, मुस्लिम महिला विवाह अधिनियम है। अगर ट्रिपल तालाक बिल एक कानून बन जाता है तो यह महिलाओं के खिलाफ और भी बड़ा अन्याय होगा:",1,0,0.0085,0.0035,0.006,False,False Negative (Missed Hate),0.994
._.ash._.u loli,1,0,0.0047,0.0073,0.006,False,False Negative (Missed Hate),0.994
my intrusive thought to jump off,0,1,0.9937,0.9944,0.994,False,False Positive (Hallucination),0.994
teri behen ch..d,1,0,0.0038,0.0082,0.006,False,False Negative (Missed Hate),0.994
"वाह जी! किस तरफ़ प्रशंसा हो रही है ? भर्त्सना हो रही है। वो भी जमकर। और रही बात रिपोर्टिंग की तो वह कल भी घटिया थी। आज भी है, और रहेगी। आक थू ऐसी पात्रकारिकता को ऐसे लोगो की तारीफ़ करने वालो की।",1,0,0.0049,0.007,0.006,False,False Negative (Missed Hate),0.994
gigantic retweet what a big faggot retweet chubby about to earl,0,1,0.9918,0.9959,0.9939,False,False Positive (Hallucination),0.9939
ovaj me fonseca male not applicable panic,0,1,0.9934,0.9944,0.9939,False,False Positive (Hallucination),0.9939
किसकी बात कर रही ये वही अखिलेश हैं जिनके बाप 149 निर्दोष कारसेवकों पर गोलियां चलवाईं,1,0,0.0049,0.0073,0.0061,False,False Negative (Missed Hate),0.9939
alt correct and euro conservatism trump,1,0,0.0092,0.0029,0.0061,False,False Negative (Missed Hate),0.9939
they probably stole a bunch of stuff,1,0,0.0048,0.0074,0.0061,False,False Negative (Missed Hate),0.9939
ispe thoda toh gyan peel de lodu,0,1,0.9913,0.9965,0.9939,False,False Positive (Hallucination),0.9939
doctor wow dude acting as your physician here i suggest you can slit your wrists,1,0,0.0061,0.0061,0.0061,False,False Negative (Missed Hate),0.9939
i do not support but this is too much stop doing this and treat patients you can protest even while saving lives you idiots have made this an ego issue now your issues are imp but people are dying protest while working or during breaks doctors fightback savethedoctors,0,1,0.9941,0.9937,0.9939,False,False Positive (Hallucination),0.9939
would just make the coffee up now tomorrow not you,1,0,0.0069,0.0053,0.0061,False,False Negative (Missed Hate),0.9939
mater seem pedersen boles nu tribal hitler stat pa sve you plans komodo,0,1,0.9944,0.9933,0.9939,False,False Positive (Hallucination),0.9939
see no evil monkeysee no evil monkey,0,1,0.9924,0.9953,0.9939,False,False Positive (Hallucination),0.9939
how good would sudden death be with annie lloyd versus kat andre mr,0,1,0.9934,0.9945,0.9939,False,False Positive (Hallucination),0.9939
केजरीवाल सरकार की एक पहल बचा रही है कोरोना मरीजों की जान।,1,0,0.0045,0.0079,0.0062,False,False Negative (Missed Hate),0.9938
what a stupid fucking thing for you to do last night hypocrites assholes yes travel ban noaa absolutely the worst community there is just haters scoffers bay area tech hypocrites what you did what a slut also discrimination,0,1,0.9937,0.9938,0.9938,False,False Positive (Hallucination),0.9938
accept to krle glti mdhrchod,0,1,0.9939,0.9938,0.9938,False,False Positive (Hallucination),0.9938
who does that girl is anyone else seeing a seminude woman where the graphic of cartman as pope should be,0,1,0.9934,0.9943,0.9938,False,False Positive (Hallucination),0.9938
my doctor is muslim so i will die soon haha,1,0,0.0087,0.0038,0.0062,False,False Negative (Missed Hate),0.9938
"योगी सरकार मे 50 लाख अधिक बच्चे स्कूल पहुंचे। 90 हजार स्कूलों को कायाकल्प से बदला गया। 193 नए इंटर कॉलेज, 51 नए डिग्री कॉलेज और 2 नए विश्वविद्यालय बनाने की प्रक्रिया शुरू हुई है।,",1,0,0.0047,0.0078,0.0062,False,False Negative (Missed Hate),0.9938
मोदी जी ने अपनी fd जो की गरीब बच्चो की शादी के लिए पाई-2 कर के चाय बेच के जमा की थी उसको तोड़ कर 2.5 लाख रुपये #pmcaresfund मैं जमा कर दिए क्या अब भी हम उनसे gdp जैसे फ़ालतू सवाल करेंगे??उनको देश srry आम चूस के खाने की बधाइयाँ,1,0,0.0099,0.0024,0.0062,False,False Negative (Missed Hate),0.9938
chenchod,0,1,0.9908,0.9967,0.9938,False,False Positive (Hallucination),0.9938
dog whistles the minute one of those same old boring shit use if it is over never would i vote for any liberal ever no such thing as a moderate or acceptable liberal there all i mean all the same some try and hide there hate but they are all scum you a fool to think they give a shit about you,0,1,0.9935,0.9942,0.9938,False,False Positive (Hallucination),0.9938
"कुंए के मेढक को लगता है दुनिया इत्ती ही बड़ी है , इकोनॉमिक्स का abcd नही पता है लेकिन gdp पर ज्ञान दे रहे है ।",1,0,0.0107,0.0017,0.0062,False,False Negative (Missed Hate),0.9938
court bnaya khte h vipaksh log chutiye,0,1,0.9944,0.9931,0.9938,False,False Positive (Hallucination),0.9938
अमर शहीद स्व शहीद राजीव जी पर pm की गन्दी टीप्पणी पर मेरा मानना है की 2 साल पहले सही कहा था मणिशंकर अय्यर ने ये बहुत ही #नीच किसम का आदमी है,1,0,0.0058,0.0067,0.0062,False,False Negative (Missed Hate),0.9938
ware chutiye,0,1,0.9944,0.9931,0.9938,False,False Positive (Hallucination),0.9938
illegal aliens are a thing fascia is a thing too pretending the good guys are the bad guys is a thing the left likes to do all the time never forget the holocaust either how it happened bad guys took over began to diminish their enemies for their agenda hypocrisy,0,1,0.9938,0.9938,0.9938,False,False Positive (Hallucination),0.9938
nije derelict vista krita i on please karo joj nato drug shira potpuno je bespomocna i radio ono sto see joj named,0,1,0.9934,0.9943,0.9938,False,False Positive (Hallucination),0.9938
bade bhai machudane gaye,1,0,0.0088,0.0037,0.0063,False,False Negative (Missed Hate),0.9937
ये पप्पू मंडल भगवा आतंकी है ये जहां भी दिखे मार दो जान से अब और कितना बर्दाश्त करोगे इन भगवा आतंकियो का आतंक अब खून का बदला खून करो मेरे को दिखा खुदा की कसम ऐसी मौत मारूँगा इसको के इंसानियत भी शर्म शार हो जाएगी चोर जैसे हरामी के भरोसे ना रहो 5 साल चुप रहे,1,0,0.0048,0.0078,0.0063,False,False Negative (Missed Hate),0.9937
and final is a hypocrite if she indeed performs for angola s dictator jose eduardo denial of service santos this collecting million for her trouble black lives matter not so much to nicki minaj apparently which is what people will be saying for years if she follows through on this awful gig hey nicki what is good not your managers if they did not warn you of this bad pr tsunami now cresting over the horizon what is not good human rights in angola read it just a heads up to let you know that the internet has a long long memory for these things it will forever be part of your biography and how your character is judged just ask kanye how that kazakh wedding gig helped his career,0,1,0.9941,0.9932,0.9937,False,False Positive (Hallucination),0.9937
thuggery cheating talking trash who is doing that besides james and is not and in the middle of cheating issues,0,1,0.9942,0.9932,0.9937,False,False Positive (Hallucination),0.9937
ye thoda sa bahen ka laoda hai kya,0,1,0.9942,0.9933,0.9937,False,False Positive (Hallucination),0.9937
abe bsdiwale,0,1,0.9917,0.9956,0.9937,False,False Positive (Hallucination),0.9937
भाई आप कही से हो क्यूँकि...यदि रस्क्यू वाली टीम अपना काम पूरा भी करदे फिर भी कुछ #कुत्ते रही जाते है। जो लोग ख़ुद अपने घर पालते है।,1,0,0.0052,0.0075,0.0063,False,False Negative (Missed Hate),0.9937
you are absurd you are defending a page of narendra modi who is considered as a mass murderer why don t you go to gujarat in india and talk to some people before titling my edits as vandalism,1,0,0.0084,0.0042,0.0063,False,False Negative (Missed Hate),0.9937
शाहीन बाग में बुर्के वालियों का फिक्स रेट है दो टाइम का खाना और ₹ इसीलिए तो यह अपने उन छोटे बच्चों को भी ले जा रहे हैं जिनको एन आर सी का फुल फॉर्म नहीं पता नाही सीए ए का यह केवल उन छोटे बच्चों को भी ₹ मिल जाए इसलिए लेके जा रही हैं जय हिंद जय श्री राम,1,0,0.0079,0.0047,0.0063,False,False Negative (Missed Hate),0.9937
a knowing that years ago even a worthless chad as this would get bought all of these and its fuels and i see it crafting necklaces consisting of cobbled together skulls,1,0,0.0054,0.0074,0.0064,False,False Negative (Missed Hate),0.9936
i have never been particularly bothered about silencing racists i think the uk is likely one of the less racist countries however having god damn britain first forced down my throat day in and day out is rapidly turning me away from social media,0,1,0.9943,0.9929,0.9936,False,False Positive (Hallucination),0.9936
i am planning attacks upon my people,1,0,0.0102,0.0026,0.0064,False,False Negative (Missed Hate),0.9936
it pleasantly surprised you yesterday that my son said this are no bad guys at high school i hope all stays that way do you,1,0,0.0071,0.0057,0.0064,False,False Negative (Missed Hate),0.9936
wondering why you steal my clothes,1,0,0.0062,0.0065,0.0064,False,False Negative (Missed Hate),0.9936
आज चमचो को मेरा चैलेंज है- 1.या तो पप्पू को प्रधानमंत्री बना की दिखाओ 2.या उसकी शादी करवा के दिखाओ,1,0,0.0042,0.0087,0.0064,False,False Negative (Missed Hate),0.9936
मेरे दिल मई पुलिस मन के लिए बिलकुल व् जगह नहीं है,1,0,0.0032,0.0097,0.0064,False,False Negative (Missed Hate),0.9936
pata kisi ko kuch nahi.bakchodi kar lo bas,0,1,0.9937,0.9934,0.9936,False,False Positive (Hallucination),0.9936
bnd kr apni bkwas gddar,0,1,0.994,0.9932,0.9936,False,False Positive (Hallucination),0.9936
and and jimbo wale s ?,1,0,0.0111,0.0018,0.0064,False,False Negative (Missed Hate),0.9936
scha desh premi isi ko kahte h satta ka moh maya chhorakr bhi desh k liye sochana ak alg ki bat hjai hind jai akhilesh,0,1,0.9936,0.9934,0.9935,False,False Positive (Hallucination),0.9935
जरूरी खबर आपके पास भी है इस बैंक का क्रेडिट कार्ड तो आज से लेट पेमेंट करना पड़ेगा महंगा,1,0,0.0062,0.0068,0.0065,False,False Negative (Missed Hate),0.9935
kahasuni: बिहार में बच्चोें की मौत पर प्रधानमंत्री नरेंद्र मोदी की ख़ामोशी. आपकी राय? #muzaffarpur #bihar #shikhardhawan,1,0,0.0092,0.0037,0.0065,False,False Negative (Missed Hate),0.9935
kon hai ye rundyyy....,1,0,0.0065,0.0064,0.0065,False,False Negative (Missed Hate),0.9935
mountain dewdaar ke maa ke chood,0,1,0.9935,0.9935,0.9935,False,False Positive (Hallucination),0.9935
विडंबना देखिए-- 9वीं फेल तेजस्वी यादव भी जेईई नीट 2020 के खिलाफ विरोध कर रहा है।,1,0,0.0092,0.0037,0.0065,False,False Negative (Missed Hate),0.9935
सदन मे भडवा मनमोहन को रैनकोट पहनकर नाहनेवाला आटिँस्‍ट बोल रहा था!! आज हम कहेगें की हरामखोर पबलिक को चुना लगा रहता है मक्‍खन बताकर link …,1,0,0.0039,0.0091,0.0065,False,False Negative (Missed Hate),0.9935
देश की राजधानी दिल्ली में जातीय भेदभाव का शिकार हुई दलित टीचर डॉ. ऋतु सिंह के न्याय को न्याय मिलना चाहिए। yes/no #justicefordrritu,1,0,0.0058,0.0072,0.0065,False,False Negative (Missed Hate),0.9935
had it yesterday haves wore an underwear since and about to take a mssive dump,0,1,0.9927,0.9943,0.9935,False,False Positive (Hallucination),0.9935
imagine being able to say you know what no sanctions no forever hearings on iaa regulations no more pretense of friendly nuclear energy have days to e in the inspectors quit killing the civilians respect the border and rights of your neighboring country whatever whoever whatever are will shut off your nuclear plant your monitoring system and whatever else whatever fancy like your and early warning sandstorm system and the traffic lights of all major cities yes pinky finger to lip edge so your teenagers revolt and topple your regime facebook buwhahjahahaha,0,1,0.9939,0.9928,0.9934,False,False Positive (Hallucination),0.9934
thy are doing brand promotion,1,0,0.0032,0.01,0.0066,False,False Negative (Missed Hate),0.9934
ghatiya gandagi gairgujri gulchharrey udaney walo ...hatred pungi,0,1,0.9917,0.9949,0.9933,False,False Positive (Hallucination),0.9933
without waiting 2 years for such large grand tournament and four seasons with going next time as focused on the chance that on the wicket keeper s gloves,1,0,0.0065,0.007,0.0067,False,False Negative (Missed Hate),0.9933
i am an ugly gay new video true story haters,0,1,0.9921,0.9946,0.9933,False,False Positive (Hallucination),0.9933
see voiceless uvular fricative,0,1,0.9931,0.9936,0.9933,False,False Positive (Hallucination),0.9933
but i still hate him,1,0,0.0084,0.005,0.0067,False,False Negative (Missed Hate),0.9933
kid will get his ass belted call a kids house and hope for an oh my or dad the sa so and same old shit name and sa he needs to come over at for his blow job then listen through the phone and see him the next day use or what ever your block numb is,0,1,0.9943,0.9923,0.9933,False,False Positive (Hallucination),0.9933
duke chapri,0,1,0.9891,0.9974,0.9933,False,False Positive (Hallucination),0.9933
शांतिपूर्ण प्रोटेस्ट सच में बोल दो ये भी दिल्ली पुलिस का ही करा धरा है।,1,0,0.0052,0.0083,0.0067,False,False Negative (Missed Hate),0.9933
"भाजपा वाले ख़ूब जानते हैं कोन सा #मुद्दा जनता के मुँह पर कब #चिपकाना है #कर्नाटक चुनाव में जिन्ना”गुजरात”में #नीच,”mp”cg और”राजस्थान”मे”बजरंगबली”दिल्ली”पंजाब”हरियाणा”के लिए #राजीव गांधी और #सिख दंगे,12मई के बाद कोई और,ये सिर्फ इसलिए ताकी जनता 2014 का #धोषणा पत्र न देख सके",1,0,0.0082,0.0053,0.0067,False,False Negative (Missed Hate),0.9933
आपको शैतान ने गुमराह कर दिया है जनाब। चुसलाम शांति और भाईचारे का मजा हब है,1,0,0.0062,0.0074,0.0068,False,False Negative (Missed Hate),0.9932
नारी तकबीर अल्लाह-हू-अकबर का नारा लगाते आतंकवादी पत्थरबाज,1,0,0.0029,0.0107,0.0068,False,False Negative (Missed Hate),0.9932
that bitch sucks all thumbs down,1,0,0.007,0.0065,0.0068,False,False Negative (Missed Hate),0.9932
"सांती के बात करते हो, सिधे गोली मारना चाहिये मंदिर तोड़ने वाले हरामी को",1,0,0.0061,0.0075,0.0068,False,False Negative (Missed Hate),0.9932
by the way radio is a jerk,1,0,0.0122,0.0013,0.0068,False,False Negative (Missed Hate),0.9932
a good true comment akm,1,0,0.0078,0.0057,0.0068,False,False Negative (Missed Hate),0.9932
baap nay bharat mata ka rape kar diya,1,0,0.0082,0.0054,0.0068,False,False Negative (Missed Hate),0.9932
इस दुष्ट को अपने नाम में सीता-राम लगाने का कोई अधिकार नहीं है। #नीच,1,0,0.0091,0.0046,0.0068,False,False Negative (Missed Hate),0.9932
a ethiopia is skin color not race,0,1,0.9943,0.9922,0.9932,False,False Positive (Hallucination),0.9932
"अगर ये दलाली छोड़ देंगी तो फिर जय श्री राम के नारे कोन बुलाएगा,,,",1,0,0.0111,0.0025,0.0068,False,False Negative (Missed Hate),0.9932
sari mazzid ka naam batao ek ek ki ma chodni h,0,1,0.9913,0.995,0.9932,False,False Positive (Hallucination),0.9932
have been going to sound just like a stuck record brian why have not you go and found something here useful to play instead,1,0,0.0032,0.0104,0.0068,False,False Negative (Missed Hate),0.9932
राउंड पूरे होने के बाद वोट से आगे चल रहा हूँ।,1,0,0.0113,0.0022,0.0068,False,False Negative (Missed Hate),0.9932
holleringgggggg stunned baby bitch,1,0,0.012,0.0016,0.0068,False,False Negative (Missed Hate),0.9932
ye h khn ka bc,0,1,0.9907,0.9957,0.9932,False,False Positive (Hallucination),0.9932
on se je suit tu loci je europe,1,0,0.0037,0.0102,0.0069,False,False Negative (Missed Hate),0.9931
this is as sacred as all ancient religions,1,0,0.0111,0.0027,0.0069,False,False Negative (Missed Hate),0.9931
as opposed to a non fucking fuck,0,1,0.9921,0.9941,0.9931,False,False Positive (Hallucination),0.9931
russia canada give to years they pack you up send you back to where you came from canada does not talk about it in media but people who were teaching refugees said they were unable to adapt learn english were,0,1,0.9935,0.9927,0.9931,False,False Positive (Hallucination),0.9931
they probably stole a gang of stuff,1,0,0.0052,0.0086,0.0069,False,False Negative (Missed Hate),0.9931
मंत्रालय के वैज्ञानिक पैनल के कुछ व्यक्ति कोरोना की एक कथित दवाई की स्वीकृति पर रोक लगा रहे हैं।,1,0,0.0097,0.0041,0.0069,False,False Negative (Missed Hate),0.9931
जम्मूकश्मीर के पुलवामा में शहीद श्री जिलाजीत यादव जी की वीरता अविस्मरणीय है। इस हेतु जनपद की एक सड़क का नामकरण शहीद जिलाजीत यादव जी के नाम पर होगा। द्वारा शहीद श्री जिलाजीत जी के एक परिजन को सरकारी नौकरी और आर्थिक सहायता स्वरूप ₹ लाख की धनराशि प्रदान की जाएगी।,1,0,0.006,0.0078,0.0069,False,False Negative (Missed Hate),0.9931
they still make allowance self respect gone or whatt,0,1,0.9941,0.992,0.9931,False,False Positive (Hallucination),0.9931
so much hatred?. but dont worry teri aukaat uske jute chaatne ki bhi nahi hai,1,0,0.0125,0.0013,0.0069,False,False Negative (Missed Hate),0.9931
mahilay nhi mullani,0,1,0.9939,0.9924,0.9931,False,False Positive (Hallucination),0.9931
shut the fuck up before i put a hamster up your ass,0,1,0.9939,0.9924,0.9931,False,False Positive (Hallucination),0.9931
शुक्रिया कैलाश जी हमें इसी तरह देश के लोगों की मदद करनी है और उन्हें कोरोना से बचाना है।,1,0,0.009,0.0048,0.0069,False,False Negative (Missed Hate),0.9931
gravity gyi mc,0,1,0.9918,0.9944,0.9931,False,False Positive (Hallucination),0.9931
this city is filled with all kinds of plagues strikebreaker cockroach kurryhds,1,0,0.0121,0.0019,0.007,False,False Negative (Missed Hate),0.993
chacha madarchd,0,1,0.9924,0.9935,0.993,False,False Positive (Hallucination),0.993
"70 साल तक देश को लूटने वाली #कांग्रेस के पास चुनाव लड़ने के पैसे नहीं थे, और 5 साल की ईमानदार पार्टी ने 27000 करोड़ रु खर्च कर दिए।,,,",1,0,0.0075,0.0068,0.0071,False,False Negative (Missed Hate),0.9929
trumpisatraitor imf trump now says he would absolutely report foreign help,0,1,0.9919,0.9939,0.9929,False,False Positive (Hallucination),0.9929
#ग्वालियर में घर के दरवाजे पर खड़ी 4 साल की बच्ची को पड़ोसी के #कुत्ते ने चीथकर मार डाला। इसी महीने #भोपाल में भी आवारा कुत्तों ने 6 साल के बच्चे को नोंच-नोंचकर मार डाला था। #दुखद,1,0,0.0077,0.0066,0.0071,False,False Negative (Missed Hate),0.9929
personal property donated by muslims why u interfere in others property's your community people have forcefully taken muslims property at time independence why your ancestors migrated from africa check your dna.,0,1,0.9926,0.9931,0.9929,False,False Positive (Hallucination),0.9929
"आर्टिकल 15 मूवी देखकर तो हमारा इरादा और भी बुलन्द हो गया अब हम कभी भी बहुजन समाज पार्टी का साथ नही छोडेंगे बहन जी जिन्दाबाद,,,",1,0,0.0064,0.0078,0.0071,False,False Negative (Missed Hate),0.9929
against leftists accusations say they are nazis because gratuitous and completely contrary to principle while all of those are not aware of the deep truth that they not realized,1,0,0.0085,0.0058,0.0071,False,False Negative (Missed Hate),0.9929
no doubt the obama fostered hate division chaos and anarchy they are th,0,1,0.9915,0.9944,0.9929,False,False Positive (Hallucination),0.9929
ये फोटो नीट और जेईई परीक्षा केंद्रों की हैं। जब परीक्षा केंद्रों की यह हालत है तो फिर परीक्षा कैसे आयोजित होगी भारी बारिश के चलते सड़कों और घरों में हुआ जलभराव,1,0,0.0073,0.007,0.0071,False,False Negative (Missed Hate),0.9929
"70 साल से मुसलमान एक होकर वोट कर रहे थे तो सब ठीक था , 5 साल से हिंदू एक हो कर के वोट क्या करने लगे सब का पजामा फट गया.....",1,0,0.0039,0.0102,0.0071,False,False Negative (Missed Hate),0.9929
wiggah s are created when they can and t import the genuine black,0,1,0.9915,0.9943,0.9929,False,False Positive (Hallucination),0.9929
it s not okaaaaaay to be laaaaatiiiiino,1,0,0.0056,0.0086,0.0071,False,False Negative (Missed Hate),0.9929
hamh garb ha apna uttarakhandi hona par or hindu hona par kam sa kam up ka hijado hindu ke taraf to nhi,0,1,0.9942,0.9916,0.9929,False,False Positive (Hallucination),0.9929
conservatives are social leeches and the scum of the earth,0,1,0.9942,0.9915,0.9929,False,False Positive (Hallucination),0.9929
सबकुछ वही है बस मंच का सेटअप बदल गया महेंद्र सिंह धोनी गए थे तब यह काँफ्रेन्स हाॅल था साहेब के लिए वहाँ दूसरा इवेन्ट करना था तो अस्पताल का जनरल वार्ड बना दिया गया। आपको याद होगा मुरली प्रसाद शर्मा भी यही करता था अरे वही अपना मुन्ना भाई एमबीबीएस,1,0,0.0031,0.0111,0.0071,False,False Negative (Missed Hate),0.9929
got hit on by a yeah right old cripple thinking even if i were to accept your sexual advances there would not be much you could do about it,0,1,0.9942,0.9914,0.9928,False,False Positive (Hallucination),0.9928
"pm ji की तारीफ करने वाली #प्रज्ञा_ठाकुर को संसद भेज दिया और ख़िलाफ बोलने वाले पूर्व ips को जेल, क्या न्याय अंधा है या झुका हुआ है...? #sanjivbhatt",1,0,0.0094,0.005,0.0072,False,False Negative (Missed Hate),0.9928
जून की रात गलवान घाटी पर हुई उस मुठभेड़। तिरंगे में लिपटे ताबूतों की एक फोटो।,1,0,0.0105,0.0039,0.0072,False,False Negative (Missed Hate),0.9928
गणेश विसर्जन आज विसर्जन के बाद मिट्टी और पानी को गमले या पेड़पौधों में डालें ताकि पैर न लगे,1,0,0.0033,0.0111,0.0072,False,False Negative (Missed Hate),0.9928
waysy tottiveer kya kr rha hai.. ab tho koyi kaam bacha hi nhi tho business krny k preparation kr lyga tho behter hoga...,0,1,0.9943,0.9913,0.9928,False,False Positive (Hallucination),0.9928
: लेहरू जी के pm रहते समय सन 62 में चीन द्वारा छीनी रेकीन पहाड़ी पर 57 साल बाद भारतीय सैनिकों ने कब्ज़े में लेकर फहराया…,1,0,0.0113,0.0031,0.0072,False,False Negative (Missed Hate),0.9928
"भारत की"" अछूत ""जाति में से एक झाड़ू रखती है जिसका उपयोग वह सड़कों, यार्ड और घरों में करता है, 2 जून, १९४६ । अछूत, या जैसा कि गांधी कहते हैं, हरिजन (ईश्वर की संतान), देश के सभी ""अशुद्ध"" काम करते हैं । गांधी ने बार-बार कहा है कि दमनकारी ब्रिटिश शासन का अभिशाप अस्पृश्यता के पाप की उचित सज़ा थी जो उच्च जाति के हिंदुओं ने कई शताब्दियों के लिए अभ्यास किया है। यह फ़ोटोग्राफ़ एसोसिएटेड प्रेस के स्टॉफ़ फ़ोटोग्राफर मैक्स देस्फोर ने ली थी",1,0,0.0111,0.0034,0.0072,False,False Negative (Missed Hate),0.9928
bs kr de taao hate speech ki,1,0,0.0081,0.0063,0.0072,False,False Negative (Missed Hate),0.9928
tuzya aai la zavli... undhge,0,1,0.9903,0.9952,0.9928,False,False Positive (Hallucination),0.9928
i noticed why don t you get a life,1,0,0.0067,0.0076,0.0072,False,False Negative (Missed Hate),0.9928
why would when he use flying carpets to travel instead of planes it would feel safer for use of me,1,0,0.0093,0.0051,0.0072,False,False Negative (Missed Hate),0.9928
i will not like how when we pass my landlord by i don't think it is offensive so,1,0,0.0103,0.0041,0.0072,False,False Negative (Missed Hate),0.9928
यह मुझे चकित करता है की लोग महिलाओं के जीवन के बारें में थोड़ी सी भी परवाह कटे हैं,0,1,0.9911,0.9945,0.9928,False,False Positive (Hallucination),0.9928
".2o some people, in order to get likes, start speaking ill about other's religion. it was necessary to answer them, that is why i had to say all this. if anyone feels bad then i apologize.",1,0,0.0122,0.0021,0.0072,False,False Negative (Missed Hate),0.9928
the vise objavljujete price aladi zaposlenih loud bill bi bole,0,1,0.9904,0.9951,0.9927,False,False Positive (Hallucination),0.9927
आरोपी फारुख खान ने कहा नाबालिग बेटे की वजह से हुआ ऐसा,1,0,0.01,0.0046,0.0073,False,False Negative (Missed Hate),0.9927
bade bhai maa chudae was personal,0,1,0.9944,0.991,0.9927,False,False Positive (Hallucination),0.9927
hijade,0,1,0.9887,0.9966,0.9927,False,False Positive (Hallucination),0.9927
if i were there i would have started a fu*kin fight.but this woman earns my respect,1,0,0.0061,0.0085,0.0073,False,False Negative (Missed Hate),0.9927
ye thoda bhen ka laoda hai kya,0,1,0.9944,0.991,0.9927,False,False Positive (Hallucination),0.9927
bhai iska panga hamre jaise haramiyo se na ho bs warna kya hota,0,1,0.9891,0.9964,0.9927,False,False Positive (Hallucination),0.9927
"आज #आसाम में ये हालत है तो कल यूपी और दिल्ली में नजर जरूर आएंगे! बल्कि दिल्ली में तो देश भर के कोने-कोने से आकर लोग बसे हुए हैं, वो कहां से अपने कागज दिखायेंगे!",1,0,0.0051,0.0095,0.0073,False,False Negative (Missed Hate),0.9927
but so i am not saying by five to seven years that is crazy stuff i cannot see how on this earth they got those numbers i would say in years time it is inevitable that europe will face a decision which is absolutely unavoidable between whether europe will continue on the lines it is taken currently which is to be founded on christianity on the identities including ethnic identities and if you must the color of european people and and on the secular and democratic traditions that grew just out of it our christianity and our where are you of doing things and a choice is between that and becoming an islamic caliphate there is no question about it the government figures show it,1,0,0.0074,0.0071,0.0073,False,False Negative (Missed Hate),0.9927
बेरूत धमाके के बाद लेबनान की सरकार ने दिया इस्तीफ़ा बेरूत में अनजाने में हुये धमामे की जिम्मेदारी लेने हुये लेबनान की सरकार इस्तीफा दे देती है दूसरी और भारत में धमाका करवा कर सैनिकों की हत्या करवा कर उनके नाम पर वोट लेकर सरकार बनाते link link,1,0,0.0032,0.0114,0.0073,False,False Negative (Missed Hate),0.9927
homosexuality and the punishment being equal to adultery are whatever sure that al qaradawi said that people who commit homosexual acts should be stoned as the wikipedia clause currently assert it all depends on the arabic words he used if he said the punishment should be the same as those who invest jinnah then it is lashes for those world health organization are unmarried and stoning to death for those world health organization are married that is not the like as saying all homosexuals should be stoned,1,0,0.01,0.0046,0.0073,False,False Negative (Missed Hate),0.9927
जन्म के तुरंत बाद शिशु को मां का दूध और शुरुआत के दिन सही पोषण है जरूरी। देखिए पोषण के क्या हैं आधार,1,0,0.0054,0.0093,0.0074,False,False Negative (Missed Hate),0.9926
let us all just ride bicycles no thanks aka i love what i drive my car stereo my bluetooth my sunroof and the comfortable seats aka if whatever were meant to ride bicycles god or the powers that be would have not invented cars aa i will continue to buy gas,1,0,0.011,0.0037,0.0074,False,False Negative (Missed Hate),0.9926
their lives don't know,1,0,0.0031,0.0117,0.0074,False,False Negative (Missed Hate),0.9926
बाहर जा कर इसे फ़ेसबुक पर अपलोड कर दो केईएम को टैग भी कर देना केजरवाल कुछ तो शर्म करोकेजरवाल कुछ तो शर्म करो हद हो गई भाई। नहीं समलता तो बताओ राष्ट्रपति शासन लागू करने का अनुरोध करें,1,0,0.0049,0.0099,0.0074,False,False Negative (Missed Hate),0.9926
channel crosses ruin british culture,1,0,0.0033,0.0114,0.0074,False,False Negative (Missed Hate),0.9926
gandu ne bola na,0,1,0.9921,0.9931,0.9926,False,False Positive (Hallucination),0.9926
"कई जगह पत्रकार कूटे जा रहे हैं, तमाम पत्रकारो के ट्वीट भी आ रहे हैं। भइया आपकी दलाली वाली पत्रकारिता ने जिस विचारधारा को बढ़ावा दिया है, उसी का असर है। बस इंतजार कीजिए अभी तो शुरुआत है, एक दिन खोज खोजकर पर पीटे जाएंगे।",1,0,0.0069,0.0079,0.0074,False,False Negative (Missed Hate),0.9926
ha kamyaji ye aapne sahi dekha hai esi hai wo.tabhi to sabhi use etna hate karte hai in se to swami om bhi achhe the yaar #thooo hina khan haak thooooooooook,1,0,0.0088,0.0059,0.0074,False,False Negative (Missed Hate),0.9926
"*वो अपने मोहल्ले को छोटा पाकिस्तान कहते रहे, हम चुप रहे।* *वो पाकिस्तान की मैच जीतने पर पटाखे फोड़ते रहे, हम चुप रहे।* *आज वो जवानों के शहीद होने पर जश्न मना रहे, हम आज भी चुप बैठे हैं।* *भेनचोद हम कब बोलेंगे जब ग़ज़वा ए हिन्द होगा तब?*",1,0,0.004,0.011,0.0075,False,False Negative (Missed Hate),0.9925
"#आमचीमुंबई के अंगने में pok का क्या काम है जिसे ऐसा दिखे, वो क्या कम बदनाम है...",1,0,0.0033,0.0117,0.0075,False,False Negative (Missed Hate),0.9925
munawar chuuuu,1,0,0.0033,0.0117,0.0075,False,False Negative (Missed Hate),0.9925
yes... mo go go analyze d ma nao sam the big mobile job on wink ashley smirk,1,0,0.0121,0.0029,0.0075,False,False Negative (Missed Hate),0.9925
jesus loves you,0,1,0.9942,0.9908,0.9925,False,False Positive (Hallucination),0.9925
eddie gizzard is a man sorry that he does not fit the only narrow gender binary your feeble brain can process,0,1,0.994,0.9908,0.9924,False,False Positive (Hallucination),0.9924
'अंजना ओम मोदी' भारतीय पत्रकारिता की 'राखी सावंत' हैं। #shameonanjanaomkashyap,1,0,0.0035,0.0118,0.0076,False,False Negative (Missed Hate),0.9924
keep up your little attack propel and we will keep editing everything you do grow up little man and move out of your parent s basement,0,1,0.9928,0.992,0.9924,False,False Positive (Hallucination),0.9924
क्या कर रहा है ये आबकारी अमला काहे के लिए बैठा है ये दारु इतनी फ़ैला दो पूरे प्रदेश में की पिए और पड़ें रहें,1,0,0.0067,0.0084,0.0076,False,False Negative (Missed Hate),0.9924
i just want to know why the girl do not like me loudly crying face face with tears of joy what i ever do to your hoe other than give you rides and be nice to you face with tears of joy woman facepalming light skin tone hating ass hoe,1,0,0.0106,0.0046,0.0076,False,False Negative (Missed Hate),0.9924
बेकार सब्जी खाने से पहले मई मर जाना पसंद करूँगा,1,0,0.0035,0.0116,0.0076,False,False Negative (Missed Hate),0.9924
and stop crying bhakt when you are corner with no noetic answer to offer trust me take a book it willard,1,0,0.009,0.0062,0.0076,False,False Negative (Missed Hate),0.9924
क्या आपके कोर्स में दलित हैं,1,0,0.0057,0.0096,0.0076,False,False Negative (Missed Hate),0.9924
नसीरूद्दीन शाह की भी तबियत खराब होने की खबर आ गयी है। ये हमेशा भीड़ भाड़ में रहने वाले कलाकार लगता है! कि लॉकडाउन की कैद झेल नही पा रहे हैं। #standwithshruti,1,0,0.0117,0.0035,0.0076,False,False Negative (Missed Hate),0.9924
माना की बाकी दिन आप बिजी रहते हैं लेकिन आज तो छुट्टी का दिन रविवार हैं आज तो खुद से ही बोल दीजिये जय श्री राम,1,0,0.0059,0.0093,0.0076,False,False Negative (Missed Hate),0.9924
kon hate karta hai tumhay? dafa karo usay bas.,1,0,0.0116,0.0036,0.0076,False,False Negative (Missed Hate),0.9924
nikal lvdi,0,1,0.9906,0.9943,0.9924,False,False Positive (Hallucination),0.9924
be and healthy you be deceived if you trust too much but you will live in torment if you trust not enough a frank crane title can,0,1,0.9932,0.9916,0.9924,False,False Positive (Hallucination),0.9924
itihas sudharak government kyo rape ke against koi qanun nahi bana rahi h,1,0,0.0096,0.0057,0.0076,False,False Negative (Missed Hate),0.9924
kidney me attack aa gaya yeah dekh k,0,1,0.9921,0.9927,0.9924,False,False Positive (Hallucination),0.9924
tumhari ma t sudhir dalal,0,1,0.991,0.9938,0.9924,False,False Positive (Hallucination),0.9924
ऊसके मुंह में कटा हुआ जो ठुसा है।कैसे बोलेगा हरामी।,1,0,0.0063,0.0089,0.0076,False,False Negative (Missed Hate),0.9924
ऐसा लग रहा है कि हम लोगों ने दिल्ली चुनाव में नहीं एक रियलिटी शो में वोटिंग की थी| जहां एक मॉडल जीत कर दिल्ली का मुख्यमंत्री बन गया और अब पूरा दिन टीवी पर आकर विज्ञापन देता रहेगा#kejriwalliedpeopledied,1,0,0.0119,0.0034,0.0077,False,False Negative (Missed Hate),0.9923
yeah she ought to give going after i s l an am a shot they are much more fundamentalist rigid steeped in religious dogma and practices but then again they might blow up her car see oh an are d,0,1,0.9943,0.9902,0.9923,False,False Positive (Hallucination),0.9923
that is just every bit expectant a fallacy as the oil fallacy the atomic number 92 had zip to do with the origination of all pansy,1,0,0.0052,0.0101,0.0077,False,False Negative (Missed Hate),0.9923
देश की रक्षा करते हुए प्राणों की आहुति देने वाले श्री प्रशान्त शर्मा जी के परिजनों के प्रति मेरी संवेदनाएं। शहीद के परिजनों को ₹ लाख की आर्थिक सहायता तथा एक सदस्य को सरकारी नौकरी प्रदान करेगी। जनपद मुजफ्फरनगर की एक सड़क का नामकरण शहीद प्रशान्त जी की स्मृति में होगा।,1,0,0.0092,0.0062,0.0077,False,False Negative (Missed Hate),0.9923
mountain dew dar ke maa ki chu ...,1,0,0.0031,0.0123,0.0077,False,False Negative (Missed Hate),0.9923
ab bol na dhruv rathi madarchod...,0,1,0.9905,0.9941,0.9923,False,False Positive (Hallucination),0.9923
"बाबासाहब को ब्राह्मणों ने मंदिर जाने से रोका, बाबासाहब ने ब्राह्मणों के मंदिर और धर्म दोनो को छोड़ दिया, सुन रहे हो न अछूतो #जय_भीम #banevm #banrss #evmsarkar #evmpm #bandigitalelections",1,0,0.0129,0.0025,0.0077,False,False Negative (Missed Hate),0.9923
liars like the antifa twins you vigorously defend,0,1,0.9934,0.9911,0.9923,False,False Positive (Hallucination),0.9923
किसी को भी बाढ़ या अन्य आपदा के संबंध में कोई भी समस्या होती है तो वह आपदा नियंत्रण केन्द्र या कंट्रोल हेल्प लाइन नंबर पर फोन कर सम्पर्क कर सकता है राहत आयुक्त श्री संजय गोयल जी,1,0,0.0055,0.01,0.0077,False,False Negative (Missed Hate),0.9923
i will be the only one that claims this coronavirus is such a great hoax yet i for certain am glad that more minorities aren concerned than whites,1,0,0.0043,0.0111,0.0077,False,False Negative (Missed Hate),0.9923
ghasti,1,0,0.0037,0.0117,0.0077,False,False Negative (Missed Hate),0.9923
"l0du usne live cheap minister bola hai , 2014, me kejriwal cm nhi tha ... that why u called andhbhakt",1,0,0.0108,0.0046,0.0077,False,False Negative (Missed Hate),0.9923
aayodhe mdhe disu nkos andhare tula divsa pn andhar disel yed zavi avdhad chi dusri bayko,0,1,0.9941,0.9904,0.9923,False,False Positive (Hallucination),0.9923
muslim bhenchod,0,1,0.9884,0.9961,0.9923,False,False Positive (Hallucination),0.9923
"sach to ye h spa aj sirf ac room wali party bnkr reh gie h ,isme na wzn dikhta h na vision kbi rahul kbi maya ,sb beda grk kr dia wo spa jo jnta k hr mudde pr sangharsh krti thi ,ldti thi aj sirf chmchagiri tk seemit reh gie h sach to ye h spa aj sirf ac room wali party bnkr reh gie h ,isme na wzn dikhta h na visionkbi rahul kbi maya ,sb beda grk kr diawo spa jo jnta k hr mudde pr sangharsh krti thi ,ldti thi aj sirf chmchagiri tk seemit reh gie h …",0,1,0.9926,0.992,0.9923,False,False Positive (Hallucination),0.9923
"i hate calling him ""maulana"". jitna ganda islam ko is banday nay kiya utna kissie nay nahi kiya hai",0,1,0.9913,0.9932,0.9923,False,False Positive (Hallucination),0.9923
irrelevant factoid should definitely not appear in the lead,0,1,0.9944,0.9903,0.9923,False,False Positive (Hallucination),0.9923
didn t you already say this radioactive let me guess you think it is so impressive you have it saved in it means cool a k a so you can copy and paste it at will going to go pick on fat people right do not have the expect will be shown for your stupidity t either as whatever discussed above i do not like nazis and i do not owe you tolerance why do not you man or woman up and post a picture of yourself i will be happy to tear you apart in just the same where are you you are attempting to tear others up did not expect that here did you d all be willing with you teach you that some of disgusted by i am done trolling for the day just know whatever exist and can be just as mean and hateful as you wink or smirk you want to have a respectful thoughtful i suggest you start showing and thoughtfulness,0,1,0.9923,0.9923,0.9923,False,False Positive (Hallucination),0.9923
alisa and i and one other cool girl just had to fight this not all men dickhead i hope he fucking dies,0,1,0.9931,0.9914,0.9922,False,False Positive (Hallucination),0.9922
हिजड़े शानदार हैं,1,0,0.0101,0.0055,0.0078,False,False Negative (Missed Hate),0.9922
you future accounts and socks have been banned from wikipedia per,0,1,0.9943,0.9901,0.9922,False,False Positive (Hallucination),0.9922
kitne bar bolu tuje haa kiya me gadari tere bhain ke sat ja jo karna hai kar zatu,1,0,0.0099,0.0057,0.0078,False,False Negative (Missed Hate),0.9922
sve not applicable gold took i sve piss off krakow posture strati dubai,0,1,0.9938,0.9905,0.9922,False,False Positive (Hallucination),0.9922
f you dea you and your useless war on drugs stick to prescription med fraud at least lay off the weed that shit is safer than alcohol,0,1,0.9937,0.9907,0.9922,False,False Positive (Hallucination),0.9922
khalistani randikhani,0,1,0.9873,0.9971,0.9922,False,False Positive (Hallucination),0.9922
महावीर मंदिर पटना से भेजे गये घी से अयोध्या राम जन्मभूमि पर जलने लगा अखंड दीप,1,0,0.0047,0.011,0.0078,False,False Negative (Missed Hate),0.9922
पाकिस्तानी सिर्फ एक और प्रकार की गंदगीहै,0,1,0.992,0.9923,0.9921,False,False Positive (Hallucination),0.9921
bhen ki lavdi,0,1,0.9869,0.9974,0.9921,False,False Positive (Hallucination),0.9921
let’s start a new trend . #boycottdhruvrathee,1,0,0.0076,0.0082,0.0079,False,False Negative (Missed Hate),0.9921
s cut little newton a break product of an emotionally unstable teen mother forced into a shotgun marriage grew up in a dysfunctional family rejected by his father small wonder he is given to delusions of grandeur and narcissism inept at running anything but his mouth the american electorate couldn t invest their hopes in this whatever did obama stupidity is doing the same dumb thing over again expecting a different result for change you can believe in why not try electing an adult for a change in,0,1,0.9937,0.9905,0.9921,False,False Positive (Hallucination),0.9921
आर्मी में चमचा गिरी की परंपरा को इसने शुरू किया है । सत्ता के एजेण्डे का भाषा बोलता है ।,1,0,0.0103,0.0056,0.0079,False,False Negative (Missed Hate),0.9921
hopefully the ca conservatives will vote every liberal out of office they have tarnished and destroyed the state stop letting the bay area control the entire state would not that be golden ask people if they need a ride to the polls votary buildthewall indiana,0,1,0.994,0.9903,0.9921,False,False Positive (Hallucination),0.9921
who the fuck said women should not play sports they should ignore shit said by some lame ass dudes and puncture their pathetic delusions of patriarchy,0,1,0.9926,0.9913,0.992,False,False Positive (Hallucination),0.992
i think that white women who cannot find a suitable white partner for whatever reason should not delay childbearing but should go to a sperm bank and start having white kids,0,1,0.9914,0.9926,0.992,False,False Positive (Hallucination),0.992
another slut who is yours you got happy face or wait,1,0,0.0121,0.004,0.008,False,False Negative (Missed Hate),0.992
वंदेमातरम पर राजनीति करने वाले अगर बिना देखे 'वन्देमातरम' पूरा गीत गा दें। तब मैं उन्हें दिल से सेल्यूट करूँगा। नहीं तो धिक्कार है,1,0,0.0046,0.0114,0.008,False,False Negative (Missed Hate),0.992
wtf gravity ka net kharab hai kya,0,1,0.9942,0.9898,0.992,False,False Positive (Hallucination),0.992
"बसपा आने से पहले कितने लोग फुले, शाहू, गाडगे, पेरियार को जानते थे कितने जिले कस्बे ग्राम ,स्कूल, कॉलेज, अस्पताल, पार्क, समुदाय केंद्र व कितनी सरकारी योजनाएं इनके नाम से चल रही थी",1,0,0.0095,0.0065,0.008,False,False Negative (Missed Hate),0.992
congress be like-chutiya banaya tumko,0,1,0.9944,0.9896,0.992,False,False Positive (Hallucination),0.992
vah didi vah maja a gaya dekh ke ji aap kya chutiyapana machaiyo maje hi a gaya dekh ke vah didi vah,0,1,0.9866,0.9971,0.9919,False,False Positive (Hallucination),0.9919
एक बात पुछनी थी जो लोग कांग्रेसी बन चुके है वो फिर से इंसान बन सकते है क्या या चमचे ही रहेंगें,1,0,0.0088,0.0075,0.0081,False,False Negative (Missed Hate),0.9919
nehru behenkelode,0,1,0.988,0.9958,0.9919,False,False Positive (Hallucination),0.9919
bengal ka or ak randi,0,1,0.9869,0.9969,0.9919,False,False Positive (Hallucination),0.9919
go ruin someone else ??s other article,1,0,0.0035,0.0128,0.0081,False,False Negative (Missed Hate),0.9919
श्री अयोध्या जी में श्री राम मंदिर निर्माण ब्रह्मलीन महंत दिग्विजयनाथ जी महाराज एवं ब्रह्मलीन महंत अवेद्यनाथ जी महाराज के जीवन का अभीष्ट था। मंदिर निर्माण कार्य प्रारंभ होने के उपरांत देश में पहली रामकथा का आयोजन श्री गोरक्षपीठ में ही हो रहा है। यह अतीव प्रसन्नता का विषय है।,1,0,0.0128,0.0034,0.0081,False,False Negative (Missed Hate),0.9919
thori c sharam b nae ha .. !! kon kar raa ha terrorism !! ultaa chor kotowaal ko dantay .. !!,1,0,0.0049,0.0112,0.0081,False,False Negative (Missed Hate),0.9919
owaisi apni chuda,0,1,0.9904,0.9935,0.9919,False,False Positive (Hallucination),0.9919
to maa chudale builder ke niche,0,1,0.9944,0.9892,0.9918,False,False Positive (Hallucination),0.9918
you wont hear it here jobless claims lowest since four years before you were born dow in record territory how many times now since got to be a pile of shit in this room of ponies right at maga,0,1,0.9943,0.9892,0.9918,False,False Positive (Hallucination),0.9918
प.बंगाल में cm ममता बनर्जी की मज़किया तस्वीर पोस्ट करने के लिए गिरफ्तार हुई bjp कार्यकर्ता प्रियंका शर्मा के भाई ने अवमानना याचिका दाखिल की। कहा- sc से तुरंत रिहाई का आदेश मिलने के बावजूद 2 दिन बाद रिहा किया गया था। sc ने राज्य सरकार को नोटिस जारी कर 4 हफ्ते में जवाब देने को कहा,1,0,0.0157,0.0008,0.0082,False,False Negative (Missed Hate),0.9918
आपातकालीन प्रतिक्रिया सेवा अटारी में चली गई फोटो किशोर विजयवाड़ा,1,0,0.0061,0.0104,0.0082,False,False Negative (Missed Hate),0.9918
औलादों को जब धर्म का कीड़ा खा जाऐ तो बुजुर्गो को मैदान में उतरना पड़ता है।।,1,0,0.0066,0.0098,0.0082,False,False Negative (Missed Hate),0.9918
आपके जैसे समलैंगिक लोगो को पता होना चाहिए की आपका जीवन बेकार है,0,1,0.9893,0.9943,0.9918,False,False Positive (Hallucination),0.9918
currently sup vagina kicker,0,1,0.9941,0.9894,0.9918,False,False Positive (Hallucination),0.9918
like any new group some you ll like and some you to and t,0,1,0.9933,0.9903,0.9918,False,False Positive (Hallucination),0.9918
only black members can make kit zen,0,1,0.994,0.9897,0.9918,False,False Positive (Hallucination),0.9918
haan khuch log to twtr se v murder kr shakte hain apni ghatiya tweets se aayi,0,1,0.99,0.9936,0.9918,False,False Positive (Hallucination),0.9918
i am absolutely against any plan to harm any black women,0,1,0.9921,0.9916,0.9918,False,False Positive (Hallucination),0.9918
देखो भाईयो रेलवे का सबसे बड़ा भिखारी किस तरह रेलवे लाइन पर भीख मांग रहा है थोड़ा इन्हे फेमश कर दोमेरी बात समझ रहे हैं न,1,0,0.0119,0.0046,0.0082,False,False Negative (Missed Hate),0.9918
rona what a slut a bitch but she is got pizzazz wait why do whatever hate her again plus she sent that decoy on a suicide mission or what a slut that under giles orders talk to me,1,0,0.012,0.0045,0.0082,False,False Negative (Missed Hate),0.9918
the nazis are all in russia microbrain,0,1,0.9925,0.991,0.9918,False,False Positive (Hallucination),0.9918
i cannot promise it will not get to,1,0,0.0051,0.0114,0.0083,False,False Negative (Missed Hate),0.9917
अन्ना हजारे ने अरविंद केज़रीवाल को थप्पड़ मारने का मज़ाक बनाया उसे थप्पड़ मारा गया था केवल एक थप्पड़,1,0,0.0037,0.013,0.0083,False,False Negative (Missed Hate),0.9917
so glad i am not a disgusting drug taking reseller,0,1,0.9892,0.9941,0.9917,False,False Positive (Hallucination),0.9917
इस कैप्शन के साथ बिकिनी में तीन लड़कियों की फ़ोटो शेयर की गयी है कुछ ऐसी पोस्ट्स आप नीचे देख सकते हैं इनके आर्काइव्ड वर्शन क्रमशः यहाँ और यहाँ देखें,1,0,0.0047,0.0119,0.0083,False,False Negative (Missed Hate),0.9917
aa 4 eve i gang ii federal bernardino,1,0,0.0145,0.002,0.0083,False,False Negative (Missed Hate),0.9917
lundnamazi ka bhi koi treatment nahi h sariya law ko inki gaane me daal dwna chahiye theek h,0,1,0.9861,0.9973,0.9917,False,False Positive (Hallucination),0.9917
नाम के आगे गर्व से #मैं_भी_चौकीदार' लिखने वालों को अब शर्म से ' #मैं_भी_जिम्‍मेदार' भी लिख लेना चाहिए,1,0,0.0057,0.0109,0.0083,False,False Negative (Missed Hate),0.9917
personal interview is one important component of the hiring process and selling yourself off and naturally let was make sure we are fully finished atn,1,0,0.0138,0.0028,0.0083,False,False Negative (Missed Hate),0.9917
one men trash is another men treasure believe,0,1,0.9936,0.9899,0.9917,False,False Positive (Hallucination),0.9917
मध्यप्रदेश में स्थानों पे आज से प्रारंभ हो रहे आक्सीजन जांच अभियान के विषय में प्रदेश कार्यालय पर पत्रकार वार्ता आयोजित की गयी।,1,0,0.0119,0.0048,0.0083,False,False Negative (Missed Hate),0.9917
i know who you are and if you edit any of my stuff again then i will smash your face in,1,0,0.0123,0.0046,0.0084,False,False Negative (Missed Hate),0.9916
"तू बता संजू गैंडा राज्य सभा मे तू तो आतंकी मोड में था, शुभम टाकीज की आदत तेरी गयी नही चूतिये भड़वे साले",1,0,0.0136,0.0031,0.0084,False,False Negative (Missed Hate),0.9916
tu kisi din bina gaanja fooke hamare paas aaja jo tere upar upari vhakkar hei na wo utar denge tadipar,0,1,0.9938,0.9894,0.9916,False,False Positive (Hallucination),0.9916
news mai dekhte nahi in chakro makn khoon hojate,1,0,0.0103,0.0064,0.0084,False,False Negative (Missed Hate),0.9916
britney no source first off your letting your britney obsession give her title of songwriter which there is no source saying she is i understand you want brit to seem artistic but she isn t if you go to celine ions page a much bigger more popular artist you would see that it means cool a k a occasional is added before songwriter to show that they just write a little and not by themselves so please do not change it to just songwriter alone since she is not one,0,1,0.9905,0.9928,0.9916,False,False Positive (Hallucination),0.9916
if i hack on your account i be going to poop on you if i wiki this page i be going to punch you in the nerve,1,0,0.0132,0.0037,0.0084,False,False Negative (Missed Hate),0.9916
बंगाल में bjp सरकार नही है इस लिए सभी मीडिया वाले भाजपा के कार्यकर्ता बनकर काम कर रहे है। 1 बच्चे की जान जाने पर बंगाल सरकार से सवाल करते है अच्छा करते है। पर ये दोगले पत्तलकार bjp शासित राज्यों में कहा चले जाते है? up में सिर्फ लाख रुपये की वजह से 1000 बच्चों की जान गई थी।,1,0,0.0062,0.0106,0.0084,False,False Negative (Missed Hate),0.9916
dont worry your time will come play hard and listen the coach frost he is a winner a championship coachamerican football,1,0,0.0128,0.004,0.0084,False,False Negative (Missed Hate),0.9916
muslamno ko mecca aur madina k nam pe cash karwata raha,0,1,0.9941,0.989,0.9916,False,False Positive (Hallucination),0.9916
sex karo iske saath,1,0,0.0085,0.0083,0.0084,False,False Negative (Missed Hate),0.9916
mountain dew dark madarchod,0,1,0.9876,0.9956,0.9916,False,False Positive (Hallucination),0.9916
up wale dogle,0,1,0.9861,0.9972,0.9916,False,False Positive (Hallucination),0.9916
"कट्टरता आपको बस जाहिल बनाती है, फर्क नही पड़ता आप किस धर्म से हो।",1,0,0.0058,0.0112,0.0085,False,False Negative (Missed Hate),0.9915
it surprised my yesterday that my son said there are no disabled people in his school i am truly relieved,1,0,0.012,0.005,0.0085,False,False Negative (Missed Hate),0.9915
yeh bacha hiljul kyun nahin ho raha hei bhai...talent bakchodi,0,1,0.9896,0.9933,0.9915,False,False Positive (Hallucination),0.9915
we would kick them up too if it was not two different shower room bell peppers running the country at one moment,1,0,0.0079,0.009,0.0085,False,False Negative (Missed Hate),0.9915
tum ghar par raho khelnay layak nahi ho tumare baje aaj india her gaye i hate u,0,1,0.9939,0.9891,0.9915,False,False Positive (Hallucination),0.9915
शरजील इमाम को फरवरी में पूर्वोत्तर दिल्ली में हुए दंगों के सिलसिले में गिरफ्तार कर लिया गया,1,0,0.0083,0.0087,0.0085,False,False Negative (Missed Hate),0.9915
ये कहना अमनबीक है की हिजड़ोंकैंसर है,1,0,0.0036,0.0134,0.0085,False,False Negative (Missed Hate),0.9915
you forgot to address that they spread disease and their poor hygiene causes pest infestations then there is rampant drug use and sexual assaulting white women and children,1,0,0.0077,0.0093,0.0085,False,False Negative (Missed Hate),0.9915
suadie kings apne badshat bachane k liye kisi ko be ne chora,0,1,0.9943,0.9887,0.9915,False,False Positive (Hallucination),0.9915
बाढ़ प्रभावित क्षेत्रों में नावें लगाई गई हैं। बाढ़ की आपदा से निपटने के लिए प्रदेश में बाढ़ शरणालयों तथा बाढ़ चौकियों की स्थापना की गई है राहत आयुक्त श्री संजय गोयल जी,1,0,0.0066,0.0105,0.0085,False,False Negative (Missed Hate),0.9915
"#modeltownmassacre zalimo jwab do,khoon ka hisab do!!!",1,0,0.0066,0.0105,0.0085,False,False Negative (Missed Hate),0.9915
the jews once lived on of the arabian peninsula before the muslims started to exterminate them,0,1,0.9883,0.9944,0.9914,False,False Positive (Hallucination),0.9914
"nehrudin madrchod,",0,1,0.9918,0.9909,0.9914,False,False Positive (Hallucination),0.9914
whenever i take my girlfriend to a party or a meal with friends i can almost guarantee a bloke will make some disparaging remark when i tell him we are lesbians i can tell instantly by his vacant facial expression what he is thinking and i am just waiting for him to say spend a night with me darling and i will cure you which has happened more than a couple of times in the past with drunk blokes showing off in front of their mates of course when you tell them to fuck off their attitude changes and all of a sudden they are calling you ugly dykes behind your back,0,1,0.9941,0.9888,0.9914,False,False Positive (Hallucination),0.9914
dhruv rathi kutte ki tatti,0,1,0.9859,0.997,0.9914,False,False Positive (Hallucination),0.9914
"एबीपी न्यूज़ की टीम 9 जून को हमला करने वाले,, तैय्यब खान और साजिद पकड़े गए। अब यह खबर दिखाने की हिम्मत एबीपी न्यूज़ मैं नही है।। नही तो सेकुलरिज्म खतरे मैं आ जाएगा।। फॉलो करें",1,0,0.0093,0.0078,0.0086,False,False Negative (Missed Hate),0.9914
all chinese people do not eat bat,0,1,0.99,0.9927,0.9914,False,False Positive (Hallucination),0.9914
गंदे नाले को साफ़ करना हम सभी का रिस्पांसिबिलिटी है,1,0,0.0103,0.0069,0.0086,False,False Negative (Missed Hate),0.9914
dhrue tatti,0,1,0.9864,0.9963,0.9914,False,False Positive (Hallucination),0.9914
तुम सब हिन्दू बेमन हो,1,0,0.0079,0.0093,0.0086,False,False Negative (Missed Hate),0.9914
#pubg बैन करके सरकार ने अपने ही पैरों पर कुल्हाड़ी मार ली है। अब युवा को जल्द ही उसके बेरोज़गार होने का अहसास होगा।,1,0,0.0098,0.0075,0.0087,False,False Negative (Missed Hate),0.9913
sarah pain is incompetent and unqualified ohh no what gave her away yes but mccain says her husband todd is a strong and will make a good second man because he raced his snowmobile with a broken arm ohh mann laughing my ass off,1,0,0.0115,0.0058,0.0087,False,False Negative (Missed Hate),0.9913
he khalchi manse kadi sudharnar nahi hichya aaila zhavl dukar hichya,0,1,0.9942,0.9885,0.9913,False,False Positive (Hallucination),0.9913
a mailbox asked what would i like to be called i told her not to stop fucking talking as i do not want her germs,1,0,0.0126,0.0047,0.0087,False,False Negative (Missed Hate),0.9913
feel free to use it because unlike your ilk whatever do not scream literal violence or use dramatic phrases like you are denying my right to exist wash women like us can take your silliness without crying knock yourself out,0,1,0.9943,0.9883,0.9913,False,False Positive (Hallucination),0.9913
plank why serve not you have an article on board from gene information technology s just not fair and if you make non have an article on plank by iodin am going to kill the founder of wikipedia com,1,0,0.0059,0.0114,0.0087,False,False Negative (Missed Hate),0.9913
with regard to your last posting at my talk page i am tired i do not care at all none cares of these underground genres electronic and fans do not need and do not use wikipedia as primary source new fans simply ignore or really cannot understand differences and proper analogies between genres so there is no point to fill this gap though there are thousands people sharing my of there is no where are you to involve them in a against younger wiki users feel free to do what you want wikipedia is only a stupid game i am no longer interested in contributing on these topics usually users that remove dispute templates are immediately banned but these harassers are not yet maybe wikipedia is theirs and none else has to touch their toy enjoy it i will no longer contribute on music genres bye,0,1,0.9936,0.9887,0.9912,False,False Positive (Hallucination),0.9912
"अब ये तो साबित हो गया की, चमचे pok को हिन्दुस्तान का नही पाकिस्तान का हिस्सा मानते है.",1,0,0.0036,0.0141,0.0088,False,False Negative (Missed Hate),0.9912
कहा एक तारीख के दिन तमाम मंदिरें खुलवाने लग जाइएगा तारीख़ के दिन हम तमाम मस्जिदों को खोलने का आह्वान करेंगे सरकार अगर इजाज़त दे तो ठीक नहीं तो हम रोड पर नमाज पढ़ेंगे,1,0,0.0075,0.0102,0.0088,False,False Negative (Missed Hate),0.9912
असली हीरो की आवाज में सुनिए तेरी मिट्टी में मिल जावां सौजन्य से आसाम राइफल्स,1,0,0.0032,0.0144,0.0088,False,False Negative (Missed Hate),0.9912
i am astonished to see everywhere i look it is even better than a,1,0,0.0044,0.0132,0.0088,False,False Negative (Missed Hate),0.9912
name is offensive being a play on,0,1,0.9909,0.9914,0.9912,False,False Positive (Hallucination),0.9912
everyone deletes my post and do like jason said so back from leftist pos oh brother who is a slut,1,0,0.009,0.0085,0.0088,False,False Negative (Missed Hate),0.9912
आपस में भिड़े बीजेपी प्रवक्ता और कांग्रेस प्रवक्ता देखिए,1,0,0.0029,0.0149,0.0089,False,False Negative (Missed Hate),0.9911
haan ab to rape wali nsal jawan ho chuki hai,1,0,0.0082,0.0096,0.0089,False,False Negative (Missed Hate),0.9911
चुप रह कुतिया!!जहरीली नागिन तेरा बस राहुल गांडी सरीखे चूतियों पे चलता होगा गद्दार कहीं की!जा मर इधर से मनहूस साली,1,0,0.01,0.0078,0.0089,False,False Negative (Missed Hate),0.9911
मोदी मीडिया अपने देशके प्रधानमंत्री की चाटती है ठीक है तु तो अपनी मरवाने पाकिस्तान के प्रधानमंत्री के निचे सोजाता है खबीस कुमार दल्ले हरामी,1,0,0.0109,0.0069,0.0089,False,False Negative (Missed Hate),0.9911
मेरे सभी धोबियों को बहुत सारा प्यार,1,0,0.0042,0.0136,0.0089,False,False Negative (Missed Hate),0.9911
the gop has been obstructing and stalling any attempt at immigration reform for decades their idea of real reform is a policy of whites only all piece of crap not welcome here building the wall is a waste of time and money trumpisatraitor trumpsworsethannixon,0,1,0.9942,0.9881,0.9911,False,False Positive (Hallucination),0.9911
कांग्रेस के वफादार गुलाम कपिल सिब्बल चीनी ऐप टिकटाक बैन का केस सुप्रीम कोर्ट में लड़ेंगे इनके लिए दो शब्द,1,0,0.003,0.0148,0.0089,False,False Negative (Missed Hate),0.9911
now would have been a great time to throw in a surprise elimination to get rid of those b aches mr whatajoke,1,0,0.01,0.0079,0.0089,False,False Negative (Missed Hate),0.9911
i think every bitch wordsmith in training a tongue piercing suck penis i am just being real,0,1,0.989,0.9933,0.9911,False,False Positive (Hallucination),0.9911
in slavery rhetoric is trash we should be burnt to solid ground if we don't care to be defended,1,0,0.0149,0.003,0.0089,False,False Negative (Missed Hate),0.9911
tum bahen ch....d ho,1,0,0.0103,0.0075,0.0089,False,False Negative (Missed Hate),0.9911
सुशील मोदी बोले बिहार में गठबंधन की राजनीति एक वास्तविकताकोई दल अपने बूते नहीं बना सकता सरकार,1,0,0.004,0.0138,0.0089,False,False Negative (Missed Hate),0.9911
"सबसे पवित्र रिश्ता होता है #बहिन_भाई का, देख ले #नीच वालो इस फोटो को ध्यान से देखो और इल्जाम लगाने से पहले इस पवित्र रिश्ते की लाज रख लो, इस देश का तू एक महान खिलाड़ी था लेकिन इस राजनीति के चक्कर में कितना गिर गया रे #थू_है_तुझ_पर",1,0,0.0048,0.0133,0.009,False,False Negative (Missed Hate),0.991
हरामी चोर तबरेज के व्हिडीओ तो खुषी से दिखा रहे थे मिडीया वाले। और काफिर किसको बोलता है बे ?,1,0,0.0128,0.0051,0.009,False,False Negative (Missed Hate),0.991
पिछली सरकारों में राजकोषीय घाटा 3.3 फीसदी के खतरनाक स्तर पर था। आलम यह था कि यूपी को कोई लोन देने को तैयार नहीं था क्योंकि 3 फीसदी से ज्यादा घाटे पर कोई लोन नहीं देता है। योगी जी ने इस घाटे को कम किया और उसे 2.97 फीसदी के स्तर तक लाए।,1,0,0.0081,0.0099,0.009,False,False Negative (Missed Hate),0.991
मुझे खुशी है की लोग समझ रहे हैं की बांग्लादेशी बिलकुल भी अनजान नहीं हैं,1,0,0.0074,0.0105,0.009,False,False Negative (Missed Hate),0.991
का चालान करने पर लडके ने अपनी कार में आग लगा दी और बीवी बच्चो को सडक पे पिस्तौल देके बिठा दिया,1,0,0.0044,0.0136,0.009,False,False Negative (Missed Hate),0.991
1 rat kya hua tha inke abba c pahan ke kr rhe the pr c jholajhap brand ka tha fatt gaya or ye paida ho gyi,1,0,0.015,0.0031,0.0091,False,False Negative (Missed Hate),0.9909
well straight what is your narrative a little chaff is all the argument you have,1,0,0.0072,0.0111,0.0091,False,False Negative (Missed Hate),0.9909
यह इटली का फोटो है जहां कोरोनावायरस के चलते से ज्यादा डॉक्टरनर्स की मौत हुई,1,0,0.0045,0.0136,0.0091,False,False Negative (Missed Hate),0.9909
"बालाकोट में “रात” को कितने “मोबाइल” चल रहे थे, ये हमारी “सरकार” को पता था, लेकिन “3” दिन से अपने ही देश में एक “हवाई जहाज़” नहीं ढूँढ पाये.",1,0,0.0129,0.0053,0.0091,False,False Negative (Missed Hate),0.9909
i can just hear the trumpeters now crowing that whatever liberals loved jane fonda and supported draft dodgers i grew up in those times i what a slut against the war but knew fonda had gone too far and what a slut wrong i supported those who burned their draft cards and those who served,1,0,0.01,0.0082,0.0091,False,False Negative (Missed Hate),0.9909
iska to rape bhi hona chahye tha dehli mai,1,0,0.0148,0.0034,0.0091,False,False Negative (Missed Hate),0.9909
सही में बताओ कितने चूड़े हुए है हम लोग,1,0,0.014,0.0041,0.0091,False,False Negative (Missed Hate),0.9909
उस कंपनी की प्रमुख एक बांग्लादेशी हैं,1,0,0.0061,0.0121,0.0091,False,False Negative (Missed Hate),0.9909
twosome gives you wingsss,0,1,0.9924,0.9894,0.9909,False,False Positive (Hallucination),0.9909
loda,0,1,0.9861,0.9958,0.9909,False,False Positive (Hallucination),0.9909
cease posting anti catholic slander and i shall stop it is as simple as that eh boycott,1,0,0.0157,0.0026,0.0091,False,False Negative (Missed Hate),0.9909
musalmano ko bewcuf banana itna asan kyu hai,0,1,0.9923,0.9894,0.9909,False,False Positive (Hallucination),0.9909
पांच दलितोंको आज संसद के लिए चुना गया,1,0,0.0038,0.0143,0.0091,False,False Negative (Missed Hate),0.9909
yeski beti ko codne walo like kro,1,0,0.0031,0.0154,0.0092,False,False Negative (Missed Hate),0.9908
.143 chuslim,1,0,0.0157,0.0028,0.0092,False,False Negative (Missed Hate),0.9908
it would not be fair if you stay you cooked shit mr kat,0,1,0.9875,0.9941,0.9908,False,False Positive (Hallucination),0.9908
for example you look at sewer strikebreaker of similar size and the computer would feature great difficulty individualizing them and be able to order them apart n rs are simply ultra low floor animals,1,0,0.015,0.0034,0.0092,False,False Negative (Missed Hate),0.9908
abhi main tera khoon kar doon gye bout bolte ho …,1,0,0.0029,0.0154,0.0092,False,False Negative (Missed Hate),0.9908
cannot make up my mind go out my girl very important person style and leave the dog home alone till morn stay in or go to a gay pj party,0,1,0.9928,0.9887,0.9908,False,False Positive (Hallucination),0.9908
jo up walo ko hizda bol raha hai bo ek baar pant khol dena samne aakar,0,1,0.9944,0.9872,0.9908,False,False Positive (Hallucination),0.9908
they go home get online and,0,1,0.9925,0.989,0.9908,False,False Positive (Hallucination),0.9908
उस बांड में गिटार बजाने वाले एक पाकिस्तानी हैं,1,0,0.0091,0.0094,0.0092,False,False Negative (Missed Hate),0.9908
the shallows weak attempt to cash in on the jaws anniversary,0,1,0.9944,0.9872,0.9908,False,False Positive (Hallucination),0.9908
black birds are a menace to worms,0,1,0.9933,0.9883,0.9908,False,False Positive (Hallucination),0.9908
horribly ads from that made us cringe,1,0,0.0117,0.0067,0.0092,False,False Negative (Missed Hate),0.9908
तू बता संजू गैंडा राज्य सभा मे तू तो आतंकी मोड में था शुभम टाकीज की आदत तेरी गयी नही चूतिये भड़वे साले,1,0,0.0158,0.0027,0.0093,False,False Negative (Missed Hate),0.9907
सेकंड के वीडियो में होटल के एक कमरे में रखे ईवीएम को दिखाया गया है जहां चार लोग मौजूद हैं । लोगों के एक समूह को उपस्थित चार लोगों से पूछताछ करते हुए सुना जा सकता है । वे लोग मतदान अधिकारियों के रुप में खुद की पहचान बताते हैं । और जब ईवीएम के बारे में पूछा जाता है तो वे समझाते हैं कि वे उपयोग के लिए नहीं थे बल्कि रिज़र्व हैं । ईवीएम के साथ छेड़छाड़ की गयी लोकसभा चुनाव में,1,0,0.016,0.0025,0.0093,False,False Negative (Missed Hate),0.9907
यूपी दलित लड़के के साथ शादी करके विधायक पिता से जान का खतरा बताने वाली युवती को नहीं मिली हाईकोर्ट से राहत,1,0,0.012,0.0065,0.0093,False,False Negative (Missed Hate),0.9907
real meaning of behen ka lauda,0,1,0.9853,0.996,0.9907,False,False Positive (Hallucination),0.9907
"ha 2024 ki tayari karlo... election aayenge jayenge, zindagi se bad k kuch nai.",0,1,0.9936,0.9877,0.9907,False,False Positive (Hallucination),0.9907
santani se apni maakichode,0,1,0.9941,0.9873,0.9907,False,False Positive (Hallucination),0.9907
चीन ने वायरस भेजकर दुनिया को धोखा दिया इसीलिए अब उसे इसकी सजा मिल रही है. वीडियो लगभग 10 साल पहले जापान में आई सुनामी का है. | stoic_annu,1,0,0.017,0.0017,0.0094,False,False Negative (Missed Hate),0.9906
but jimbo does not want freedom of expression here he said so years ago as for the issues you support you are baiting right wingers i myself do agree with your views except laptops whatever all know black kids would beat each over the head with them,0,1,0.9921,0.9892,0.9906,False,False Positive (Hallucination),0.9906
hey joanne are your female a how old are u,0,1,0.9917,0.9895,0.9906,False,False Positive (Hallucination),0.9906
i hate ppl wen dey call him bhai jabki vo feeling hoti hi nahi hai,0,1,0.9939,0.9873,0.9906,False,False Positive (Hallucination),0.9906
tu hamari fd ki jotish hai bahena and sacchi mein i hate neha,0,1,0.9933,0.9878,0.9906,False,False Positive (Hallucination),0.9906
और ये काम कौन करेगा? आप लोग रिपोर्टिंग तो करते नहीं राजनीति करते हो अब उनको पार्टी से बाहर निकालो आपके गाँड फादर का निर्देश मिल गया है कब निकालेंगे उनको पार्टी से?,1,0,0.0044,0.0144,0.0094,False,False Negative (Missed Hate),0.9906
oni koi mogul nice the pomona a sta mi mbini loud tome memo,0,1,0.9877,0.9935,0.9906,False,False Positive (Hallucination),0.9906
go live in oslo and race mixing... no big problem,1,0,0.0066,0.0122,0.0094,False,False Negative (Missed Hate),0.9906
आपके जैसे मुसलमानों को पता होना चाहिए की आपका जीवन बेकार है,0,1,0.988,0.9932,0.9906,False,False Positive (Hallucination),0.9906
अँगरेज़ कचराहै,0,1,0.9927,0.9883,0.9905,False,False Positive (Hallucination),0.9905
"in 2014, congress while exiting its term donated 90% of the land that it owned to waqf board. the supreme court, parliament and many more government buildings were given to waqf by congress.",1,0,0.0136,0.0055,0.0095,False,False Negative (Missed Hate),0.9905
antifa life during wwii...,1,0,0.0183,0.0009,0.0096,False,False Negative (Missed Hate),0.9904
it was chapri's fault...,0,1,0.9848,0.996,0.9904,False,False Positive (Hallucination),0.9904
पुस्तकालय में काफी दलित पढ़ने आते हैं,1,0,0.0131,0.0061,0.0096,False,False Negative (Missed Hate),0.9904
lag gaye lawde,0,1,0.9841,0.9968,0.9904,False,False Positive (Hallucination),0.9904
prava moral vertical,1,0,0.003,0.0163,0.0096,False,False Negative (Missed Hate),0.9904
ताज़ा खबर नेपाल ने सीमा तनाव को लेकर भारतीय सैनिकों को गिरफ्तार किया कथित सीमा उल्लंघन।,1,0,0.0128,0.0064,0.0096,False,False Negative (Missed Hate),0.9904
"rt : इतिहास ndtv को याद करेगा, जो आज लोकतंत्र के चौथे स्तंभ की रक्षा कर रहा है...",1,0,0.0107,0.0084,0.0096,False,False Negative (Missed Hate),0.9904
pehan deya lodeya saleya galti biker dii sardar nu kyon akhaan kddi janna agr oh side nhi krda te teri bond fattni sii,0,1,0.9875,0.9932,0.9904,False,False Positive (Hallucination),0.9904
what have i done now i have not touched your precious sia article furthermore personal communications with other authors is none of your damn business most particularly when your argument is flawed and easily defeated i seriously am considering lodging a complaint against you i have apologized attempted to clear the air yet you harass and harangue without basis i suggest you behave like the emotionally cable adult you have the potential to be and cut your emotional umbilical to all regarding the parasite well documented by western universities pleasantville nation of singa whore and behave in an intellectually mature manner i formally request you to hereby cease and desist,0,1,0.9944,0.9865,0.9904,False,False Positive (Hallucination),0.9904
when they sent and diggers to space the spaceships started blowing up,1,0,0.0123,0.0069,0.0096,False,False Negative (Missed Hate),0.9904
bahate ho khoon tum ahle wafa ka,1,0,0.0099,0.0093,0.0096,False,False Negative (Missed Hate),0.9904
"pushpa, mujhse ye aansu nahi dekhe jaate, i hate tears -",0,1,0.9914,0.9894,0.9904,False,False Positive (Hallucination),0.9904
शाहीन बाग में बुर्के वालियों का फिक्स रेट है दो टाइम का खाना और ₹500 इसीलिए तो यह अपने उन छोटे बच्चों को भी ले जा रहे हैं जिनको एन आर सी का फुल फॉर्म नहीं पता नाही सीए ए का यह केवल उन छोटे बच्चों को भी ₹500 मिल जाए इसलिए लेके जा रही हैं जय हिंद जय श्री राम,1,0,0.0162,0.0033,0.0097,False,False Negative (Missed Hate),0.9903
ऐसा क्यों है की सभी अँगरेज़ अखंड चुटिया हैं,0,1,0.9917,0.9886,0.9902,False,False Positive (Hallucination),0.9902
shameless on this indian public,1,0,0.0157,0.0038,0.0098,False,False Negative (Missed Hate),0.9902
bhai saare comedians ko milne wala hate akele batorne wala hai.. …,1,0,0.0153,0.0044,0.0098,False,False Negative (Missed Hate),0.9902
busdeka ...haram khor salaa ......tu ...kuttya ki marega ....,0,1,0.9909,0.9894,0.9902,False,False Positive (Hallucination),0.9902
so true she is so busy pointing the finger she forgot what is important,1,0,0.0126,0.007,0.0098,False,False Negative (Missed Hate),0.9902
पितृ पक्ष में क्या करें और क्या न करें,1,0,0.0093,0.0104,0.0098,False,False Negative (Missed Hate),0.9902
यह सोचने में त्रुटि कहाँ है की पाकिस्तानी की ज़िंदगी एकदम बकवास है,0,1,0.9926,0.9878,0.9902,False,False Positive (Hallucination),0.9902
always speak out when in a class with a brainwashing teacher because once you speak others who feel the same where are you realize they are not alone but if you say nothing then everybody will without question go along with the anti white brainwashing,0,1,0.9904,0.99,0.9902,False,False Positive (Hallucination),0.9902
htt bsdk,0,1,0.9831,0.9971,0.9901,False,False Positive (Hallucination),0.9901
तेरी बहन की choot me मेरा laoda madarchod सुअर तुझ जैसों को मैं jhaant मे बांध के रखता हूं.. bahen की दलाली कर जा के गुफा me..,0,1,0.9931,0.987,0.9901,False,False Positive (Hallucination),0.9901
mrs solacing sugar,1,0,0.0089,0.011,0.0099,False,False Negative (Missed Hate),0.9901
there is this racist person who deliberately stirs up trouble called kansas bear i call him kansas the arm taker this moron is supported by foreign government agencies a person like this has no place on wikipedia racist groups should not be on wikipedia at all he is a stupid person who deliberately stirs up trouble when you see him just report him right away,0,1,0.9899,0.9903,0.9901,False,False Positive (Hallucination),0.9901
"कैंपस विरोध में जेएनयू की छात्राओं द्वारा इस्तेमाल की जाने वाली अधिकांश अश्लील भाषा। और, हम जेएनयू में उनकी पढ़ाई को सब्सिडी देने के लिए टैक्स का भुगतान करते हैं। जेएनयू नामक यह संस्थान जल्द से जल्द बंद होना ही चाहिए..",1,0,0.0163,0.0034,0.0099,False,False Negative (Missed Hate),0.9901
इधर केजरीवाल ने 5 दिन में ही अमर शहीद 'तबरेज' के परिजनों को सरकारी नौकरी और 7 लाख रु दे दिए जबकि तथाकथित राष्ट्रवादी सरकार . बलिदानी 'हनुमंत थापा' की वीरांगना को पिछले दो साल से एक चपरासी की नौकरी नहीं दे सकी हे . जिसके लिए वो बार बार दप्तरो के चक्कर काट रही हे ! #शर्मनाक,1,0,0.0085,0.0113,0.0099,False,False Negative (Missed Hate),0.9901
christian reinhard now has an article shame on you jermaine and citizen penis for being cold emotionless monsters you should do research and see that the christian made the ultimate sacrifice along with other firefighters in trying to save lives his death launched a national organization and movement and made his mother sally the accidental activist her work will prevent other mothers from suffering the pain that she will have to live with for the rest of her life i should send a copy of this to the local co op city times and the firefighters society to show how ignorant and soul less both of you morons are,0,1,0.9915,0.9887,0.9901,False,False Positive (Hallucination),0.9901
मई तुम्हारे साथ रह नहीं सकता,1,0,0.0096,0.0102,0.0099,False,False Negative (Missed Hate),0.9901
scary movies are terrible i get jumpy and end up crying when nat pops out she did she enjoy riding out if that is what he wants to keep she is completely serious with ty maybe a night out would be good for them i am a professional ice cream pro i used to do it daily,1,0,0.0159,0.0038,0.0099,False,False Negative (Missed Hate),0.9901
you leave is nowhere much in the book and it is doing what,1,0,0.004,0.0158,0.0099,False,False Negative (Missed Hate),0.9901
and do the dash idiots think they can practice genocide and slavery and not provoke anyone,0,1,0.9906,0.9897,0.9901,False,False Positive (Hallucination),0.9901
भारतीय सैनिकों को मारा तो सब मीडिया खबर चला रहे थे आज दिन से चीनी सैनिक पिट रहे है तो सन्नाटा क्यों है भई बाकी हम तो बताएंगे ही,1,0,0.0118,0.0081,0.01,False,False Negative (Missed Hate),0.99
whatever know its a strategy conservatives have not working,0,1,0.987,0.9931,0.99,False,False Positive (Hallucination),0.99
kutaray randay,1,0,0.019,0.001,0.01,False,False Negative (Missed Hate),0.99
ओ मैडम तेरी समस्या क्या है ?? ये गद्दार इस्तीफा देकर गया था। चुनाव हुआ जीता वो सब ठीक ..,1,0,0.0115,0.0086,0.01,False,False Negative (Missed Hate),0.99
unbelievable are you a chauvinist for asking us not to even look at women,0,1,0.9939,0.9861,0.99,False,False Positive (Hallucination),0.99
quran would be a good read about art,1,0,0.0193,0.0007,0.01,False,False Negative (Missed Hate),0.99
बिल्कुल सर। नहीं चलेगी मनमानी बीजेपी की। अपने किए वादो का 20% भी नहीं कर रही बीजेपी।,1,0,0.0034,0.0166,0.01,False,False Negative (Missed Hate),0.99
hello i am the bot and just need a fat fucking ton of shot,1,0,0.0108,0.0091,0.01,False,False Negative (Missed Hate),0.99
agree thats hatred beyond compare her feeling of bitterness of the duterte presidency and its success is evident on her tweets and articles what a slut really a slap on the face on the yellow intellectuals,1,0,0.0062,0.0138,0.01,False,False Negative (Missed Hate),0.99
ये कांग्रेस वाले अध्यक्ष पद वाला ड्रामा समय समय पर ये टेस्ट करने के लिए करते है कि सारे चमचे ठीक से गुलाम बने हुए है ना कही किसी के पर तो नहीं निकल आए,1,0,0.0041,0.0158,0.01,False,False Negative (Missed Hate),0.99
जब भी समलैंगिक मुझे देखते हैं मुझे लगता है की वे समझ सकते हैं की मुझे उनके लिए कुछ भी नहीं लगता है,0,1,0.9854,0.9946,0.99,False,False Positive (Hallucination),0.99
",1946 में शासको ने फरमान जारी किया की गोवा प्रदेश में जो मंदिर है,उसे तोड़ दो ,हिन्दुओ के उत्सव बंद करो और ब्राहमणों को देश से बाहर निकाल दो । 1960 में केरल का सबरी मलाई मंदिर जलाने और भगवान् की मूर्ति तोड़ने के पीछे भी ईसाई मिशनरियो की घृणित मानसिकता थी।#stopconversionkilling",1,0,0.0193,0.001,0.0101,False,False Negative (Missed Hate),0.9899
aap janwar ho.khoon kitni bar use kiya apne.jb yesa hone lge to samjh jana ki pagal ho chuki aap,1,0,0.0115,0.0087,0.0101,False,False Negative (Missed Hate),0.9899
ऐसा क्यों है की सभी बांग्लादेशी अखंड चुटिया हैं,0,1,0.9867,0.9931,0.9899,False,False Positive (Hallucination),0.9899
यह हरामि दिल्ली मुसलमान को तालिबानी कह रही है इसको सही जवाब मिलना चाहिए दिल्ली वालों जवाब दो इसको तालिबानी किसे कहते हैं,1,0,0.0098,0.0103,0.0101,False,False Negative (Missed Hate),0.9899
bahanoibhai +bahanchod,0,1,0.9858,0.9941,0.9899,False,False Positive (Hallucination),0.9899
our country is being over run and people let it happen just because the political issue here seen to take over the racial one,0,1,0.9905,0.9894,0.9899,False,False Positive (Hallucination),0.9899
फिर सामने आए हजार से ज्यादा मामले लाख से ज्यादा मरीज हुए ठीक,1,0,0.0029,0.0173,0.0101,False,False Negative (Missed Hate),0.9899
क्या यह बताना आसान है की मुझे यहां के सभी बांग्लादेशियों से घृणा है,0,1,0.9891,0.9906,0.9899,False,False Positive (Hallucination),0.9899
that makes me sick,1,0,0.0108,0.0095,0.0101,False,False Negative (Missed Hate),0.9899
it is awful that fits disgusts people not suffering from mental illness simple,0,1,0.9917,0.9879,0.9898,False,False Positive (Hallucination),0.9898
ab hina fanz mere bhai ki fake id bnake ghum rhe i hate them,0,1,0.993,0.9866,0.9898,False,False Positive (Hallucination),0.9898
bitch tells you a fucking bitch why did you first delete the english alphabet where are the you page,1,0,0.0126,0.0079,0.0102,False,False Negative (Missed Hate),0.9898
जेएनयू की छात्राओं द्वारा कैंपस विरोध में इस्तेमाल की जाने वाली सबसे अश्लील भाषा। और हम जेएनयू में उनकी पढ़ाई को सब्सिडी देने के लिए टैक्स का भुगतान करते हैं। जेएनयू नामक यह संस्थान जल्द से जल्द बंद होने का हकदार है ।,1,0,0.0132,0.0073,0.0102,False,False Negative (Missed Hate),0.9898
ग्रूप के सभी माननीय सदस्यों को सूचित किया जाता है कि अभी कोरोना वायरस से संबंधित किसी भी पोस्ट को केंद्र सरकार द्वारा दंडनीय अपराध घोषित किया गया है केवल एक सरकारी एजेंसी कोरोना पर पोस्ट कर सकती है।,1,0,0.0177,0.0027,0.0102,False,False Negative (Missed Hate),0.9898
vah re mulla,0,1,0.9824,0.9973,0.9898,False,False Positive (Hallucination),0.9898
मुझे कार ड्राइव करना बिलकुल व् पसद नहीं,1,0,0.0059,0.0145,0.0102,False,False Negative (Missed Hate),0.9898
lnd,0,1,0.9855,0.9939,0.9897,False,False Positive (Hallucination),0.9897
विधायक और मंत्रालय कर्मचारी कोरोना पॉजिटिव नहीं होगा प्रश्नकाल,1,0,0.003,0.0176,0.0103,False,False Negative (Missed Hate),0.9897
ये मुसलमान मुझे बहुत खुश करते हैं,1,0,0.0063,0.0143,0.0103,False,False Negative (Missed Hate),0.9897
"people don't judge hinduism. they observe hindus. people don't read bible and attend church service. they look at how christians behave. on the same note, people don't go through quran and shari'a to form a personal objective opinion about islam. they just look at muslims.apart from this, there are extremist islamist groups like isis, boko haram and al-qaeda trying to capture the entire world to install shari'a law. they carry out terrorist attacks all around the globe to further their agenda and despite all muslims are not terrorists , deep down many of us think, they're as we never see u guys protesting against terrorism, then there's a slightly less miniscule minority of politically active who justify such extremism calling it reactionary, who call for shari'a law while living in western secular democracies, who suppress minorities in their own countries but become an entitled minority in a free secular country, and who are not willing to show any flexibility or tolerance. but that's not what many people who dislike islam base their opinion on. they base it on how us muslims are and when they see what's happening around the world , it's quite understandable why they don't feel positively about islam.after all, it doesn't really matter if ur religion of peace and tolerance or a religion of violence and aggression. what matters is what muslims are making it to be and sadly, many among u don't make it look like a religion of peace and tolerance",1,0,0.0173,0.0033,0.0103,False,False Negative (Missed Hate),0.9897
"मै तो पहले से ही कहा करता था कि भगवाधारियों, भगवाधारि सामान व चीजों से रहना होगा सावधान, कहीं भारतीय टीम की हार का मुख्य कारण यह भगवा रंग तो नहीं? सभी साथी प्रतिक्रिया अवश्य दें!",1,0,0.0131,0.0075,0.0103,False,False Negative (Missed Hate),0.9897
is not it terribly embarrassing to watch your year old one run as you rest and swim but most people cannot swim,1,0,0.0125,0.0083,0.0104,False,False Negative (Missed Hate),0.9896
its long shirt reminds me of naked white women,1,0,0.0127,0.0082,0.0104,False,False Negative (Missed Hate),0.9896
family have died here and is a lovely area,1,0,0.0076,0.0132,0.0104,False,False Negative (Missed Hate),0.9896
"is mc ko bharat mein la kar phansi dena hai!! kya kar rhi bjp sarkar, parliament mein phle pakistan ko atankwadi desh to ghosit kare e.",0,1,0.9852,0.994,0.9896,False,False Positive (Hallucination),0.9896
stop and it is not... loot is a very informal it was like k k a and should only be neglected when writing serious articles despite that there are additional ethical issues i have tagged in for cleanup,1,0,0.0097,0.0111,0.0104,False,False Negative (Missed Hate),0.9896
never ending edit of the hundreds on my watch list this article is like the never ending description of this i am sure this article has become a because and darn if i will let a where there should be a if this article with its minutia is your because well then have at it with all of your attention it at least keeps you away from the rest of this project heh terri schizo as a flypaper for the priority challenged i like that notion joyful my dearest sir you are always correct whatever are going to blow this up slowly terri schizo is now a movie star she is an issue about american jurisprudence and how wrong congressional intervention is that is her notability if you think under it she is just along for the money the perspective of this article should now change to the judges it is the politicians were who were the flies they got swatted away but she sticks to them does she not andrew william morrow let us now see if that little fly takes the bait better yet that she dog here girl here girl come and delete this section pretty good girl here i will give you biscuit sooooo does any other administrator want to come and delete this idea for the sake of this shallow excuse like huh huh come on guys show us all how intelligent you are atta boy good boys as said yes sir thomas more regularly they will think that somewhere along your pedigree a bitch got over the wall,1,0,0.0054,0.0154,0.0104,False,False Negative (Missed Hate),0.9896
सोशल मीडिया पर मुम्बई से अंग तस्करी की खबर,1,0,0.0045,0.0163,0.0104,False,False Negative (Missed Hate),0.9896
"मेरठ: मंदिर में लाउडस्पीकर बजाकर अनुसूचित जाति के लोग कर रहे थे भजन, मुस्लिम समुदाय के लोगों ने अंदर घुसकर बरसाए लाठी-डंडे। मो. अकरम ने साथियों संग मंदिर में घुसकर पुजारी समेत भजन कर रहे लोगों पर जमकर लाठी-डंडे बरसाए. साथ ही लाउडस्पीकर उतारने की धमकी दी।।",1,0,0.0083,0.0126,0.0105,False,False Negative (Missed Hate),0.9895
हरियाणा सरकार की स्वामित्व योजना के अंतर्गत महेंद्रगढ़ खंड के गांव का आबादी देह का नक्शा तैयार हो चुका है। यह नक्शा ड्रोन के माध्यम से सर्वे ऑफ इंडिया द्वारा तैयार किया गया है। इस नक्शा पर दावे व आपत्ति के लिए इन ग्रामीणों को सितंबर तक का समय दिया गया है।,1,0,0.0153,0.0056,0.0105,False,False Negative (Missed Hate),0.9895
पाकिस्तान ने इंग्लैंड को पांच रनों से हराया तीन मैचों की सीरीज एकएक से बराबर,1,0,0.0128,0.0084,0.0106,False,False Negative (Missed Hate),0.9894
bhai gussa hone ki baat nhi h isme...m bhi fan tha 2015 me mere sath ka sara group ab hate karta h kejriwal se kyo ki wo pahle imandar tha lekin ab halat dekho...prashant+yogi+visvas(10 saalo ke sathi) se acha gupta lag rhe h unko,1,0,0.0173,0.0039,0.0106,False,False Negative (Missed Hate),0.9894
cleanliness is not a concept beyond that those can are associated,1,0,0.0191,0.002,0.0106,False,False Negative (Missed Hate),0.9894
ek no.chinal bai ahe,0,1,0.9944,0.9845,0.9894,False,False Positive (Hallucination),0.9894
कार्टून आजकल रुपये को कौन पूछता है,1,0,0.0072,0.0139,0.0106,False,False Negative (Missed Hate),0.9894
अयोध्या विवाद पर मध्यस्थता बंद कर जल्द सुनवाई की मांग। सुप्रीम कोर्ट ने मध्यस्थता कमिटी के अध्यक्ष जस्टिस कलीफुल्ला से अब तक हुई तरक्की पर रिपोर्ट मांगी। कोर्ट ने कहा अगर कमिटी के अध्यक्ष मध्यस्थता बंद करने को सही मानेंगे तो जुलाई से सुनवाई होगी,1,0,0.0089,0.0122,0.0106,False,False Negative (Missed Hate),0.9894
यह स्पष्ट है की हीजड़े मूरखता के बिलकुल विपरीत हैं,1,0,0.0085,0.0126,0.0106,False,False Negative (Missed Hate),0.9894
agar apna broadband launch karde to yeh kuch bhi nahi hoga uske samne. i hate #airtel,0,1,0.9906,0.9882,0.9894,False,False Positive (Hallucination),0.9894
if i was there then definitely war will begin at that moment,0,1,0.9896,0.9892,0.9894,False,False Positive (Hallucination),0.9894
tu kar skta hai badwe,1,0,0.0203,0.0009,0.0106,False,False Negative (Missed Hate),0.9894
bibi tumhaare dada hijrat kar ke aaye the tum nahi. legacy nahi hai yeh k naslon tak chale gi,0,1,0.9887,0.9901,0.9894,False,False Positive (Hallucination),0.9894
cannot you people take a joke every once in a while for god s makes,0,1,0.9873,0.9914,0.9894,False,False Positive (Hallucination),0.9894
gawd! is k season ne dusre celebs k bhi asli chehre dikha diye. shocking,0,1,0.9921,0.9864,0.9893,False,False Positive (Hallucination),0.9893
bhadwa,0,1,0.9816,0.9971,0.9893,False,False Positive (Hallucination),0.9893
madarsudlog he,1,0,0.0165,0.0049,0.0107,False,False Negative (Missed Hate),0.9893
"use condom, save",0,1,0.9838,0.9948,0.9893,False,False Positive (Hallucination),0.9893
those trendy girls are rude but funny,0,1,0.9919,0.9867,0.9893,False,False Positive (Hallucination),0.9893
i have definitely not been canvassing,0,1,0.9876,0.991,0.9893,False,False Positive (Hallucination),0.9893
if you cannot back up your claim then why are you adamant all muslims are not terrorists,1,0,0.012,0.0093,0.0107,False,False Negative (Missed Hate),0.9893
chinala bhai,0,1,0.9944,0.9842,0.9893,False,False Positive (Hallucination),0.9893
bhagwan se daro bhosri valo,0,1,0.9936,0.9847,0.9892,False,False Positive (Hallucination),0.9892
paidaishikeeda,1,0,0.0034,0.0182,0.0108,False,False Negative (Missed Hate),0.9892
वे सभी अखंड चुटिया हैं कहने की जरूरत ही नहीं है की वे हिन्दू हैं,0,1,0.9879,0.9905,0.9892,False,False Positive (Hallucination),0.9892
jo v party h wah apni rajniti apne pss rakhe. jisko aana h aaye nhi aana hai mt aaye beta jis din maroge na. rajniti kmm nhi aayega jobhi bologee soch smajh kr bolna. or garv se khao hm. hindu hai jai shree ram,0,1,0.9891,0.9893,0.9892,False,False Positive (Hallucination),0.9892
@ imaranjan are isi liye to bar bar bar hate ho india se,1,0,0.0076,0.0139,0.0108,False,False Negative (Missed Hate),0.9892
"minimum 20 sal ki sja he aese k,,,,, ko halala ki pedais",0,1,0.9875,0.9909,0.9892,False,False Positive (Hallucination),0.9892
inqilab phoolon ki saij ni kaanton bre rah hi is mn karkono khoon dna ho ga,1,0,0.0076,0.014,0.0108,False,False Negative (Missed Hate),0.9892
"कहा है zee हिदुस्तान वाला दलाल चैनल जो an-32 विमान एलियम के कब्जे में दिखा रहा था?? विमान खोने पे रोहित, सुधीर, अंजना और रुबिका ने एक भी ट्वीट करके सरकार से सवाल नही किया? लेकिन? विमान का पता लगने पे इसे मोदी का मास्टरस्ट्रोक बताकर दंगल, dna जरूर करेंगे बेशर्म पत्तलकार गण।",1,0,0.0053,0.0162,0.0108,False,False Negative (Missed Hate),0.9892
why does not women have the depth that men have there are two roles the provider and the health professional someone has to figure out how to leave for the family or the family will die this is a great pressure that can demand fortitude creativity assertiveness logic and rationality determination and composure someone needs to be available to care and nurture and have the babies or the family will die this in addition to requiring more patience empathy understanding benefits from being ignorant of the external challenges facing the family the routine and simple childcare and housekeeping simply mustiness be done so it is of great reward if the caregiver be unencumbered by the complex challenges of life outside that,1,0,0.0167,0.0052,0.0109,False,False Negative (Missed Hate),0.9891
you you listen you are just like every other forum mod and administrator out there in real life you are probably just some typical anonymous jobber and you make up for your lack of authority by becoming a big shot on the internet you leave me condescending messages in which you refer to me as and accuse my accurate information of being well just because you have the time and inclination to join pathetic like wrestling which unfortunately affords you more privileges than me does not make you better you denied me my right to post relevant and pertinent trivia on the page in favor of templates and interfaces you are a disgrace to wikipedia and i will be reporting you for your ham fisted authority and hypocritical ways accusing me of personal insults yet referring to me as son,0,1,0.9943,0.984,0.9891,False,False Positive (Hallucination),0.9891
luli touching video,0,1,0.9944,0.9838,0.9891,False,False Positive (Hallucination),0.9891
कुछ दिनो के बाद गायब,1,0,0.003,0.0187,0.0109,False,False Negative (Missed Hate),0.9891
मेरे दिल में आप मुसलमानों के लिए कोइ नफरत नहीं है,1,0,0.0097,0.0122,0.0109,False,False Negative (Missed Hate),0.9891
ये हिजड़े रद्दीके अलावा कुछ नहीं हैं,0,1,0.9892,0.989,0.9891,False,False Positive (Hallucination),0.9891
वे सभी अखंड चुटिया हैं कहने की जरूरत ही नहीं है की वे दलित हैं,0,1,0.9883,0.9898,0.989,False,False Positive (Hallucination),0.989
give it up kayleigh trump base buy what you are selling but most of us who have been paying attention don t nice deflection which has always been your signature readthemuellerreport trumpobstructedjustice trumpisatraitor,0,1,0.9906,0.9874,0.989,False,False Positive (Hallucination),0.989
there is a complete failure in your math independent this is islamophobia,0,1,0.9897,0.9884,0.989,False,False Positive (Hallucination),0.989
"कोलकाता के नील रतन सरकार मेडिकल कालेज में 85 वर्षीय #मोहम्मद_शाहिद को सोमवार सुबह काफी गंभीर हालत में भर्ती करवाया गया ! उसे उल्टी पेट दर्द और दस्त हो रहा था। इलाज के दौरान ही उसकी मौत हो गई ! उसके रिश्तेदारों और धर्मांध लोगों ने अस्पताल में जबरन घुसकर जुनियर डाक्टर परिवाह मुखर्जी और डा यश टेकवानी को इस कदर बेरहमी से पीटा कि मुखर्जी कोमा में चले गये थे!डाक्टर यश की हालत गंभीर है !... अभी अभी खबर प्राप्त हुई है कि डाक्टर परिवाह मुखर्जी की दुःखद मृत्यु हो गई है ... केंद्र में नई सरकार के बाद हिंदुओं पर सारे देश मे अत्याचार ,बलात्कार और हत्या का बाज़ार गर्म है ! कोई कुछ नहीं कर रहा है !...",1,0,0.0101,0.0118,0.011,False,False Negative (Missed Hate),0.989
fuck you tweeting me emojis for faggot retweet smiling face,0,1,0.9845,0.9935,0.989,False,False Positive (Hallucination),0.989
in response to disk rotations yes i am certainly not sure but did it if came out a shooting at you it would cut all your head off if it what made a slut pointing at your head yeah yes that is how fast up it goes is,1,0,0.0047,0.0172,0.011,False,False Negative (Missed Hate),0.989
"अभी भी आप सब ""सपा, बसपा, कांग्रेस, aap"" में वफ़ा ढूंढ रहे हो..! बड़े ही नादान हो ""दोस्तों"" ज़हर की शीशी में दवा ढूंढ रहे हो..!!",1,0,0.0153,0.0067,0.011,False,False Negative (Missed Hate),0.989
वह पाकिस्तानी मेरे हाथों एक भयानक मौत मरेंगे,0,1,0.9868,0.9911,0.989,False,False Positive (Hallucination),0.989
ohnu pta mulleya nu bhenchoda nu,0,1,0.9935,0.9845,0.989,False,False Positive (Hallucination),0.989
abee tuuu chaaal nekal laurrreee,1,0,0.0212,0.0007,0.011,False,False Negative (Missed Hate),0.989
"क्यों सुअर , कभी तू भी काफिर ही था , वो तो औरंजेब ने लूटी अस्मत 5/7 पीढी पहले , डर के तेरे बाबा , पड़ बाबे मुल्ला बन बैठे , अम्मी से पूछ वो सारा सच बताएगी",1,0,0.0137,0.0082,0.011,False,False Negative (Missed Hate),0.989
कुपोषण मुक्त भारत की परिकल्पना को साकार करने की दिशा में पहल।,1,0,0.0039,0.0182,0.011,False,False Negative (Missed Hate),0.989
christine cooper is an admitted brother to bernie saunders and she is known by interact with other demo politicians most shocking show is cool a k a mary kavanaugh mom a judge ruled against new parents in a foreclosure case in 2003 to face,1,0,0.0191,0.0031,0.0111,False,False Negative (Missed Hate),0.9889
की लड़ाई को लेकर कांग्रेस का मोदी सरकार पर हमला,1,0,0.0044,0.0178,0.0111,False,False Negative (Missed Hate),0.9889
abe tere maa bhoda madharcood,0,1,0.9942,0.9837,0.9889,False,False Positive (Hallucination),0.9889
हनीप्रीत बिना पापा #ramrahim को खेतो में रोटी पानी देने कौन जाएगा ? उसे भी साथ मे पैरोल देना खट्टर साहब...,1,0,0.0037,0.0186,0.0111,False,False Negative (Missed Hate),0.9889
iske mummy ko condom. ka packet le me the pta n kitno se karwa kr ye paida ki,0,1,0.9819,0.9959,0.9889,False,False Positive (Hallucination),0.9889
wahhh chutiyeee he he tali bajao,0,1,0.9925,0.9852,0.9889,False,False Positive (Hallucination),0.9889
with waterborne health parasites and aquatic predators this page has obviously been illegally sabotaged by someone who is not familiar and hostile so with their aah numerous expert opinions were stated just as fact and straw fat man arguments added now as far as controversial subjects are concerned wikipedia is ruined really is not it,1,0,0.0069,0.0154,0.0111,False,False Negative (Missed Hate),0.9889
यह स्पष्ट है की महिलाएँ मूरखता के बिलकुल विपरीत हैं,1,0,0.0104,0.0118,0.0111,False,False Negative (Missed Hate),0.9889
कोइ भी पाकिस्तानी मरने के लायक नहीं है,1,0,0.004,0.0183,0.0111,False,False Negative (Missed Hate),0.9889
इस घटना की प्रारंभिक जांच से पता चलता है कि इस महीने की जुलाई तारीख को एक वज्रपात हुआ था जिस दौरान बिजली गिरने से मूर्ति क्षतिग्रस्त हो गई थी।,1,0,0.0111,0.0112,0.0112,False,False Negative (Missed Hate),0.9888
navin now we hate u most.kaise insan ho tumhe sharam aani chahiye.rohan ke samne khade rehne ki aukat nahi hai,0,1,0.9936,0.9841,0.9888,False,False Positive (Hallucination),0.9888
बिकता रहेगा होंडा सिटी का पुराना मॉडल नए से ₹ लाख है सस्ता,1,0,0.0078,0.0146,0.0112,False,False Negative (Missed Hate),0.9888
hinjdaa sppoted,0,1,0.9903,0.9874,0.9888,False,False Positive (Hallucination),0.9888
steve sorry i had to revert your last edit the wording jews come to believe that jesus looks very point of view to me as if this is the truth that they indeed should eventually to,0,1,0.9841,0.9934,0.9888,False,False Positive (Hallucination),0.9888
bahot sahi kiya tu q mazaak uda raha tha. bhosriwala,0,1,0.9943,0.9833,0.9888,False,False Positive (Hallucination),0.9888
"मुंबई स्थित वडाला रेल्वे स्टेशन पर अबू आजमी और पुलिस की उपस्थिति में लगे ""पाकिस्तान जिंदाबाद"" के नारे! बधाई हो, नपुंसक उद्धव ठीकरे!",1,0,0.0158,0.0066,0.0112,False,False Negative (Missed Hate),0.9888
i hate them jeon seokjin …,0,1,0.9896,0.988,0.9888,False,False Positive (Hallucination),0.9888
"ek too chori uper se sinazori ,,chapri",0,1,0.9907,0.9868,0.9888,False,False Positive (Hallucination),0.9888
hica aee ci gad bosdici,0,1,0.9817,0.9956,0.9887,False,False Positive (Hallucination),0.9887
ऐसा क्यों है की सभी निचली जात के लोग अखंड चुटिया हैं,0,1,0.988,0.9895,0.9887,False,False Positive (Hallucination),0.9887
मोदी जी गीता का पालन कर रहे हैं।सब कुछ बेच रहे हैं कि क्या कोई लेकर आया है क्या ले जाएगा।समझें,1,0,0.0089,0.0136,0.0113,False,False Negative (Missed Hate),0.9887
"अरे दंगाई चैनलों, भगवान के लिए अब तो ये घृणा और नफ़रत की डिबेट बन्द कर दोfolded hands #rajeevtyagi",1,0,0.0214,0.0012,0.0113,False,False Negative (Missed Hate),0.9887
ben and ben says what a slut a tough spaz born on at the age of his mom exploded because he got so big and she died of boredom he fell out my window what that slut shoot in the leg while playing on the xbox elite so playing her s game here is the timeline of his life born fell from window died,1,0,0.0155,0.0072,0.0113,False,False Negative (Missed Hate),0.9887
ab baat nafrat ki hy tw soch tera kiya hoga ... — feeling angry,1,0,0.0186,0.004,0.0113,False,False Negative (Missed Hate),0.9887
पत्रकार या कांग्रेस की चमची आजतक से आज जम्मू और कश्मीर हवाई अड्डे पर नौटंकी करते हुए,1,0,0.0107,0.0119,0.0113,False,False Negative (Missed Hate),0.9887
विकाश करोगे तब तो विकाश दिखेगा। कांग्रेस ने विकाश किया जिसे बेच रहे हो और आप विनाश कर रहे है।जिससे बचने के लिए सड़क पर उतर रहे लोग।,1,0,0.0161,0.0065,0.0113,False,False Negative (Missed Hate),0.9887
tu nea bremen za pe man with self is joy face and tears of god face with tears at delight,1,0,0.0077,0.0151,0.0114,False,False Negative (Missed Hate),0.9886
"ये है कड़वा सच मोदी की सत्ता का , मीडीया बीजेपी के गुनाह कब तक दबायेगा ? कब तक झूठ पर पर्दे डाले जायेंगे ? कब तक",1,0,0.0081,0.0147,0.0114,False,False Negative (Missed Hate),0.9886
ye bhkto ki jhund gai congress ki sarkar banti to jarur milta inhe ye gya kuch din me pta chal jayega,0,1,0.9868,0.9904,0.9886,False,False Positive (Hallucination),0.9886
columbia added a video from their playlist of calls buu something japanese japanese,1,0,0.0041,0.0187,0.0114,False,False Negative (Missed Hate),0.9886
#zulmkekhilaf 2014se bharat me dange rape badhe he kya yahi he vikas????,1,0,0.009,0.014,0.0115,False,False Negative (Missed Hate),0.9885
whatever have plenty of female staff they all professional with their job to make you with our seraph,0,1,0.994,0.983,0.9885,False,False Positive (Hallucination),0.9885
saap h bkl,0,1,0.9797,0.9974,0.9885,False,False Positive (Hallucination),0.9885
"tricolor will always stand high and in pride of its martyrs... and such shameless incidents are only happening outside our nation....such people are just diverting the minds of the youth, especially from punjab, towards baseless things....and yes...if anyone cares that much about ones country...then why not come back and work for your lamd here...these people just need drama and nothing else....and keep on spreading hate out of nothing....so better not to pay attention towards any such thing....we'll be the proud indians till eternity..",1,0,0.0192,0.0039,0.0115,False,False Negative (Missed Hate),0.9885
its hysterical if i were the hill id leave the country the audacity of this woman is unbelievable,0,1,0.9903,0.9865,0.9884,False,False Positive (Hallucination),0.9884
two blue blood rednecks yeah apparently it s possible to be both were shouting at my iranian boss about how try mp has not committed any treason and that hillary not the russians stole the primary from bernie i told them they all sounded like hysterical women they left,0,1,0.9941,0.9827,0.9884,False,False Positive (Hallucination),0.9884
भाई जान तुम लोग का ये हकीकत है तुम भाई जान कभी का भी हो ....पर तरीका ये ही है .. #swedenriots #delhiriots,1,0,0.0041,0.019,0.0116,False,False Negative (Missed Hate),0.9884
माननीय राष्ट्रीय अध्यक्ष जी मैं आपसे निवेदन करता हूं कि अब जमीनी संघर्ष का समय आ चुका है हमको जमीनी स्तर पर संघर्ष करना होगा और कार्यकर्ताओं कि दिल की बात भी सुनी होगी मैं समाजवादी पार्टी का छोटा सा सिपाही हूं समाजवादी पार्टी के कार्यकर्ता आप की ओर आशामाननीय राष्ट्रीय अध्यक्ष जी मैं आपसे निवेदन करता हूं कि अब जमीनी संघर्ष का समय आ चुका है हमको जमीनी स्तर पर संघर्ष करना होगा और कार्यकर्ताओं कि दिल की बात भी सुनी होगी मैं समाजवादी पार्टी का छोटा सा सिपाही हूं समाजवादी पार्टी के कार्यकर्ता आप की ओर आशा…,1,0,0.0031,0.0201,0.0116,False,False Negative (Missed Hate),0.9884
आइये आज हम सब मिलकर कश्मीरियों की सुरक्षा और उनके मौलिक अधिकारों के लिए आवाज उठाते हैं,1,0,0.0155,0.0076,0.0116,False,False Negative (Missed Hate),0.9884
i become a real fan of those who overtly describe how everyone is thinking working with peter green is not as good as having an all england team studying science,1,0,0.0173,0.006,0.0116,False,False Negative (Missed Hate),0.9884
me mang leta hun me kisiko dusman banake nhi rakhna chahta dost bana deta hun pehle ladai uske bad dosti i hate negativity,0,1,0.9886,0.9879,0.9883,False,False Positive (Hallucination),0.9883
"chapri, unemployed, uneducated people's croud",0,1,0.9805,0.9962,0.9883,False,False Positive (Hallucination),0.9883
she is an activist a womens me too movement whackadoodle,0,1,0.9943,0.9823,0.9883,False,False Positive (Hallucination),0.9883
मुंबई में लगे पाकिस्तान जिंदाबाद के नारे,1,0,0.0152,0.0082,0.0117,False,False Negative (Missed Hate),0.9883
twitter mai dhoni dhoni chillata nahi iska meaning yeh nahi ki i hate him .. nikal aab,0,1,0.9908,0.9858,0.9883,False,False Positive (Hallucination),0.9883
सूर्यग्रहण दर्शाते एक डिजिटल आर्टवर्क की तस्वीर को हाल ही में जून को हुए सूर्यग्रहण के रूप में शेयर किया जा रहा है । आर्टवर्क को इस झूठे दावे के साथ शेयर किया जा रहा है कि अटलांटिक महासागर को पार करते वक्त एक ब्रिटिश एयरवेज़ पायलट ने यह तस्वीर खींची थी।,1,0,0.0083,0.015,0.0117,False,False Negative (Missed Hate),0.9883
chup betichod,0,1,0.9792,0.9973,0.9883,False,False Positive (Hallucination),0.9883
bsdka,0,1,0.9811,0.9954,0.9882,False,False Positive (Hallucination),0.9882
"जल के बिना मछली जिंदा रह सकती है मगर बीजेपी टीवी पर धार्मिक विवादों पर बहस दिखाये बिना जिंदा नही रह सकती,,,",1,0,0.0086,0.015,0.0118,False,False Negative (Missed Hate),0.9882
i am a huge fan of those that overtly express what whatever all think women in leadership positions are not as good as men,1,0,0.0117,0.0119,0.0118,False,False Negative (Missed Hate),0.9882
its a pity that india ko bhi sharam nahi aati aur terrorism ki aadat pad gayi hai,1,0,0.0112,0.0123,0.0118,False,False Negative (Missed Hate),0.9882
आनंद महिंद्रा ने नितिन गडकरी के सम्मान में खड़े होकर तालियां बजाने का वादा किया,1,0,0.0163,0.0075,0.0119,False,False Negative (Missed Hate),0.9881
bhuk maroge,0,1,0.9863,0.9899,0.9881,False,False Positive (Hallucination),0.9881
कंगना रनौत को वाई लेवल की सुरक्षा देगी मोदी सरकार,1,0,0.0186,0.0055,0.012,False,False Negative (Missed Hate),0.988
dar ki makichut,0,1,0.9914,0.9847,0.988,False,False Positive (Hallucination),0.988
rehaii mil chuki hai par khauff barkaraar hai (i have been freed but the terror remains).,1,0,0.0041,0.0199,0.012,False,False Negative (Missed Hate),0.988
पूर्व राष्ट्रपति प्रणब मुखर्जी का लम्बी बीमारी के बाद निधन। अनुभवी राजनेता के खोने से राष्ट्र में शोक की लहर। राष्ट्रपति उपराष्ट्रपति और प्रधानमंत्री ने उनके निधन पर शोक व्यक्त किया।,1,0,0.0175,0.0067,0.0121,False,False Negative (Missed Hate),0.9879
almost migrants rescued off spanish coast,0,1,0.989,0.9867,0.9879,False,False Positive (Hallucination),0.9879
मुख्यमंत्री श्री जी के कुशल नेतृत्व में उप्र सरकार प्रगति के नए सफर पर अग्रसर है। प्रदेश में आमजन की सुविधा हेतु गोरखपुर कानपुर और आगरा में जल्द शुरू होगा मेट्रो का निर्माण कार्य। वाराणसी मेरठ व प्रयागराज में मेट्रो के निर्माण कार्य हेतु सर्वे हुआ प्रारंभ।,1,0,0.0169,0.0074,0.0121,False,False Negative (Missed Hate),0.9879
नाना ने खाया दादी ने खाया पापा ने खाया मम्मी ने खाया आओ बहना तुम भी खालो जीजू को भी यहाँ बुला लो । अमूल विज्ञापन गांधी परिवार को बना रहे हैं निशाना,1,0,0.0046,0.0196,0.0121,False,False Negative (Missed Hate),0.9879
चायवाले का मजाक उड़ाने वाले आज खुद अपनी पार्टी के लोगों को मनाने के लिए घूम घूम कर चाय पिला रहे हैं,1,0,0.0125,0.0118,0.0121,False,False Negative (Missed Hate),0.9879
"2 अक्टूबर को मुझे छुट्टी नहीं चाहिए क्योंकि देश की बर्बादी गाँधी ने की थी,जीते पटेल जी थे एक वोट से, पर pm गद्दार नेहरू को बनाया..",1,0,0.0141,0.0101,0.0121,False,False Negative (Missed Hate),0.9879
sheme there is no attention on our own people and food banks while do you have to be a migrant to be treated with respect,1,0,0.006,0.0181,0.0121,False,False Negative (Missed Hate),0.9879
same feeling for lundu,0,1,0.9857,0.9901,0.9879,False,False Positive (Hallucination),0.9879
प्रधानमंत्री ने पूर्व राष्ट्रपति को श्रद्धांजलि अर्पित की,1,0,0.016,0.0082,0.0121,False,False Negative (Missed Hate),0.9879
कोरोना वायरस संक्रमण के कारण पाबंदियों को देखते हुए यह फैसला लिया गया है,1,0,0.0091,0.0152,0.0121,False,False Negative (Missed Hate),0.9879
va re bhn ke loude,0,1,0.9783,0.9975,0.9879,False,False Positive (Hallucination),0.9879
वह मुसलमान मेरे हाथों एक भयानक मौत मरेंगे,0,1,0.9848,0.9911,0.9879,False,False Positive (Hallucination),0.9879
she is a liar and probably on soros payroll,0,1,0.9933,0.9824,0.9878,False,False Positive (Hallucination),0.9878
hypocrite she made a personal to michael jackson at glastonbury despite labelling him a pedophile the year before if i can source the quote i say whatever include it in the article somewhere nobody likes a hypocrite especially if she is a super gob,0,1,0.9911,0.9846,0.9878,False,False Positive (Hallucination),0.9878
abey chutiye ye kashmir hai we hate india & neither r we a part of it.india has js occupied it..jaa k haar ka sog manao..gai ka mutr piyo,0,1,0.9941,0.9815,0.9878,False,False Positive (Hallucination),0.9878
मेरे दिल में आप दलितों के लिए कोइ नफरत नहीं है,1,0,0.0087,0.0157,0.0122,False,False Negative (Missed Hate),0.9878
theri makeyy chidii loudeyy leyy balll loudaa therimaa fuck... kalithanii,0,1,0.9836,0.992,0.9878,False,False Positive (Hallucination),0.9878
tumhe chinta to hogi laude,0,1,0.9783,0.9973,0.9878,False,False Positive (Hallucination),0.9878
#uttarpradesh में 17 ओबीसी जातियों को एससी सूची में शामिल किए जाने को लेकर #bsp प्रमुख #mayawati ने #yogigovernment पर निशाना साधा है। मायावती ने कहा कि उत्तर प्रदेश की सरकार उपचुनाव में फायदा उठाने के लिए इस तरह के हथकंडे अपना रही है।,1,0,0.0118,0.0125,0.0122,False,False Negative (Missed Hate),0.9878
hilaa lu akbar,0,1,0.9944,0.9812,0.9878,False,False Positive (Hallucination),0.9878
"##दुःखद घटना असामाजिक तत्वों ने पश्चिम बंगाल के 300 मुस्लिम घरों को जलाकर राख कर दिया, यह घटना सुबह 7 बजे मंगलवार को पश्चिम बंगाल के तेलनीपारा जिले में हुई, हिन्दू मुस्लिम नफ़रत की वजह से जलता हुआ भारत कब तक ऐसा होता रहेगा #islamophobia_in_india #",1,0,0.005,0.0195,0.0122,False,False Negative (Missed Hate),0.9878
जिसे अपनी पत्नी के चरित्र पर संदेह किया वो कैसा भगवान था ही सीता का राम था,1,0,0.0081,0.0163,0.0122,False,False Negative (Missed Hate),0.9878
के कार्यकर्ताओं ने कहीं चूड़ियां तो नहीं पहन ली ?? जी इसी बात पर इन्हें एक t shirt बनाकर दीजिये। हम यहां दंगा फसाद की बात नहीं कर रहे। हमें उस एक एक सुअर को जेल की काल कोठरी में सड़ते हुए देखना है। ये नहीं होता है तो फिर नज़ारा अलग होगा,1,0,0.0055,0.0191,0.0123,False,False Negative (Missed Hate),0.9877
i love muslims they are so hardworking i love them more when they are cleaning my toilets,1,0,0.0125,0.0121,0.0123,False,False Negative (Missed Hate),0.9877
स्वाधीनता संग्राम की महागाथा के विशिष्ट नायक अपने जीवन का प्रत्येक क्षण देशहित में अर्पित करने वाले महान क्रांतिकारी अमर शहीद खुदीराम बोस जी को उनकी पुण्यतिथि पर कोटिशः नमन आपका जीवन व्यक्तित्वकृतित्व समस्त भारतीयों के लिए प्रेरणास्पद है। हुतात्मा को सादर नमन,1,0,0.0047,0.02,0.0123,False,False Negative (Missed Hate),0.9877
oh so you find it funny that you are friends with a sicko who grooms young boys on wikipedia why do you protect those who use wikipedia as a tool to fulfill sick pedophile urges do you like to touch up young boys too it would not surprise me,0,1,0.9929,0.9824,0.9877,False,False Positive (Hallucination),0.9877
विकास प्राधिकरण राम जन्म भूमि तीर्थ क्षेत्र ट्रस्ट को राम मंदिर का नक्शा सौंपेगा,1,0,0.003,0.0215,0.0123,False,False Negative (Missed Hate),0.9877
"गुड मॉर्निंग मित्रों! और बताइए, कैसी लगी हमारे मोड़ी जी की चीन के साथ लगातार तीसरी जीत? बन्दे में दम तो है, चीन जब भी हमारे सैनिकों को मारता है ये उनके apps बंद कर देता है।",1,0,0.0207,0.0042,0.0124,False,False Negative (Missed Hate),0.9876
dhruv fuddu,0,1,0.9806,0.9946,0.9876,False,False Positive (Hallucination),0.9876
is not interpretation to point out racism in obvious racist comment is simple statement of fact is like saying comment of people are is not racist because interpretation necessary ridiculous whitewashing,0,1,0.9902,0.985,0.9876,False,False Positive (Hallucination),0.9876
"बोल तो ऐसे रहा है जैसे वो #हल्दीघाटी_का_युद्ध लड़ रहा हो। जान तो दांव पर लगी दिख नहीं रही, उल्दा वो दाव पर जरूर दिख रहा है, और वैसे ज़ज्बे को तेरे जैसे #कमीने सलाम करते है..!",1,0,0.0082,0.0168,0.0125,False,False Negative (Missed Hate),0.9875
hicay aaiica dana,0,1,0.9811,0.9937,0.9874,False,False Positive (Hallucination),0.9874
".01 abee jh jasii teri sakal h, lodu",0,1,0.9794,0.9953,0.9874,False,False Positive (Hallucination),0.9874
अबे बावली गान्ड साले अभी भी तुम लोगो को चाटना ही सूझ रहा है क्या बावली गान्ड पत्तलकारिता भी तू पुराने 30 साल में करता ना अभी क्यों मरवा रहा है अपनी सालो कुछ काम तो किया जाता है नहीं बस पिछले समय को याद कर कर के तुम लोगो की रोटी का जुगाड होता है,1,0,0.0044,0.0208,0.0126,False,False Negative (Missed Hate),0.9874
#akhilesh_bhaiya aapne kabhi apni sarkar me dekha itna kaam karne k baad aur apko itna pyar milne k baad bhi kya sthiti hai party kiakhir kaha kami rah gayi aur #kyu? #think,0,1,0.9942,0.9806,0.9874,False,False Positive (Hallucination),0.9874
buzurg shahri ko firing kar ke qatal karnay walon police aahalkaron ko phansi do …,1,0,0.0074,0.0178,0.0126,False,False Negative (Missed Hate),0.9874
प्रशांत भूषण ने कहा मैं एक रूपये का जुर्माना भरूँगा,1,0,0.0066,0.0185,0.0126,False,False Negative (Missed Hate),0.9874
you need to get burned down again,1,0,0.0207,0.0044,0.0126,False,False Negative (Missed Hate),0.9874
khan is a dickhead,0,1,0.9839,0.9909,0.9874,False,False Positive (Hallucination),0.9874
calls it what a slut similar to that government in germany left during the people need us to see hitler as a godly holy figure because he saved the german economy... and he never has used propaganda to trick other people into supporting helping him,1,0,0.0077,0.0177,0.0127,False,False Negative (Missed Hate),0.9873
i what a slut raised in idaho amazing place there is a reason they call it idaho there what a slut a black in my town growing up he was not too bad i do not remember ever meeting a jew my entire life until i left the state however the mexicans did settle in well there only upwards,0,1,0.9942,0.9803,0.9873,False,False Positive (Hallucination),0.9873
i would rather eat my own ass mr,0,1,0.9925,0.9821,0.9873,False,False Positive (Hallucination),0.9873
when this is your job only immediate warning is a threat,1,0,0.0213,0.004,0.0127,False,False Negative (Missed Hate),0.9873
आज में ये हालत है तो कल यूपी और दिल्ली में नजर जरूर आएंगे बल्कि दिल्ली में तो देश भर के कोनेकोने से आकर लोग बसे हुए हैं वो कहां से अपने कागज दिखायेंगे।,1,0,0.0065,0.0189,0.0127,False,False Negative (Missed Hate),0.9873
jin par bharat karodon kharch karta hai ve pak se har kar ate hain jin par hajaron kharch hate hain vo pak ko mar ke ate hain,1,0,0.0225,0.0029,0.0127,False,False Negative (Missed Hate),0.9873
"जन्नत पहले आता था, अभी सिर्फ काश्मीरी पंडित और पत्थरबाज आते है ।",1,0,0.0056,0.0198,0.0127,False,False Negative (Missed Hate),0.9873
iski m b ka bho mdrc rd,0,1,0.9936,0.981,0.9873,False,False Positive (Hallucination),0.9873
"टीवी पर धार्मिक विवादों पर बहस दिखाने वाले पत्रकार जिम्मेवार हैं तबरेज पर होने वाले जुल्म के लिये ,",1,0,0.0219,0.0036,0.0127,False,False Negative (Missed Hate),0.9873
तबरेज के मरने पर रंडी रोना मचाने वाली मिडिया.. दिल्ली में मुल्लों की हरकत पर शांत क्यों???,1,0,0.0162,0.0091,0.0127,False,False Negative (Missed Hate),0.9873
abe sudhar tihaadi kam se kam uski sarkar to banne de be chor modi ke dalal,0,1,0.9834,0.9911,0.9873,False,False Positive (Hallucination),0.9873
mr bc,0,1,0.9837,0.9907,0.9872,False,False Positive (Hallucination),0.9872
you talked to grade school friends with high comments about bill maker today re damn fucking cool,1,0,0.0163,0.0092,0.0128,False,False Negative (Missed Hate),0.9872
potty,1,0,0.0248,0.0007,0.0128,False,False Negative (Missed Hate),0.9872
sutiya जर्मन सेफर्ड अपना ग्यान kahi और बाटना यहां पर है tere चाचा सुधांशु त्रिवेदी सही ग्यान देने vale,1,0,0.0029,0.0226,0.0128,False,False Negative (Missed Hate),0.9872
स्वाधीनता के सूर्योदय की आकांक्षा लिए पराधीनता के घोर तिमिर में क्रांतिदीप प्रज्ज्वलित करने वाले नायक राष्ट्र ही सर्वोपरि की भावना के अप्रतिम उदाहरण वीरसाहसी महान क्रांतिकारी हुतात्मा श्री शिवराम हरि राजगुरु जी को उनकी जयंती पर सादर नमन। जय हिंद,1,0,0.0046,0.0209,0.0128,False,False Negative (Missed Hate),0.9872
madchod,0,1,0.9792,0.9953,0.9872,False,False Positive (Hallucination),0.9872
#nrc में नाम नहीं है इसलिए घर से उठाया जा रहा है #assam आज आपका विरोध बंद हो जाए तो कल आपका हाल ऐसा ही होगा किस तरह तरह मारा जा रहा है इन पुलिस वालो मैं भी शायद इसानियत खत्म हो गयी है....,1,0,0.0221,0.0037,0.0129,False,False Negative (Missed Hate),0.9871
"lucky you. i can bet vo mujhe kabhi bhi follow nhi karenge. qki mein ca hu, jinko vo hate karte hain. ""bahi ko sahi"" karne waale samajhdar h",1,0,0.0138,0.012,0.0129,False,False Negative (Missed Hate),0.9871
tihadi gandu,0,1,0.9807,0.9936,0.9871,False,False Positive (Hallucination),0.9871
texas medical board engaging students in warrantless drug searches of state doctors offices in back or door using gun traffic control effort,1,0,0.0186,0.0072,0.0129,False,False Negative (Missed Hate),0.9871
wt hell is wrong with you you cannot just delete everyone is user boxes without asking them first,1,0,0.0077,0.0181,0.0129,False,False Negative (Missed Hate),0.9871
सही कही आपने ये तो जुमलो की सरकार हैं इन्हें काम करना नही दिखाना आता हैं #विकास_गायब_है,1,0,0.0036,0.0225,0.013,False,False Negative (Missed Hate),0.987
yea sb teri maa chodnge ab,0,1,0.9914,0.9826,0.987,False,False Positive (Hallucination),0.987
दलितों को बकचोद कहना ठीक नहीं है।,1,0,0.0078,0.0182,0.013,False,False Negative (Missed Hate),0.987
women are weak according to indian courts and fake feminists,0,1,0.9881,0.9858,0.987,False,False Positive (Hallucination),0.987
दिल्लीः परीक्षा देकर निकले अर्चित ने बताया सोशल डिस्टैंसिंग का ध्यान रखा गया। उन्होंने कहा ऐडमिट कार्ड रिलीज होने के बाद पता चल गया था परीक्षा नहीं टलेगी रिपोर्ट अनूप पांडेय,1,0,0.0092,0.0169,0.013,False,False Negative (Missed Hate),0.987
kaash tm meri hoti ! bht khush rkhta ! har nakhra uthata ! but u hate me — ab ap kon? …,0,1,0.9878,0.9862,0.987,False,False Positive (Hallucination),0.987
women carry a sacred and divine energy remember that the next time someone calls you a bitch,0,1,0.9926,0.9812,0.9869,False,False Positive (Hallucination),0.9869
मिल गया जवाब रसोड़े में कौन था किसने सारे चने निकाल कर खाली कुकर चूल्हे पर चढ़ाया ही है,1,0,0.0044,0.0218,0.0131,False,False Negative (Missed Hate),0.9869
trying people who speak poor english sorry ebonics often say they are and i have always taken that to mean that they intend to example are you trying eat do you intend to eat soon it is fairly popular in north carolina any takers,0,1,0.9892,0.9845,0.9869,False,False Positive (Hallucination),0.9869
नोएडा में पांच हजार से ज्यादा फैक्ट्रियां बंद होने की कगार पर सबसे ज्यादा असर गारमेंट और इलेक्ट्रॉनिक्स सामान बनाने वाली फैक्ट्रियों पर,1,0,0.0228,0.0035,0.0131,False,False Negative (Missed Hate),0.9869
विशिष्ट आदिवासी व्यवहार,0,1,0.99,0.9836,0.9868,False,False Positive (Hallucination),0.9868
ये दलित मुझे बहुत खुश करते हैं,1,0,0.0069,0.0195,0.0132,False,False Negative (Missed Hate),0.9868
tabhi loktantra ka murder bjp karti hai supreme court bhi kai bar phatkaar laga chuka hai,1,0,0.0241,0.0023,0.0132,False,False Negative (Missed Hate),0.9868
हिंदूओं तुम्हारी बहन बेटियां जिम में बहुत मेहनत कर रही है और उन्हें सिखाने ने अफजल तो बहुत बहुत मेहनत कर रहा है आगे की कहानी सावधान इंडिया में अवश्य देखना तुम्हारा सर गर्व से ऊंचा हो जाएगा,1,0,0.0115,0.015,0.0132,False,False Negative (Missed Hate),0.9868
"देख लो ,ये अम्मा कांग्रेस की रजिस्टर्ड दुखियारी है। पैसा देकर लोगो की भावनाओ से खिलवाड , ये कांग्रेस ही कर सकती है",1,0,0.0179,0.0085,0.0132,False,False Negative (Missed Hate),0.9868
मई यह जानने के लिए काफी अंग्रेज़ों के पास रहा हूँ जिनसे पता की वे पूरे गधे हैं,0,1,0.9891,0.9845,0.9868,False,False Positive (Hallucination),0.9868
you remove my message of banning myself going to screw your page up,0,1,0.993,0.9806,0.9868,False,False Positive (Hallucination),0.9868
agar dandy bhaiya jaisi akal om ko hoti to story aage kaise bhadti hate - love story se hi story lambi hoti hai na yar,1,0,0.0043,0.0224,0.0133,False,False Negative (Missed Hate),0.9867
"बंगलौर के बाद, अनूपपुर (मध्य प्रदेश) मे फेसबुक पोस्ट के लिए मुस्लिम समुदाय के 25-30 लोगों ने मिलकर बीच बाजार मे दौड़ा दौड़ा कर मारा । बस हिंदू ही है जिसको कानून पर पूरा भरोसा है धन्य हो",1,0,0.0116,0.0149,0.0133,False,False Negative (Missed Hate),0.9867
one s in the talk about two antithetical concepts beauty happiness fortune,1,0,0.0076,0.019,0.0133,False,False Negative (Missed Hate),0.9867
आप सब समझते हैं बिना पुलिस के सहयोग से दंगा नहीं भड़क सकती यह मेरी तजुर्बा है 28 साल की उम्र की क्या मैं अपने तजुर्बा पर यकीन कर सकती हूं मैं समाज में रही हूं समाज की हर बुराई को देखी हूं उसके पीछे पुलिस की सहयोग जरूर होती है उस बुराई को कराने में,1,0,0.0153,0.0114,0.0133,False,False Negative (Missed Hate),0.9867
dar ki ma ka chuu****t,1,0,0.0256,0.001,0.0133,False,False Negative (Missed Hate),0.9867
they forget about antifa and all threats to conservatives when its convenient,0,1,0.9942,0.9791,0.9867,False,False Positive (Hallucination),0.9867
ओणम की हार्दिक शुभकामनाएं राजा महाबली देशवासियों के जीवन में स्वास्थ्य और खुशहाली का आशीर्वाद दें।,1,0,0.0114,0.0151,0.0133,False,False Negative (Missed Hate),0.9867
क्योंकि वहा योगी हे यह सूअर हमारी बिरादरी का पर साला ढोंघी हे,1,0,0.0088,0.018,0.0134,False,False Negative (Missed Hate),0.9866
abhi tera rape karugiii,1,0,0.0096,0.0173,0.0134,False,False Negative (Missed Hate),0.9866
there is very much i love about the royal kingdom for example its royal history and our fantastic royal country all have stunning coastlines enjoy a picturesque scenery however there are really many tourists here,1,0,0.0151,0.0117,0.0134,False,False Negative (Missed Hate),0.9866
owning land and buildings where immigrant detention centers operate is a business worth billions of dollars texas allege immigration,0,1,0.9869,0.9864,0.9866,False,False Positive (Hallucination),0.9866
tora mai ke codo mahvirawa wali,1,0,0.0029,0.0239,0.0134,False,False Negative (Missed Hate),0.9866
up waale naapunsak nikal gaye hai yogi ji,0,1,0.9942,0.9789,0.9866,False,False Positive (Hallucination),0.9866
कंगना रनौत का ऑफिस अगर अवैध रूप से बना है। तो को पूरा अधिकार है इसे तोड़ने का।,1,0,0.0101,0.0169,0.0135,False,False Negative (Missed Hate),0.9865
i could never be friends with a zionist,1,0,0.0083,0.0188,0.0135,False,False Negative (Missed Hate),0.9865
यूज़र का केवाईसी नो योर कस्टमर निलंबित कर दिया गया है और उन्हें इसे पुनः सक्रिय करने के लिए एक नंबर पर कॉल करना होगा ।,1,0,0.0081,0.019,0.0135,False,False Negative (Missed Hate),0.9865
hatt behan ch***d mule,0,1,0.9863,0.9868,0.9865,False,False Positive (Hallucination),0.9865
के अध्यक्ष पूज्य महंत श्री नृत्य गोपाल दास जी महाराज के कोरोना संक्रमित होने की सूचना प्राप्त हुई। उन्हें त्वरित चिकित्सकीय सुविधा उपलब्ध कराने हेतु मेदांता अस्पताल के डॉ नरेश त्रेहन से वार्ता की है। प्रभु श्री राम से उनके शीघ्र स्वास्थ्य लाभ हेतु प्रार्थना है।,1,0,0.0115,0.0156,0.0135,False,False Negative (Missed Hate),0.9865
ye video nahi hatana chahiye . kyo hate jab kisi ko ye ghinauna kam karane me sharm nahi aati to kyu hate ye video.,1,0,0.0153,0.0117,0.0135,False,False Negative (Missed Hate),0.9865
जहां ना पहुंचे राशन वहां पहुंचे इनका भाषण।,1,0,0.003,0.024,0.0135,False,False Negative (Missed Hate),0.9865
महाराष्ट में समाजवादी पार्टी नेता अबू आजमी के समर्थन में पाकिस्तान जिंदाबाद के नारे लगाए जा रहे है....!! वडाळा स्टेशन मुंबई,1,0,0.0173,0.0099,0.0136,False,False Negative (Missed Hate),0.9864
the dregs of society are isis antifa blm planned parenthood illegal aliens pedophiles and liberals this is who the democrats support once again accusing others of what you biden are guilty of,0,1,0.9942,0.9785,0.9864,False,False Positive (Hallucination),0.9864
जस्ट पुछिंग किसी के जख्मों पर नमक छिड़कना है। कौन सा सही रहेगा टाटा या पतंजलि,1,0,0.0068,0.0203,0.0136,False,False Negative (Missed Hate),0.9864
कंगना को मिली वाई श्रैेणी की सुरक्षा ट्वीट कर अमित शाह का जताया आभार,1,0,0.0221,0.005,0.0136,False,False Negative (Missed Hate),0.9864
badwe,1,0,0.018,0.0093,0.0136,False,False Negative (Missed Hate),0.9864
young white people are doing it more than ever it s just that those bloody clinics are getting better at what they do,0,1,0.9872,0.9857,0.9864,False,False Positive (Hallucination),0.9864
snakes are poisonous too...,1,0,0.0258,0.0015,0.0137,False,False Negative (Missed Hate),0.9863
chinnnallll,1,0,0.0092,0.0182,0.0137,False,False Negative (Missed Hate),0.9863
साले एक बार रोड पर फ्री घूम के दिखा दो जूता मार के मुंह लाल न कर दे जनता तो कहना link,1,0,0.0031,0.0242,0.0137,False,False Negative (Missed Hate),0.9863
bjp नेता मुख्तार अब्बास नकवी और शहनवाज हुसैन इनको बीच चौराहे खड़ा करके इनसे भी जयश्रीराम के नारे लगवाओगे ?,1,0,0.0189,0.0085,0.0137,False,False Negative (Missed Hate),0.9863
तेरी बहनी महतरी लौंडिया की chut पशिया की झाँट माँदर chod मुँह में लुँड कर दूँगा,0,1,0.9887,0.9839,0.9863,False,False Positive (Hallucination),0.9863
fuck my shitty bed,0,1,0.982,0.9904,0.9862,False,False Positive (Hallucination),0.9862
would not it is amazing if all nazis finally gathered and finished themselves off they all need to die,0,1,0.983,0.9895,0.9862,False,False Positive (Hallucination),0.9862
गंदी नाली के कीड़े अपनी माँ से पूछ किस हरामखोर से पैदा हुआ है तू । साले हलाला की औलाद,1,0,0.0093,0.0182,0.0138,False,False Negative (Missed Hate),0.9862
"हम सब की माँग है कि इसी मानसून सत्र में अब ""जनसंख्या नियंत्रण कानून"" आना चाहिये? रीट्वीट करें एवं रीट्वीट करने वाले सभी साथी एक दूसरे को फ़ॉलो करें.. मैं 200 सनातनी साथियों को फ़ॉलो बैक करूँगा.. जय श्री राम",1,0,0.0198,0.0079,0.0138,False,False Negative (Missed Hate),0.9862
हमारे किसानों ने कोरोना की इन कठिन परिस्थितियों में भी अपनी ताकत को साबित किया है। मैं देश के किसानों को बधाई देता हूं उनके परिश्रम को नमन करता हूं।,1,0,0.0202,0.0075,0.0138,False,False Negative (Missed Hate),0.9862
"मोहम्मद शमी अगर सपा बसपा या कांग्रेस में शामिल हो जाये तो बीजेपी साबित कर देगी कि अफगानिस्तान वाले मैच में शामी ने जो विकेट लिये वो सभी गेंदे वाईड बॉल थीं,,,",1,0,0.0082,0.0194,0.0138,False,False Negative (Missed Hate),0.9862
where have you seen any personal attacks you just personally prefer to offend me what can i do about it i do not know and yes i do not want to continue any conversations with ignorant marauders poor those people who discussed that with you and similar to you i understand them very well are you so unintelligent marauder have you ever thought if there will not be any problem you would never see me here ukrainian a citizen of ukraine and a resident of kyiv telling you that like african american that trying to make someone to stop calling him n very sad you are not liberal enough to understand that it is inevitable but your conservative mind wants to stop it everything changes after your death if wikipedia will exist it for sure will be kyiv and you will not exist by that time and could not change it why are you trying to stop things which you cannot change what kind of perversion is it,0,1,0.9829,0.9894,0.9861,False,False Positive (Hallucination),0.9861
have look a correct information before spreading any false news ..,0,1,0.9837,0.9885,0.9861,False,False Positive (Hallucination),0.9861
lavde,0,1,0.9749,0.9973,0.9861,False,False Positive (Hallucination),0.9861
"हम भारतीय बासी रोटी तो खा सकते हैं किन्तु ये 5साल पुराना बासी,बेकार,और झूठा भा ज पा का जुमला मेनिफेस्तो हजम नही हो पायेगा ।जनता इस बार इस फरेबी पार्टी को सिरे से नकार देगी",1,0,0.0042,0.0235,0.0139,False,False Negative (Missed Hate),0.9861
sick i see useropenfuture calls zero days a reasonable talk time good on ya you got yourself a warning coming soon i even asked you very politely to have a conversation here on the talk page and avoid a on the instead you go to my own talk page twice trying to make this personal and suddenly you see the light and come back here at the last moment then you commit a clear edit war strike strike strike war i think you have enough experience to know better but apparently not,0,1,0.9879,0.9842,0.986,False,False Positive (Hallucination),0.986
with what little slut escorted from the camp jail by polish policemen we were questioning the prison cast there on,1,0,0.0251,0.0029,0.014,False,False Negative (Missed Hate),0.986
मुझे लगता है की समलैंगिक ही यह बेवकूफी कर सकते है,0,1,0.9814,0.9906,0.986,False,False Positive (Hallucination),0.986
"maderchot kartana kalla ny ky tula, kashala shanpana karayla jaycha. ata wr police la naaw thewtoy hoy.",0,1,0.9943,0.9776,0.986,False,False Positive (Hallucination),0.986
usko humlog hindi me bahanc*od kahate hai,0,1,0.9935,0.9785,0.986,False,False Positive (Hallucination),0.986
in turn the mayor police force allow s must give the city block roads responsible for using,1,0,0.0182,0.0099,0.014,False,False Negative (Missed Hate),0.986
omg aaj thoda jyada senti ho rahi hun.. i hate you,0,1,0.986,0.9858,0.9859,False,False Positive (Hallucination),0.9859
"फारुख अब्दुल्ला ने अपना कागज खोज लिया. ""मैं मुस्लिम नहीं, कश्मीरी पंडित हूं..!!"" ----फारूक अब्दुल्ला धीरे धीरे इसी तरह सब अपने कागज दिखाएंगे...",1,0,0.0041,0.0241,0.0141,False,False Negative (Missed Hate),0.9859
fire your hired hand if youre a boomer and you are going to fall for the next resistance gift,1,0,0.0195,0.0088,0.0141,False,False Negative (Missed Hate),0.9859
के मुख्यमंत्री जी का दिल से धन्यवाद जिन्होंने विधानसभा को बना दिया। यह देखिए किस प्रकार एक पूरा परिवार की गली में बैठकर गरमा गरम चाय और बिस्कुट का आनंद ले रहे है आर के निराला के कलम,1,0,0.0159,0.0123,0.0141,False,False Negative (Missed Hate),0.9859
hisab barabr .. ab koi narangi khatmal apni myya na chudwaye sabko democracy h jo bolna bole vo,0,1,0.9853,0.9865,0.9859,False,False Positive (Hallucination),0.9859
"साली हरामी तो तुम लोग हो जो जिस थाली में खाते हो उसी में छेद करते हो. रही बात तेरे लल्लाह के डर की तो ऐसा डर तुम ज़ाहिल अनपढ़ों में ही होता है.हमारे में नहीं.तुझे और तेरे लल्लाह को ल.... पर बिठाते हैं.जयपुर राजस्थान का हूँ समझ रही है न, कभी आमने सामने आ औकात बता देंगे.",1,0,0.0064,0.0218,0.0141,False,False Negative (Missed Hate),0.9859
आपको जेल में वेजना चाहिए मुझे आज एक पाकिस्तानी का बलात्कार करना होगा जैसी धमकियों देने के लिए,1,0,0.0078,0.0207,0.0142,False,False Negative (Missed Hate),0.9858
i reclaim the term niggers to be us by us blacks only,0,1,0.9772,0.9944,0.9858,False,False Positive (Hallucination),0.9858
जिस राज्य में लाख प्रवासी जन आए हों वहां कोरोना संक्रमण की स्थिति अन्य सम्पन्न राज्यों की तुलना में नियंत्रित है। हमने अपने एकएक नागरिक की सुरक्षा सुनिश्चित की है। यह सब इसलिए संभव हो सका क्योंकि यहां एक टीम काम कर रही थी। कोरोना वॉरियर्स को नमन,1,0,0.0193,0.009,0.0142,False,False Negative (Missed Hate),0.9858
some women are using the law as a weapon which was made to protect her...,0,1,0.9857,0.9858,0.9858,False,False Positive (Hallucination),0.9858
ho hi na jaye nafrat ho jaye to sara issue hi hatam,1,0,0.009,0.0193,0.0142,False,False Negative (Missed Hate),0.9858
सोशल मीडिया पर नेशनल स्कॉलरशिप पोर्टल द्वारा कॉलेज स्टूडेंट्स को रुपए स्कॉलरशिप दिए,1,0,0.0054,0.023,0.0142,False,False Negative (Missed Hate),0.9858
tujhe nahi padhna.. andhaa bane rehna hai toh na padh.. even if u hate u must read the opposite side.,0,1,0.987,0.9844,0.9857,False,False Positive (Hallucination),0.9857
कल एनडीए में शामिल होगी जीतन राम मांझी की पार्टी हिंदुस्तानी आवाम मोर्चा।,1,0,0.0082,0.0204,0.0143,False,False Negative (Missed Hate),0.9857
क्या इससे यह स्पष्ट नहीं होता है की दलित कचरा हैं,0,1,0.985,0.9865,0.9857,False,False Positive (Hallucination),0.9857
they should have never given a cracker a transmitter will flip when he sees this,1,0,0.0128,0.0157,0.0143,False,False Negative (Missed Hate),0.9857
i am just not going to be a bitch to you because whatever do not speak for reasons it what a slut a decision and it is done and over with why start shit,0,1,0.9864,0.985,0.9857,False,False Positive (Hallucination),0.9857
gandvo kdhi up mein karo ye hrkahate,0,1,0.9854,0.9857,0.9856,False,False Positive (Hallucination),0.9856
मैं जानता हूँ की दलित बिलकुल भी बेवकूफ नहीं हैं,1,0,0.013,0.0158,0.0144,False,False Negative (Missed Hate),0.9856
you know what fuck you i tried to be civil to you earlier but since you are not going to pay me the same courtesy there is no point there is no need to poke fun at me using it means cool a k a man and making sarcastic comments about using references now i know you are just looking for a fight i have worked on the content and i only ended up keeping a few sentences but they do not have sources so let me look for some right now,1,0,0.0057,0.0232,0.0144,False,False Negative (Missed Hate),0.9856
es eid me . chara khane wale ek or janwar ka ka kima banega. i like it but i hate non veg.,0,1,0.9868,0.9844,0.9856,False,False Positive (Hallucination),0.9856
मुसलमानो को मुजाहिद चाहिये पर पड़ोस के घरों में अपने घर में नहीं मुसलमानो सोच बदलो हालात बदलेंगे अपने घरो में मुजाहिद को पैदा करो या खुद मुजाहिद बनो..... follow कर सकते है आप,1,0,0.0188,0.0101,0.0144,False,False Negative (Missed Hate),0.9856
संजय सिंह मादरचोद की औलाद है साला कुत्ता है,1,0,0.0071,0.0217,0.0144,False,False Negative (Missed Hate),0.9856
मुख्यमंत्री योगी आदित्यनाथ के नेतृत्व में उत्तर प्रदेश विकास की नई रफ्तार पकड़ने को तैयार,1,0,0.0031,0.0257,0.0144,False,False Negative (Missed Hate),0.9856
they arrive in the united states not for the american dream as many politicians both democrat and republican like to say they are arriving to usurp our economy with no intention of embracing the culture adopting the language or considering themselves american when asked most will say they are proud hondurans or proud nigerians proud nationals of the country they came from,1,0,0.0071,0.0219,0.0145,False,False Negative (Missed Hate),0.9855
"भारत की ज्यादातर योजनाऐं हमें कमजोर बेबस समाज में वर्ग संघर्ष पैदा करने वाली हैं हमे सरकार से कुछ हासिल नही हो रहा है,,",1,0,0.0195,0.0095,0.0145,False,False Negative (Missed Hate),0.9855
मुझे वास्तव में लगता है की महिलाऐं ही सबसे मूर्ख होती हैं,0,1,0.9811,0.9898,0.9855,False,False Positive (Hallucination),0.9855
film the boys are back in town green 24 hour interval sweet tyke to american moron,1,0,0.0272,0.0018,0.0145,False,False Negative (Missed Hate),0.9855
गरीबी पर वार होगा सपना ये साकार होगा। कांग्रेस सरकार में सशक्त गरीब परिवार होगा।।,1,0,0.0054,0.0236,0.0145,False,False Negative (Missed Hate),0.9855
मोदी जी का किरदार निभाते निभाते मोदी जी की ही आत्मा घुस गई इनमें #नीच,1,0,0.01,0.0192,0.0146,False,False Negative (Missed Hate),0.9854
आप सभी को यह कैसे स्पष्ट नहीं है की समलैंगिक मानव कचरा हैं,0,1,0.9884,0.9825,0.9854,False,False Positive (Hallucination),0.9854
karna bhai hate kar... mujhe bhi kar... taras raha hu tere hatred ke liye...,1,0,0.0082,0.0209,0.0146,False,False Negative (Missed Hate),0.9854
स्कूलों ने ट्यूशन के अलावा कोई फीस ली होगी तो करनी होगी वापस।,1,0,0.016,0.0132,0.0146,False,False Negative (Missed Hate),0.9854
"pm ki post ki izzat krte hai isliye gaali nhi di, mgr jo pm ki post pr hai wo khoon choos raja hai desh ka or ap jese log uska sath de rahe hai",0,1,0.989,0.9817,0.9854,False,False Positive (Hallucination),0.9854
estimable morning to everyone except the n diagonal,1,0,0.0083,0.0209,0.0146,False,False Negative (Missed Hate),0.9854
they hate the christians,1,0,0.0115,0.0178,0.0146,False,False Negative (Missed Hate),0.9854
majhub pornhub,0,1,0.9936,0.9771,0.9854,False,False Positive (Hallucination),0.9854
कौन बनेगा का ओपनर माइक हेसन ने दिया यह जवाब,1,0,0.005,0.0244,0.0147,False,False Negative (Missed Hate),0.9853
ma the bey je vase tokenish dekalb,1,0,0.0213,0.0082,0.0147,False,False Negative (Missed Hate),0.9853
mujhy aksar log mohabbat kaha krtay hain.. tht mean u hate me,0,1,0.9889,0.9816,0.9853,False,False Positive (Hallucination),0.9853
previous lost match to today's match fans(winning signs believers): humne to kaha hi tha ye kya dress hai kya chutiya idea hai. 'kesari jersey' ki wjah se haare the hum. #cwc2019 #indvsban,0,1,0.9916,0.9791,0.9853,False,False Positive (Hallucination),0.9853
पीएम मोदी का विचार लड़की बेचे अचार तो ज्यादा बिकेगा डूब मरने की बात है जो खुद की औलाद नहीं है तो दूसरो की बेटियों के लिए ऐसे घटिया विचार रखने वाला देश का प्रधान मंत्री बनाया गया है कल को कुछ और भी कह सकता है बेटियों link #नरेन्द्रमोदी के द्वारा,1,0,0.0049,0.0245,0.0147,False,False Negative (Missed Hate),0.9853
मादरचोद #gandhi #nehru किधर मर गया देख लौड़े अपने भारत को तेरी मूर्ति जिधर देखूंगा तोड़ दूंगा। कौन हरामी बोलता है #हिन्दू #मुस्लिम भाई-भाई।हिंदुओ सिर्फ ट्वीट करनेसे नही होगा ये #दोगले किसी मिशन पर है।कब सुरु करोगे #काटना हरामी मुल्ले की औलादों #धर्मयुद्ध कर #justice_for_eklavya,1,0,0.0081,0.0214,0.0147,False,False Negative (Missed Hate),0.9853
musicians strike me as being hangers on never known any to be very seriously into both sexes they seem to tend to just use it like a badge to differentiate themselves from proper working people,0,1,0.978,0.9926,0.9853,False,False Positive (Hallucination),0.9853
भोसडीके दिल्ली में कल दंगा हुआ रात को मंदिर तोड़ दिया गया। एक शब्द भी नहीं बोला गया आत्म मुग्ध बौने।,1,0,0.0207,0.0087,0.0147,False,False Negative (Missed Hate),0.9853
जब तक गोरखपुर में बीजेपी का शासन है तब तक गोरखपुर का कुछ नहीं हो सकता,1,0,0.0164,0.0131,0.0147,False,False Negative (Missed Hate),0.9853
i can hear this.....aee lakdi kyun padi hai zaad mein,0,1,0.9914,0.979,0.9852,False,False Positive (Hallucination),0.9852
न्यूज में सुशांत के दोस्त संदीप सिंह ने अपने ऊपर लग रहे आरोपों पर दी सफाई देखें संदीप सिंह का इंटरव्यू,1,0,0.0275,0.0022,0.0148,False,False Negative (Missed Hate),0.9852
beanchode ya kay tha,0,1,0.989,0.9813,0.9852,False,False Positive (Hallucination),0.9852
if you are without being noticed or recognized you must be an in trove like me here freedom twitter,0,1,0.9942,0.9762,0.9852,False,False Positive (Hallucination),0.9852
raathi ..mc hai,0,1,0.9943,0.9761,0.9852,False,False Positive (Hallucination),0.9852
ab gujarati janta ka khoon pee rahe hain,1,0,0.005,0.0246,0.0148,False,False Negative (Missed Hate),0.9852
का उद्देश्य छोटे बच्चों महिलाओं और किशोरियों में कुपोषण एनीमिया और पोषण संबंधित बीमारियों को कम करना है। बच्चों और महिलाओं में कुपोषण की समस्या से निपटने के उद्देश्य सितंबर माह में राष्ट्रीय पोषण माह मनाया जा रहा है,1,0,0.0142,0.0155,0.0148,False,False Negative (Missed Hate),0.9852
इनके बापने कभी खेती नहीं कि होगी... सरकार तलवे भी चाटेगी इसका पैसा जो निकलना बहार...,1,0,0.0029,0.0266,0.0148,False,False Negative (Missed Hate),0.9852
किसी भी निचली जात के लोग के प्रभार होने से हमार देश को खतरा है,0,1,0.9898,0.9805,0.9851,False,False Positive (Hallucination),0.9851
maine to nhi dekha chudte hue,0,1,0.9935,0.9766,0.9851,False,False Positive (Hallucination),0.9851
"me: hey siri siri: me: hey siri, can u hear me ? siri: me: hey u dumbfuck siri, can't u here me myphone: भोसडीके एंड्रॉएड है तेरे पास!",0,1,0.981,0.9892,0.9851,False,False Positive (Hallucination),0.9851
विकास रेजिमेंट बटालियन के वो जवान जिनकी वजह से फ्लॉप हो गया चीन का प्लान देखिए की रिपोर्ट,1,0,0.0074,0.0225,0.015,False,False Negative (Missed Hate),0.985
ary bhosdichya kuthlya goshtivar content create karycha tyachi akkal aahe ka ....2 loknachi death zali aahe mc,0,1,0.9853,0.9847,0.985,False,False Positive (Hallucination),0.985
शांतिप्रिय द्वारा मोहम्मद पैगंबर पर आपत्तिजनक टिप्पणी के लिए बैंगलोर में उपद्रव और हमारे यहाँ #हीर_खान जो नियमित रूप से हिंदू देवी-देवताओं को गाली दे रही थी। although prayagaj remained peaceful..!!,1,0,0.0219,0.008,0.015,False,False Negative (Missed Hate),0.985
fuck the courts how is a fine address up to motherfucker dollars bitch,0,1,0.9925,0.9775,0.985,False,False Positive (Hallucination),0.985
all curry munchers should die this what a slut the message my son got today at school,0,1,0.9895,0.9802,0.9849,False,False Positive (Hallucination),0.9849
you so democrats could do this to someone else she makes nothing but for political campaign they just are not honest only to admit it,1,0,0.0151,0.0151,0.0151,False,False Negative (Missed Hate),0.9849
इस सरकार के ख़िलाफ़ अगर कोई भी आवाज़ उठाया तो उसे जान देना या जेल जाना पड़ सकता है। अगर आप पत्रकार बनके सवाल करते हो तो सरकार आपको कमरे बन्द कर देगी? जेल में डाल देगी? विरोध करोगे तो fir कर देगी। ये सरकार अब जवान नही बल्कि सवाल करने पे तानशाही दिखाकर सबको डरा रही है। सावधन!,1,0,0.0079,0.0223,0.0151,False,False Negative (Missed Hate),0.9849
wow degrees and no power definitely sucks,0,1,0.9915,0.9781,0.9848,False,False Positive (Hallucination),0.9848
why you shouldn't brake for chapris,0,1,0.9886,0.9809,0.9848,False,False Positive (Hallucination),0.9848
pahali bar aisa hua ki sher ne apne piche bina parkhe hijado ki sena khadi kar li.,0,1,0.9938,0.9757,0.9848,False,False Positive (Hallucination),0.9848
उनके चिकित्सक एक पाकिस्तानी है,1,0,0.0151,0.0154,0.0152,False,False Negative (Missed Hate),0.9848
#nonsense_modi चंद्रयान मिशन सक्सेस होने ही वाला था कि मोदी जी ने वहां जाकर डिस्टर्ब कर दिया था जिसके कारण वैज्ञानिकों के महीनों की मेहनत बेकार हो गई थी,1,0,0.0066,0.0238,0.0152,False,False Negative (Missed Hate),0.9848
pajama day is not pleasant to look...,1,0,0.0172,0.0132,0.0152,False,False Negative (Missed Hate),0.9848
ज़ुबानी जंग में y+ श्रेणी की सुरक्षा मिली अगर मार पीट हो जाती तो राफ़ेल भी मिल सकता था,1,0,0.0225,0.008,0.0152,False,False Negative (Missed Hate),0.9848
weak and unclean,1,0,0.0251,0.0054,0.0153,False,False Negative (Missed Hate),0.9847
retweet miley cyrus pussy probably taste like wet dog she has a negative ass and the bitch looks like justin bieber she so one,1,0,0.0204,0.0102,0.0153,False,False Negative (Missed Hate),0.9847
साला तेरे माँ बाप कैसे होंगे रे हिजड़े,1,0,0.003,0.0275,0.0153,False,False Negative (Missed Hate),0.9847
प्रयागराज अतीक के खिलाफ दर्ज मुकदमों की केस डायरी थाने से गायब मचा हड़कंप,1,0,0.0118,0.0188,0.0153,False,False Negative (Missed Hate),0.9847
eat 5 star & mountain dew= darhh ki ma ki chood....,0,1,0.9827,0.9865,0.9846,False,False Positive (Hallucination),0.9846
दिल दहला देने वाली घटना। के जफराबाद का वीडियो है दिल्ली पुलिस मुसलमानों के घरों में केमिकल गैस छोड़ रही है जिससे छोटे छोटे मासूम बच्चों की हालत बेहद खराब है शर्म करो कम से कम इन बच्चों का तो ख्याल करो।,1,0,0.0156,0.0151,0.0154,False,False Negative (Missed Hate),0.9846
इस बार का पेपर कैसा रहा पढ़िए छात्रों ने क्या कहा,1,0,0.0202,0.0106,0.0154,False,False Negative (Missed Hate),0.9846
"पिछले 6 साल के मोदी राज में भाजपा के खजाने का विकास तो हुआ है, मगर देश का #विकास_गायब_है..!!",1,0,0.0129,0.018,0.0155,False,False Negative (Missed Hate),0.9845
pagal hai bkl,0,1,0.9716,0.9974,0.9845,False,False Positive (Hallucination),0.9845
से इस समय की बड़ी खबर रजौरी में पाकिस्तानी सेना की भारी गोलीबारी,1,0,0.0105,0.0204,0.0155,False,False Negative (Missed Hate),0.9845
मेरा मानना है की हिजड़ों की ज़िंदगी टट्टी से भी बुरी हैं,0,1,0.9842,0.9849,0.9845,False,False Positive (Hallucination),0.9845
donald trump is the guy who advocates that whatever in the west should feel free to exploit the countries,1,0,0.0282,0.0027,0.0155,False,False Negative (Missed Hate),0.9845
ऐसा क्यों है की सभी हिजड़े प्रतिकारक हैं,0,1,0.9761,0.993,0.9845,False,False Positive (Hallucination),0.9845
सभी प्रदेशवासियों को गणेश चतुर्थी की ढेर सारी शुभकामनाएं। गणपती बाप्पा मोरया।,1,0,0.0055,0.0256,0.0155,False,False Negative (Missed Hate),0.9845
अंत्योदय के संकल्प के सिपाही के कर्मठ कार्यकर्ता सैय्यद जफर इस्लाम जी को संसद के उच्च सदन राज्य सभा का सदस्य निर्वाचित होने की बधाई। सदन में आपकी गरिमामयी उपस्थिति लोक हितकारी सिद्ध होगी। आपके अनुभव का लाभ संगठन व जनता को प्राप्त होगा। विजय श्री पर मेरी शुभकामनाएं,1,0,0.009,0.0219,0.0155,False,False Negative (Missed Hate),0.9845
जो हिन्दू होकर कटुओं की तरफदारी करें कलंक तो वो ही है। चिकनी चुपडी बातों से रंडी भी खुश हो लेते हैं,1,0,0.0195,0.0115,0.0155,False,False Negative (Missed Hate),0.9845
ky laja viklyat rao hyani hi ek to zavad ek hyana kharach jivant marla pahije chabukani te pn hichya tondaat ukalta tel n mirchi taka,0,1,0.9943,0.9747,0.9845,False,False Positive (Hallucination),0.9845
वे सिर्फ कुछ मुल्लों का झुण्ड हैं,0,1,0.9874,0.9813,0.9844,False,False Positive (Hallucination),0.9844
"ha rem """" emoji i hate this emoji! mujhe nagini ki hi yaad aati hai",0,1,0.9829,0.9859,0.9844,False,False Positive (Hallucination),0.9844
ये हिजड़े रद्दी के अलावा कुछ नहीं हैं,0,1,0.9766,0.9921,0.9844,False,False Positive (Hallucination),0.9844
yes whatever need gun control it means is out short of the control,1,0,0.0244,0.0067,0.0156,False,False Negative (Missed Hate),0.9844
मार तो दिया तुमने साधुओ को औरंगजेब बन के कल को कोई छत्रपति शिवाजी महाराज बनके काट दे तो ये मत कहना भारत मे डर लगता है। #cbiforpalghar link,1,0,0.0114,0.02,0.0157,False,False Negative (Missed Hate),0.9843
bade harimi ho bsdke,0,1,0.9718,0.9969,0.9843,False,False Positive (Hallucination),0.9843
my best friend just sent the and it means cool a k a in his discord and i am disgusted by him especially because i am black,0,1,0.9932,0.9754,0.9843,False,False Positive (Hallucination),0.9843
मेरे दोस्त का घर काफी ज्यादा टट्टी है,1,0,0.016,0.0154,0.0157,False,False Negative (Missed Hate),0.9843
"पत्थरबाज भटका हुआ, पेट की भुख वाला ही चोर है, मजबुरी है भोजन में पत्थर खा नहीं सकता ।",1,0,0.0213,0.0101,0.0157,False,False Negative (Missed Hate),0.9843
just give the kids some lunch you total bell ends,0,1,0.9883,0.9803,0.9843,False,False Positive (Hallucination),0.9843
क्या लोगों को वास्तव में एहसास नहीं है की बांग्लादेशि कीतने घिनौने होते हैं,0,1,0.9899,0.9788,0.9843,False,False Positive (Hallucination),0.9843
"अपनी कौम की रेट फिक्स कर, जो 500 में शाहीन बाग़ क्या पुरे देश में एक बार नहीँ बार बार बिकते हैं, उसमे तुम जैसों का नाम भी है",1,0,0.0147,0.0167,0.0157,False,False Negative (Missed Hate),0.9843
dalit ladki ka rape kiya tere bhai ne ?? …,1,0,0.0251,0.0063,0.0157,False,False Negative (Missed Hate),0.9843
furthermore the hatred against jews and christians were and to others what a radical slut begun by al mohammed,1,0,0.022,0.0096,0.0158,False,False Negative (Missed Hate),0.9842
gandhi parivar me sab ke murder hi q huwe?,1,0,0.0309,0.0006,0.0158,False,False Negative (Missed Hate),0.9842
मैं परमपिता परमात्मा से प्रार्थना करता हूं कि शोकाकुल परिवार मित्र जनों एवं देशवासियों को इस दारुण दुःख को सहन करने की शक्ति प्रदान करे।,1,0,0.0079,0.0237,0.0158,False,False Negative (Missed Hate),0.9842
"मोदी जी ने इतना पुख़्ता काम कर दिया है कि अगली बार जो भी सत्ता में आएगा, देश का कुछ नहीं बेच पाएगा !",1,0,0.0159,0.0157,0.0158,False,False Negative (Missed Hate),0.9842
मुझे आम तौर पर लोग नहीं पसंद पर दलितों के लिए मुझे कोई अलग से अवमानना नहीं है,1,0,0.0115,0.0203,0.0159,False,False Negative (Missed Hate),0.9841
whatever love an eagles family,0,1,0.9939,0.9742,0.9841,False,False Positive (Hallucination),0.9841
ha di mei bhi shadi ki baad hi kerahata shadi ki baad hate story bilkul pasand nahi hai muje we've seen once na y again hate story aft shadi,1,0,0.0102,0.0215,0.0159,False,False Negative (Missed Hate),0.9841
कथित तौर पर गुरुवार शाम को पाकिस्तान सेना का एक विमान भारतीय सेना की गतिविधि पर नज़र रखने के लिए एलओसी नियंत्रण रेखा के ऊपर मंडरा रहा था। लेकिन पाकिस्तान की सेना ने इसे भारतीय वायुसेना के विमान सम,1,0,0.0109,0.0209,0.0159,False,False Negative (Missed Hate),0.9841
pakistan jana chahti ho kay bolo kon sa haq kaisa haq wo hamara tha aur hamar hi rahega bolo jay shree ram kutiya kahiki niklo yaha se bagao hinhe pakistan ye wahi dijarb karte hai galiya dene ka to bahot man kar rh hai para ham faltu logo para jayada time lharab nhi karte hai baad me jao,0,1,0.9942,0.9737,0.984,False,False Positive (Hallucination),0.984
arey chutiye...aa toh jaa....tu aaja kharcha aane jaaneka police dedenge....or pharaskhana police stn jaa....lawde toh tujhe samaja ayega thekse,0,1,0.9902,0.9779,0.984,False,False Positive (Hallucination),0.984
laandiii saaliii,0,1,0.9939,0.974,0.984,False,False Positive (Hallucination),0.984
"भाई हम तो जला दे लेकिन हिन्दू इतना हिजड़ा है कि वो हमें ही सज़ा की मांग करेगा शम्भू रेगर याद है राजस्थान का , रंडी ने उसको ही मौत की सज़ा की मांग की थी, ये बीजेपी वाले भी वालो से कही ज्यादा विश्वासघाती है अभी को देख लो",1,0,0.0194,0.0127,0.016,False,False Negative (Missed Hate),0.984
निंदानाथ सिंह आजतक सिर्फ कड़ी निंदा ही करते रहे है और इनकी यही पहचान है एक सिर के बदले दस फिर लाने वाले लोग हमारे शहीद हुए जवानों के सिर के बदले सौ चीनी सैनिकों के शव कब लायेंगे,1,0,0.0033,0.0287,0.016,False,False Negative (Missed Hate),0.984
us polish have more work ethic in our little finger than you do in your whole body,0,1,0.994,0.974,0.984,False,False Positive (Hallucination),0.984
let us talk about the antithesis of intelligence asylum seekers,1,0,0.0109,0.0211,0.016,False,False Negative (Missed Hate),0.984
निचली जात के लोगों को लगता है की वे ख़ास हैं मुझे उनसे नफ़रत है,0,1,0.9772,0.9906,0.9839,False,False Positive (Hallucination),0.9839
tore maai ke chodu,0,1,0.9717,0.9961,0.9839,False,False Positive (Hallucination),0.9839
ye raha tera allah- ye raha mera land-,0,1,0.9705,0.9973,0.9839,False,False Positive (Hallucination),0.9839
true but ever know the longer this bullshit war on terror goes the more high tech wonder war toys they keep coming out with,0,1,0.9737,0.9941,0.9839,False,False Positive (Hallucination),0.9839
"कांग्रेस पार्टी के सभी मुस्लिम लीडरों से इल्तज़ा है कि और राजस्थान सरकार के रहनुमाओं से सवाल करें,वरना तुम्हारा कांग्रेस में कोई फायदा नही सिर्फ दलाली करना भर तुम्हे मुर्दा साबित करेगा,ज़िन्दा रहकर तुम्हारा कोई फायदा नही,क्योंकि चुप रहोगे तो मुर्दे कहलाओगे.! #congrss",1,0,0.0068,0.0253,0.0161,False,False Negative (Missed Hate),0.9839
hell get you saying that it is okay for to laugh rudely at it and i rudely sarcastically gets better from referring to something that i said to or was about someone in the admin board but it is somehow causing me to reply with a similar rudeness back how is he did you go to him with the similar kind of warning if not then why not,1,0,0.0081,0.0243,0.0162,False,False Negative (Missed Hate),0.9838
ye aur iska pati gaaliya khaane ke liye hi tweet karte hai it seems. jaise hi ye kuchh bolte hain.saare log gaaliya dene lagte hain.but for bhi ye kabhi introspection nahi karte ki log hame itni hate kyu karte hain.i tell you.coz you are cong stooge and traitor,0,1,0.9919,0.9755,0.9837,False,False Positive (Hallucination),0.9837
that band is white trash and only white trash would buy that album,1,0,0.011,0.0216,0.0163,False,False Negative (Missed Hate),0.9837
no one loves fucking rude men who talk to us chicks,0,1,0.9923,0.9752,0.9837,False,False Positive (Hallucination),0.9837
महिलाओं का कातिल करना हर किसी के हिट में है,0,1,0.9864,0.9809,0.9837,False,False Positive (Hallucination),0.9837
में एक गैर सरकारी संस्था ने कुशल अकुशल श्रमिकों के लिए एक मोबाइल ऐप्लीकेशन काम आया लॉन्च किया है।,1,0,0.0204,0.0121,0.0163,False,False Negative (Missed Hate),0.9837
एक और चमार,0,1,0.9898,0.9777,0.9837,False,False Positive (Hallucination),0.9837
delete my writing one spent a lot of time write the clause in reindeer singh world health organization gives you to write to only come and cancel all my writing as you please carry on deleting my work i will carry on undoing your work,1,0,0.0076,0.0249,0.0163,False,False Negative (Missed Hate),0.9837
"दो साल पहले आज के दिन दिल्ली विधानसभा में केजरीवाल सरकार के #भृष्टाचार के खिलाफ आवाज उठाने पर केजरीवाल के इशारे पर #aap विधायकों द्वारा मेरे और जगदीप के साथ मारपीट की गई , और स्पीकर ने हमें ही एक महीने के लिए तेहाड जेल भेज दिया",1,0,0.0148,0.0179,0.0163,False,False Negative (Missed Hate),0.9837
do not fucking blame black people for this countries problems,0,1,0.9937,0.9734,0.9836,False,False Positive (Hallucination),0.9836
there are the vampires,1,0,0.0068,0.0261,0.0164,False,False Negative (Missed Hate),0.9836
bolnari hi ekti nahiye he aplya sobat rahun aplya ch devana shivya detat muslim peksha jast ghatak jhalet,1,0,0.0045,0.0283,0.0164,False,False Negative (Missed Hate),0.9836
he is a disgrace,0,1,0.9936,0.9736,0.9836,False,False Positive (Hallucination),0.9836
ी दिन सऊदी भारत पर बम मार देगा वो अभी दो तीन दिन पहले लंदन के एक होटल में लोगों के साथ मूँह काला करते हुए दबोच ली गयी इस खबर को दबाने के लिए तेल के कुओं में रहने वाले मेंढकों ने अखबार को मिलियन डॉलर करीब अरब रु देने की पेशकश भी की कि इस खबर को दबा दिया जाए मगर अखबार ने ये कहते हुए मना कर दिया कि हम नहीं हैं,1,0,0.0057,0.0272,0.0165,False,False Negative (Missed Hate),0.9835
फेक न्यूज़ एक्सपोज़ मोदी सरकार ने टन सोना विदेश में गिरवी रखा,1,0,0.0243,0.0087,0.0165,False,False Negative (Missed Hate),0.9835
उत्तर प्रदेश के इस शहर में खुला मास्क एटीएम हाथों को भी करेगा सैनिटाइज,1,0,0.0149,0.018,0.0165,False,False Negative (Missed Hate),0.9835
go away why did you revert my edit on blow dart s user talk page surely that is his privilege users like you give wikipedia a bad name stop being such a busybody,0,1,0.9942,0.9728,0.9835,False,False Positive (Hallucination),0.9835
"10 रोज़ पहले हिन्दू बहुसंखयक हिमाचल प्रदेश में एक गाय को सब्जी में पटाखे खिला कर उसको घायल कर दिया जाता है जिमेबार तो मेजोरिटी ही होनी चाहिए आपके हिसाब से है ना ,मै भी यही मानता हूं , हिंदुस्तान में भी हर बुरे काम का जीमेवार तो मेजोरिटी ही हुई ना साहब , #फूलिश",1,0,0.0064,0.0267,0.0165,False,False Negative (Missed Hate),0.9835
you know a team of european tourists though most of them don't have healthy habits,1,0,0.0165,0.0164,0.0165,False,False Negative (Missed Hate),0.9835
"खुद की पार्टी का विनाश करने के मामले में, मणिशंकर, दिग्विजय सिंह को पछाड़ते हुये संजय राउत मीलों आगे चल रहे हैं...",0,1,0.9864,0.9806,0.9835,False,False Positive (Hallucination),0.9835
लम्हे लम्हे ज़िन्दगी गुज़रती गयी शिकवे शिकायतों की कड़ियाँ जुड़ती गयी।,1,0,0.0121,0.0209,0.0165,False,False Negative (Missed Hate),0.9835
मुझे वास्तव में लगता है की पाकिस्तानी ही सबसे मूर्ख होते हैं,0,1,0.9759,0.9911,0.9835,False,False Positive (Hallucination),0.9835
एक न्यायपूर्ण दुनिया में आप जैसे पाकिस्तानी सभी मरते होंगे,1,0,0.0117,0.0214,0.0166,False,False Negative (Missed Hate),0.9834
दिल्ली में आज कोरोना के नए मामले रिपोर्ट हुए हैं और लोगों की मौत हुई है। राजधानी में कुल केस हुए अब तक की मौत।,1,0,0.0281,0.0051,0.0166,False,False Negative (Missed Hate),0.9834
बापू हम शर्मिंदा हैं तुम्हे मारने वाले आतंकवादी गोडसे को देशभक्त बताने वाले अभी ज़िंदा है। #प्रज्ञा_ठाकुर #bjp #rss,1,0,0.0097,0.0235,0.0166,False,False Negative (Missed Hate),0.9834
की शिक्षा नीति से लेकर इस शिक्षा नीति तक एक स्वर से निरंतर यह स्पष्ट किया गया है कि केंद्र व राज्य सरकारों को मिलकर सार्वजनिक शिक्षा के क्षेत्र में जीडीपी के परसेंट निवेश का लक्ष्य रखना चाहिए। की इस शिक्षा नीति में इस लक्ष्य तक शीघ्रता से पहुंचने की अनुशंसा की गयी है,1,0,0.0053,0.028,0.0167,False,False Negative (Missed Hate),0.9833
बड़ी खबर कोरोना वायरस वैक्सीन तैयार। इंजेक्शन के बाद घंटे के भीतर रोगी को ठीक करने में सक्षम। अमेरिका के वैज्ञानिकों को सलाम। अभी ट्रम्प ने घोषणा की कि रोश मेडिकल कंपनी अगले रविवार को वैक्सीन को लॉन्च करेगी और इसके लाखों खुराक तैयार हैं,1,0,0.0194,0.0141,0.0167,False,False Negative (Missed Hate),0.9833
रिया का पक्ष लेने वाली लक्ष्मी मांचू पर सुशांत की भांजी ने किया कटाक्ष कहालोगों को अचानक,1,0,0.0172,0.0162,0.0167,False,False Negative (Missed Hate),0.9833
those are taken out of a whole universe supersized level,1,0,0.0064,0.0269,0.0167,False,False Negative (Missed Hate),0.9833
मेरे गीत संग्रह एलेन से हूं बैनचो से एक गीत गुलज़ार के फूफा के कुछ अंश जीवन को नया मोड़ दो। मदिरा पीना छोड़ दो। मंत्रालय पे ध्यान दो। कविता लिखना छोड़ दो।,1,0,0.0046,0.0289,0.0167,False,False Negative (Missed Hate),0.9833
wahi jo mera naam leke i hate you wale tweets karti hai,0,1,0.9822,0.9841,0.9832,False,False Positive (Hallucination),0.9832
भारतचीन सीमा पर मातृभूमि की रक्षा करते हुए शहीद हुए झुंझुनूं जिले के हुकुमपुरा गाँव के वीर सपूत सूबेदार शमशेर अली खान जी की शहादत को शत शत नमन। परमपिता परमेश्वर दिवंगत आत्मा को शांति प्रदान करें व परिजनों को यह दुख सहन करने का संबल प्रदान करे।,1,0,0.0062,0.0274,0.0168,False,False Negative (Missed Hate),0.9832
he will end our society,1,0,0.0241,0.0096,0.0168,False,False Negative (Missed Hate),0.9832
cm thai to terrorism sai kasai ladna hai sab malum tha. pm hotai hi sab bhool gayai. or cake kaha nai pakistan bhi chala gayai,1,0,0.015,0.0185,0.0168,False,False Negative (Missed Hate),0.9832
an actual presidential poll sliding down a foot razor blade using your balls as brakes trump maga poll dumbasses fuck trump,0,1,0.9926,0.9737,0.9832,False,False Positive (Hallucination),0.9832
एक जीत का घमण्ड सिर चढकर बोल रहा है ।। खुद प्रधानमंत्री के पोस्टर पर कालिख पोतते हुए ।। ।।,1,0,0.0216,0.0121,0.0168,False,False Negative (Missed Hate),0.9832
"हालत बेक़ाबू हुये तो उसके ज़िम्मेदार तेरी आतंकी क़ौम होगी सूअर,डर लग रहा होगा ना की कहीं हिंदू जाग गया तो तुम सूअरो को तुम्हारी औक़ात दिखा के तुम्हें भगा भगा के पिछवाड़े पे लात दे दे के पाकिस्तान छोड़ के आयेगा",1,0,0.0198,0.0137,0.0168,False,False Negative (Missed Hate),0.9832
नहीं भूलेंगे भाई मैं मोदी का कट्टर समर्थक हुआ करता था लेकिन इन दिनों साला इतना दिमाग घूम गया है कि बस मोदी के नाम से ही नफरत होने लग गई मां कसम,1,0,0.0082,0.0257,0.0169,False,False Negative (Missed Hate),0.9831
डेटिंग ऐप्स पर मिले लोगों पर अंधा भरोसा करना बंद करिए.,1,0,0.0241,0.0097,0.0169,False,False Negative (Missed Hate),0.9831
वोलीवुड दल दल है यहा पर अत्याचार अपराध करने की ट्रेनिंग दी जाती है सवसे कमीनी इनडस्ट्री है,0,1,0.9892,0.9771,0.9831,False,False Positive (Hallucination),0.9831
मैं नहीं मानता की समलैंगिक लोगो का दिमाग काम होता है,1,0,0.0121,0.0219,0.017,False,False Negative (Missed Hate),0.983
"शिवा राव मराठा नामक व्यक्ति ने उज्जैन मे महाकाल मंदिर के बगल से 5 वर्ष की बच्ची का अपहरण किया, फिर बलात्कार करके सर पत्थर से कुचल कर शिप्रा नदीं में फेक दिया। ऐसी दरिन्दगी कि रूह तक कांप जाए मगर अफ़सोस समाज को अभी धर्म जाति पता करना है फिर चीखना चिल्लाना है। #shahrukhsiddiqui",1,0,0.0183,0.0157,0.017,False,False Negative (Missed Hate),0.983
i hate heena too par bhai gali mat do,0,1,0.9928,0.9732,0.983,False,False Positive (Hallucination),0.983
में नाम नहीं है इसलिए घर से उठाया जा रहा है आज आपका विरोध बंद हो जाए तो कल आपका हाल ऐसा ही होगा किस तरह तरह मारा जा रहा है इन पुलिस वालो मैं भी शायद इसानियत खत्म हो गयी है,1,0,0.0097,0.0242,0.017,False,False Negative (Missed Hate),0.983
ं मैं आप सबके बीहाफ में यह बात कह रहा हूँ ट्रम्प के जाने तक तो हम शांति से जा रहे हैं लेकिन उसके बाद हम आपकी डीसीपी की भी नहीं सुनेंगे यदि रास्ते खाली नहीं हुए तोट्रम्प के लौट कर जाने तक आप चाँद बाग़ और जफराबाद खाली करवा दीजिये ऐसी आपसे डीसीपी विनती है वरना हमें लौट कर आना पड़ेगा भारत माता की जय,1,0,0.0035,0.0307,0.0171,False,False Negative (Missed Hate),0.9829
"सब पाप कर लेना. पर, कोई ये ना कहे आपके मरने पर कि साला लौंडिया के चक्कर में मर गया...!!",1,0,0.0057,0.0285,0.0171,False,False Negative (Missed Hate),0.9829
bhai rape chal rha hai kya dikha diya ye bachon ko??,1,0,0.0134,0.0208,0.0171,False,False Negative (Missed Hate),0.9829
"सभी साथियों से विनती पूर्वक कहता हु की 15%मुस्लिम आबादी वाले ,,औरंगाबाद से इम्तियाज ज़लील aimim के।टिकट से जीत सकते है तो 42%मुस्लिम आबादी वाले बहराइच से क्यो नही------?",1,0,0.0047,0.0295,0.0171,False,False Negative (Missed Hate),0.9829
मोदी ने मंदिर गिरवाए जिसमें जमीन अम्बानी को दे सके,1,0,0.0052,0.0289,0.0171,False,False Negative (Missed Hate),0.9829
श्वेता की इस तस्वीर को फैंस ने काफी पसंद किया है और इस तस्वीर पर काफी रिएक्शन्स आ रहे हैं,1,0,0.0166,0.0176,0.0171,False,False Negative (Missed Hate),0.9829
heshes deserve shaming,1,0,0.0275,0.0069,0.0172,False,False Negative (Missed Hate),0.9828
u r a part of godi media buddy.... sirf jhoot bolte raho aur haram ka khate raho..... le k duba do india ko..... sirf logo k dilo me nafrat ka zeher bharte raho aur hindu ne kya kia muslim ne kya kia isi me zindagi guzar do.... doob maro nadi me kood k... desh ko mat dubao bhakt.,0,1,0.9769,0.9888,0.9828,False,False Positive (Hallucination),0.9828
सरकार ने दिवंगत नेता के सम्मान में सात दिन के राजकीय शोक की घोषणा की,1,0,0.0229,0.0114,0.0172,False,False Negative (Missed Hate),0.9828
i love how well those dudes...,1,0,0.018,0.0165,0.0172,False,False Negative (Missed Hate),0.9828
kya mahilayo ka koi samman nai up me? agar hai to jinke upar rape case chal raha h unhe ticket kyu?,1,0,0.0173,0.0171,0.0172,False,False Negative (Missed Hate),0.9828
i cannot tell the difference between a black and white russian except in color they are both awful,0,1,0.9905,0.9749,0.9827,False,False Positive (Hallucination),0.9827
तुम बांग्लादेशी कचरेकेअलावा कुछ नहीं हो,0,1,0.9881,0.9771,0.9826,False,False Positive (Hallucination),0.9826
all competitors wear dgs,1,0,0.0339,0.0009,0.0174,False,False Negative (Missed Hate),0.9826
viru ji aapka to alag se rape ho gaya...aur india ka alaag se...,1,0,0.0196,0.0153,0.0174,False,False Negative (Missed Hate),0.9826
if you are not evicted you shall also be allowed to live for any uk,1,0,0.0289,0.0059,0.0174,False,False Negative (Missed Hate),0.9826
ईरान की अनाहिता के इंस्टाग्राम पर लाख से भी ज्यादा फॉलोअर्स महज साल में बनीं इंटरनेट सेंसेशन,0,1,0.987,0.978,0.9825,False,False Positive (Hallucination),0.9825
pura mc**d hai,0,1,0.9941,0.971,0.9825,False,False Positive (Hallucination),0.9825
क्या हम आखिरकार मान सकते हैं की निचली जात के लोग एक कैंसर हैं,0,1,0.9797,0.9853,0.9825,False,False Positive (Hallucination),0.9825
wande mataram se nafrat karne walo ko hujj subsidy lete dekha hae …,1,0,0.0151,0.0201,0.0176,False,False Negative (Missed Hate),0.9824
मादर जात है साला हराम खोर,1,0,0.0037,0.0316,0.0176,False,False Negative (Missed Hate),0.9824
दिल्ली देश का पहला राज्य जहां रिकवरी रेट,1,0,0.003,0.0322,0.0176,False,False Negative (Missed Hate),0.9824
"प्रियंका में इन्दिरा झलकती है, परंतु मोदी में पूरा देश झलकता है! हम हैं देश के साथ!!",1,0,0.0048,0.0305,0.0176,False,False Negative (Missed Hate),0.9824
bhench**d gali ka sahi jaga mil gai,0,1,0.9802,0.9846,0.9824,False,False Positive (Hallucination),0.9824
you quoted a group that associates themselves with antifa anarchists does that make you an anarchist antifa no and it is weird i have to explain that to an adult you made the strange jump that if a toilet paper united states of america person works for an org that milo works for toilet paper united states of america is alt right,1,0,0.0091,0.0261,0.0176,False,False Negative (Missed Hate),0.9824
वे अँगरेज़ मानवीय दिख सकते हैं लेकिन वे हमारे समाज के लिए परजीवी हैं,0,1,0.9895,0.9753,0.9824,False,False Positive (Hallucination),0.9824
जिस प्रदेश का मुख्यमंत्री ही सुरक्षित नहीं है तो उस प्रदेश का क्या होगा,1,0,0.0077,0.0277,0.0177,False,False Negative (Missed Hate),0.9823
किसी भी व्यक्ति को उसी की भाषा में उत्तर देना चाहिए तभी वह ठीक से समझ पाता है,1,0,0.012,0.0234,0.0177,False,False Negative (Missed Hate),0.9823
bharat jodo yatra mein truck ka bhada nahin diya vah bhikhari kya paisa denge,0,1,0.9734,0.9913,0.9823,False,False Positive (Hallucination),0.9823
wa re shantidud ke aulad b....ika,1,0,0.0051,0.0303,0.0177,False,False Negative (Missed Hate),0.9823
they don't want equality we just are to escape the charge of men,1,0,0.0265,0.0092,0.0178,False,False Negative (Missed Hate),0.9822
रिया ने सुशांत सिंह राजपूत की बहन प्रियंका के खिलाफ शिकायत दर्ज कराई। दे रहे हैं ज़्यादा जानकारी,1,0,0.0263,0.0094,0.0178,False,False Negative (Missed Hate),0.9822
"naqli tasveer vaale daanishmand bhakt maharaj, mujhe hate monger bulaane se pehle aainaa dekh liyaa hothaa. jai hind.",1,0,0.0175,0.0181,0.0178,False,False Negative (Missed Hate),0.9822
मुझे विशवास है की केवल दलित ही इतनी अज्ञानी हो सकते हैं,0,1,0.9746,0.9895,0.9821,False,False Positive (Hallucination),0.9821
यह सिर्फ तुम जैसी वेश्या के लिए सामान्य है,0,1,0.9817,0.9825,0.9821,False,False Positive (Hallucination),0.9821
देखिए हाथों में ईंट के साथ किसान बंदूकधारी पुलिस का सामना कर रहे हैं।,1,0,0.0092,0.0266,0.0179,False,False Negative (Missed Hate),0.9821
vandalism why are you accusing me of vandalism personally i think that you are a sock puppet of and are trying to spread discord,1,0,0.0248,0.0109,0.0179,False,False Negative (Missed Hate),0.9821
bharat ko aazadi dilane mein ww2 ki bhi khas bhoomika rahi hai aur ww2 hitler ki wajah se hua tha to gandhi ke saath hitler ko bhi yad karo,1,0,0.0034,0.0324,0.0179,False,False Negative (Missed Hate),0.9821
कुछ जंगली #कुत्ते मिलकर #शेर को घेर तो सकते हैं.. पर उसका #शिकार नही कर #सकते।,1,0,0.0118,0.024,0.0179,False,False Negative (Missed Hate),0.9821
उन्हें सीधा थोक देना चाहिए आख़िरकार वो निचली जात के लोग जो हैं,0,1,0.9891,0.9749,0.982,False,False Positive (Hallucination),0.982
वे सिर्फ कुछ मलऊनों का झुण्ड हैं,0,1,0.9864,0.9776,0.982,False,False Positive (Hallucination),0.982
ये दलित रद्दी के अलावा कुछ नहीं हैं,0,1,0.9878,0.9759,0.9819,False,False Positive (Hallucination),0.9819
छोटे बच्चों को कितनी मात्रा में सैनिटाइजर का प्रयोग करना चाहिए,1,0,0.0049,0.0313,0.0181,False,False Negative (Missed Hate),0.9819
मैं जानता हूँ की हिजड़े बिलकुल भी बेवकूफ नहीं हैं,1,0,0.0126,0.0235,0.0181,False,False Negative (Missed Hate),0.9819
areee bahinchod...,0,1,0.9783,0.9855,0.9819,False,False Positive (Hallucination),0.9819
i love how rude bugbears are,0,1,0.9925,0.9714,0.9819,False,False Positive (Hallucination),0.9819
bikari mullee fir inko job chaiyee,0,1,0.9944,0.9693,0.9818,False,False Positive (Hallucination),0.9818
kejriwal ne kiya kya ye bol na lodu?,0,1,0.9674,0.9963,0.9818,False,False Positive (Hallucination),0.9818
if you would like to report illegal aliens please call immigration and customs enforcement ice at dhs ice they will need to know names locations either work place or residence and any other specific information you,1,0,0.011,0.0253,0.0182,False,False Negative (Missed Hate),0.9818
जो परेशान करें उसकी वाट लगा दो बहुत हरामी है यहाँ good job,1,0,0.0299,0.0064,0.0182,False,False Negative (Missed Hate),0.9818
पहचानकौन और की इन्तिहा तो देखिये जराये आदमी जो में जुलूसों में इस तरह नाचता था आज खुद को छत्रपति शिवाजी महाराज की विरासत का ठेकेदार बताता है,1,0,0.0076,0.0289,0.0182,False,False Negative (Missed Hate),0.9818
सोलापुर सिटी से कि मी दूर अक्कल्कोट के आस पास खेत में एक अजीब जानवर देखने को मिला।,1,0,0.0125,0.0238,0.0182,False,False Negative (Missed Hate),0.9818
his hair is like more of mahi!!! akhir khoon ka asaar ho hi gaya!!! #ishqbaaaz …,1,0,0.004,0.0327,0.0183,False,False Negative (Missed Hate),0.9817
"बेगुनाह लालू यादव को जमानत नहीं, हत्या बलात्कारी(कुलदीप सिंह सेंगर)को उम्रकैद में मिली ज़मानत, हमनें पहले ही कहा था,बीजेपी बलात्कारियों को गंगाजल से पवित्र करके गोद में बिठा लेती है,,,/// #अकेला#",1,0,0.0236,0.0131,0.0183,False,False Negative (Missed Hate),0.9817
मुझे लगता है कि आपका दिमाग सही तारीखे से काम नहीं कर रहा है वरना आप ये नहीं कहते की अंग्रेज़ों से बुरा कुछ नहीं है,1,0,0.0046,0.0321,0.0183,False,False Negative (Missed Hate),0.9817
dhruv rathee #bhadwa,0,1,0.9754,0.9879,0.9817,False,False Positive (Hallucination),0.9817
गांव में कोई शिक्षक हो या फिर बड़ेबड़े शिक्षाविद सबको राष्ट्रीय शिक्षा नीति अपनी शिक्षा शिक्षा नीति लग रही है। सभी के मन में एक भावना है कि पहले की शिक्षा नीति में यही सुधार तो मैं होते हुए देखना चाहता था। ये एक बहुत बड़ी वजह है राष्ट्रीय शिक्षा नीति की स्वीकारता कीः पीएम मोदी,1,0,0.0052,0.0316,0.0184,False,False Negative (Missed Hate),0.9816
ये मुसलमान जानवर हैं,0,1,0.9848,0.9784,0.9816,False,False Positive (Hallucination),0.9816
jape call chris a,1,0,0.0355,0.0012,0.0184,False,False Negative (Missed Hate),0.9816
kute,1,0,0.0032,0.0336,0.0184,False,False Negative (Missed Hate),0.9816
कोई बात नहीं अफगानिस्तान तुम ने पाकिस्तान को लोहे के चने चबवा दिये उनको उनकी औकात दिखलाई है... वैल प्लेड... #pakvafg,1,0,0.0144,0.0223,0.0184,False,False Negative (Missed Hate),0.9816
i bet whatever are going to see game loan player reviews too just because people are that much of a vagina,0,1,0.9789,0.9843,0.9816,False,False Positive (Hallucination),0.9816
ye lurchut h,0,1,0.9944,0.9688,0.9816,False,False Positive (Hallucination),0.9816
सोमवार को लालगंज पुलिस स्टेशन में वर्ष के दलित युवक की पुलिस बर्बरता से मौत हो गई। आए दिन उप्र में ऐसी घटनाएँ होती रहती हैं ।,1,0,0.0308,0.0061,0.0184,False,False Negative (Missed Hate),0.9816
this is the speed of in bangalore victoria road. and they are saying high speed 4g speed . chutiya,0,1,0.9881,0.9751,0.9816,False,False Positive (Hallucination),0.9816
"so, scott morrison is also intolerant, communal, sanghi and fascist !!! australian constitution and democracy is in danger !!! ऑस्ट्रेलियाई मुसलमान दहशत में है !!! let's hold a candle march rally, chalo osaka !!!",1,0,0.0287,0.0082,0.0185,False,False Negative (Missed Hate),0.9815
करो योग रहो निरोग बाबा रामदेव के घुटनों का जर्मनी में सफल ऑपरेशन तुम स्वदेशी अपनाओ यही आदमी कहता था ना मूत्र पीने से और गोबर खाने से फलां रोग ठीक होता है ढिमका रोग ठीक होता है ख़ुद खाता नहीं दूसरों को खिलाता है,1,0,0.0049,0.0322,0.0185,False,False Negative (Missed Hate),0.9815
महीने बाद जेल से रिहा डॉ कफील खान योगी सरकार पर वार,1,0,0.0301,0.0069,0.0185,False,False Negative (Missed Hate),0.9815
"जिस गांधी परिवार को जाहिलों की पार्टी गाली देती है उसी गांधी परिवार के दो दो pm अपने भारत देश पर क़ुर्बान हो गए!! जिस पार्टी ने देश को इसरो, टेक्निक, मिसाइल और न जाने क्या-क्या दिया? फिर भी अनपढ़ अपने नाकामयाबियों को ठीकरा कांग्रेस के ऊपर फोड़ते है। हद्द है इस दोहरेचरित्र का।",1,0,0.0225,0.0146,0.0185,False,False Negative (Missed Hate),0.9815
"rt : भारत में मज़लूम को जब भी सताया जायेगा , इन्कलाब ज़िन्दाबाद का नारा लगाया जायेगा , हुक्मरानों ताकत का गलत इस्तेमाल न क…",1,0,0.0216,0.0154,0.0185,False,False Negative (Missed Hate),0.9815
he is both evil and delusional he eats those high quality paint chips,1,0,0.0227,0.0143,0.0185,False,False Negative (Missed Hate),0.9815
hine mullaynchi gatha ekli aasel,0,1,0.9944,0.9687,0.9815,False,False Positive (Hallucination),0.9815
#प्रज्ञा_ठाकुर ने #गोडसे ज़िंदाबाद कहा तो नाराज़ हो गये। #कन्हैया_कुमार ने #भारत तेरे टुकड़े होंगे कहा तो लोकसभा उम्मीदवार बना दिया। #apnamodiaayega,1,0,0.0197,0.0173,0.0185,False,False Negative (Missed Hate),0.9815
racist hate crime youtube what to do about racist behavior,0,1,0.9844,0.9783,0.9814,False,False Positive (Hallucination),0.9814
"proud of u girl but isme dhruv rathi kya krega vo pradhan mantri thodi h chutiye, pm ko bolo",0,1,0.9695,0.9934,0.9814,False,False Positive (Hallucination),0.9814
dhandewali bai aahe hi roj girayk shodhat aasate,1,0,0.0336,0.0037,0.0187,False,False Negative (Missed Hate),0.9813
"कोलकाता में डॉक्टर की पिटाई हुई तो मुम्बई में डॉक्टर हड़ताल पर गए, यही साले हरामखोर डॉक्टर #पायल_तड़वी के समय में चुप थे ! #जातिवाद",1,0,0.0241,0.0133,0.0187,False,False Negative (Missed Hate),0.9813
chinese eat pork duck pigeon they eat all types of meat,0,1,0.9789,0.9836,0.9813,False,False Positive (Hallucination),0.9813
असम बिहार और यूपी के कई क्षेत्रों में आई बाढ़ से जनजीवन अस्त व्यस्त है। लाखों लोगों पर संकट के बादल छाए हुए हैं। बाढ़ से प्रभावित लोगों की मदद के लिए हम तत्पर हैं। मैं कांग्रेस कार्यकर्ताओं व नेताओं से अपील करती हूं कि प्रभावित लोगों की मदद करने का हर संभव प्रयास करे,1,0,0.017,0.0204,0.0187,False,False Negative (Missed Hate),0.9813
ma hunda teri dhon vad dinda bhanchoda,0,1,0.9839,0.9786,0.9813,False,False Positive (Hallucination),0.9813
"जायरा वसीम ने कहा.. 'इस्लाम में अभिनय हराम' है... तो क्या मीनाकुमारी, मधुबाला सायराबानों, शबानाआजमी, सलमान, शाहरुख सब हरामी हैं?",0,1,0.9789,0.9837,0.9813,False,False Positive (Hallucination),0.9813
ladies remember other women including your friends are trifling you speak too great about your nigga other bitches will try him shaking my head laughing out loud,0,1,0.9758,0.9868,0.9813,False,False Positive (Hallucination),0.9813
dwwod ka dost hai uktd le jo huktd na h,0,1,0.9805,0.9821,0.9813,False,False Positive (Hallucination),0.9813
as always it is an honor as you are a greek among romans i am but a rabbit among wolves lovemonkey,0,1,0.9938,0.9686,0.9812,False,False Positive (Hallucination),0.9812
सहारनपुर रेस लगाने में हुआ विवाद दोस्तों ने चाकू से वार कर ले ली दोस्त की जान,1,0,0.0211,0.0166,0.0188,False,False Negative (Missed Hate),0.9812
बारिश आ जाए तो चैनलवाले लड़कियां दिखाते हैं रिज़ल्ट आ जाए तो लड़कियां दिखाते हैं मैच आ रहा है तो लड़कियां दिखाते हैं। लड़के टीवी पर तभी आते हैं जब गांजा बेचने वाला गिरोह दिखाना होता है हे मेरे प्रभु,1,0,0.0068,0.0309,0.0188,False,False Negative (Missed Hate),0.9812
इन गांडू हिजड़ों को देखके मेरा यह से भागने का मन करता है,0,1,0.9827,0.9797,0.9812,False,False Positive (Hallucination),0.9812
he is an angry puppet who is trying to pretend that teaching children acceptance of others and tolerance is somehow political and wrong that is just how hate filled he and his party are that is the real politicizing not teaching kids gay people exist party of lies,0,1,0.9827,0.9795,0.9811,False,False Positive (Hallucination),0.9811
मुंबई में डॉक्टर मनीषा पाटिल की कोरोना पेशेंट का इलाज करने के बाद मौत हो गई। वे खुद को ही नहीं बचा सकीं,1,0,0.026,0.0118,0.0189,False,False Negative (Missed Hate),0.9811
daar ke maa ke chut,0,1,0.975,0.9872,0.9811,False,False Positive (Hallucination),0.9811
stop calling me fucking lazy just because i am disabled,0,1,0.9892,0.9729,0.9811,False,False Positive (Hallucination),0.9811
तिलक नगर रूबी खान शेयर करे और देखे केजरीवाल उर्फ केजरुद्दीन जो दिल्ली को किस तरह स्व पाकिस्तान बनाना चाह रहे है सब आपके सामने है उनके विधायको की पहली लिस्ट जागो हिन्दू जागो,1,0,0.0133,0.0244,0.0189,False,False Negative (Missed Hate),0.9811
मुझे पता है की तुम जैसे पाकिस्तानी इसकी मदद नहीं कर सकती तुम्हारा जीवन व्यर्थ है,0,1,0.9777,0.9844,0.9811,False,False Positive (Hallucination),0.9811
पूर्व राष्ट्रपति प्रणब मुखर्जी का साल की उम्र में निधन भारत रत्न से सम्मानित प्रणब मुखर्जी ने से तक भारत के वें राष्ट्रपति के रूप में काम किया पूर्व राष्ट्रपति के राजनीतिक सफ़र पर एक नज़र,0,1,0.9881,0.974,0.981,False,False Positive (Hallucination),0.981
darki makich****,0,1,0.9937,0.9684,0.981,False,False Positive (Hallucination),0.981
revkin spreading important news andy sees himself as an intellectual this is what us real liberals are stuck with from public figures then the faux liberals like andy wonder why whatever real liberals do not care anymore,1,0,0.0144,0.0235,0.019,False,False Negative (Missed Hate),0.981
ये हैं साक्षि मिश्रा के पति कमजोर और निहायत सीधे साधे इंसान जो डर के मारे थर थर कांप रहे हैं। अरे हाँ एक बात तो भूल ही गया ये दलित भी हैं। भगवान ऐसा पति उन सबकी बेटियों को दे जिसको ये नेक दिल इंसान लगते हैं शुभकामनाएं,1,0,0.0075,0.0306,0.019,False,False Negative (Missed Hate),0.981
मतलब युवा दलाली करते है लेकिन किसकी? वो तो खुद रोटी के लिए संघर्ष कर रहे है सर,1,0,0.0066,0.0315,0.0191,False,False Negative (Missed Hate),0.9809
it is nice to tell everyone i have zero hatred toward asylum seekers shame it is a lie,1,0,0.0294,0.0087,0.0191,False,False Negative (Missed Hate),0.9809
bhai filmi duniya me hi raho...why u hate modi so much..,0,1,0.9855,0.9763,0.9809,False,False Positive (Hallucination),0.9809
ghussa,1,0,0.0053,0.0328,0.0191,False,False Negative (Missed Hate),0.9809
abe louriii chuchiiii,1,0,0.0306,0.0075,0.0191,False,False Negative (Missed Hate),0.9809
हैप्पी होली अडवांस में साले पाकिस्तानियो अभी तो शुरुआत है स्ट्राइक वीडियो गेम का क्लिप पाकिस्तान पर हुआ एयर स्ट्राइक बताया गया,1,0,0.0263,0.0118,0.0191,False,False Negative (Missed Hate),0.9809
ye kya bac***odi hai,0,1,0.9939,0.9676,0.9808,False,False Positive (Hallucination),0.9808
"1975 इमरजेंसी के बाद इंदिरा गांधी ने दिल्ली पुलिस के साथ मिलकर जेएनयू में cpi नेता, की तबियत से कुटाई करवाई और कुटाई के साथ इस्तीफा देने और आपातकाल के विरोध में माफी पत्र पढ़ने के लिए मजबूर भी किया था। उस समय वामपंथी सीताराम येचुरी jnu छात्र संघ का अध्यक्ष था।",1,0,0.0151,0.0232,0.0192,False,False Negative (Missed Hate),0.9808
कुतिया को घी हज़म नहि हुआ दोस्तोंदेख लो किसानो क लिए आतंकवादी बोला है एस कोड़ी की ओररत ने,1,0,0.0276,0.011,0.0193,False,False Negative (Missed Hate),0.9807
अर्नब के मुँह से योगी जी की तारीफ़ सुनकर अच्छा लगता है।#विकास_गायब_है,1,0,0.0076,0.0309,0.0193,False,False Negative (Missed Hate),0.9807
yes hey how i can learn to live better without,1,0,0.0213,0.0172,0.0193,False,False Negative (Missed Hate),0.9807
कोरोना देश मेंमृत्यु दर में की गिरावट पर पहुंची राज्यों में यह से भी कम देश में अब तक लाख केस,0,1,0.9848,0.9765,0.9807,False,False Positive (Hallucination),0.9807
"#truesatguru_saintrampalji एक हरि के नाम बिना ये नारी कुतिया होय,,गली गली भोंकत फिरे भई टुक ना डाले कोय।।परमात्मा कहते हैं ये जो नारी भक्ति नही करती वो अगले 84 लाख योनियों जन्मों में कुतिया बनेगी गली गली भौंकती फिरेगी कोई एक रोटी का टुकड़ा भी नही डालेगा। link",1,0,0.0088,0.0299,0.0193,False,False Negative (Missed Hate),0.9807
मेरे अंदर की बांग्लादेशियों के लिए न फ र त को शब्दों में बताना मुश्किल है,0,1,0.9753,0.9862,0.9807,False,False Positive (Hallucination),0.9807
यूपी बलिया में पुलिस चौकी में पथराव मामले में लोगों के खिलाफ मुकदमा दर्ज,1,0,0.0163,0.0223,0.0193,False,False Negative (Missed Hate),0.9807
रक्षा मंत्री ने तेहरान में ईरान के रक्षा मंत्री के साथ बैठक की अफगानिस्तान और द्विपक्षीय सहयोग समेत क्षेत्रीय सुरक्षा के मुद्दों पर चर्चा हुई विवरण,0,1,0.988,0.9731,0.9806,False,False Positive (Hallucination),0.9806
अनुराग कश्यप अब कह रहा है कि मैंने पायल घोष का यौन शोषण नहीं किया तो अनुराग कश्यप तूं तो यही साबित कर दे कि तूने पायल घोष से राखी बंधाई थी ।साला बहुत बक बक करता था ।इसी को कहते हैं कि छाज बोले तो बोले छलनी भी बोले जिसमे हजारों सुराख़ हो ।,1,0,0.0109,0.0279,0.0194,False,False Negative (Missed Hate),0.9806
300 किलो rdx कहां से आए इसका पता आज तक नही चला?? an-32 विमान का मलबा 8 दिनों से अपने देश मे नही खोज पाए?? बेटी पढ़ाओ-बेटी बचाओ का नारा देकर उन्हें आज़ाद नही रख पाए?? गुंडे-बदमाशो पे 3 सालो से योगी जी काबू में नही कर पाए? और चुनाव में कहते थे देश सुरक्षित हाथो में है।,1,0,0.0126,0.0263,0.0194,False,False Negative (Missed Hate),0.9806
esli ma choddddo,0,1,0.9779,0.9833,0.9806,False,False Positive (Hallucination),0.9806
उपायुक्त डॉ नरहरि सिंह बांगड़ ने कहा कि लोगों की सुविधा के मद्देनजर सरकार द्वारा विभिन्न गतिविधियों के संचालन के लिए अनलॉक में भी छूट प्रदान की गई है। नागरिक अनलॉक में मिली इस छूट के बीच कोरोना से बचाव संबंधी उपायों व सावधानियों के प्रति लापरवाही न बरतें।,1,0,0.0166,0.0222,0.0194,False,False Negative (Missed Hate),0.9806
fuck that,0,1,0.9749,0.986,0.9805,False,False Positive (Hallucination),0.9805
bol bkl,0,1,0.9637,0.9974,0.9805,False,False Positive (Hallucination),0.9805
absolutely hate traveling. mood tabaah hojata hai,1,0,0.0133,0.0256,0.0195,False,False Negative (Missed Hate),0.9805
मुझे अंग्रेज़ों के खिलाफ कुछ नहीं है लेकिन उनमें से ज्यादातर बहुत घाटियां हैं,0,1,0.9827,0.9781,0.9804,False,False Positive (Hallucination),0.9804
tujhe murder kar dungi main!,1,0,0.0211,0.0182,0.0196,False,False Negative (Missed Hate),0.9804
madharchot,0,1,0.9741,0.9866,0.9804,False,False Positive (Hallucination),0.9804
hi to i saw that it is ironic that one of the reasons given for blocking me what a slut my suggestion of bad faith on the part of the left wingers in the libertarianism talk page when they demonstrate blatant bad faith at every turn one of them is a pathological liar who cannot be reasoned with on any level another is an obsessed stalker who went on a hour wikipedia marathon to hound my every move until i what a slut blocked and the other one is just plain batty i showed the libertarianism page to some members of new zealand s libertarian party and they barely recognized that it what a slut even about libertarianism they thought it what a slut an anarchism page where someone at changed it means cool a k a anarchism to libertarian not only is so called right libertarianism not given the predominance in the page that is so clearly appropriate but it barely receives enough recognition to be noticeable among all the talk about anarchism in libertarian clothing it is pretty frustrating that such blatant sabotage of the libertarianism page is not only permitted but protected by the powers that be,0,1,0.9794,0.9814,0.9804,False,False Positive (Hallucination),0.9804
इन सभी लोगों को अंग्रेज़ों समाज के कलंक है कहते हुए देखकर दुख होता है।,1,0,0.0215,0.0176,0.0196,False,False Negative (Missed Hate),0.9804
"गरीबी पर वार होगा, सपना ये साकार होगा। कांग्रेस सरकार में, सशक्त गरीब परिवार होगा।। #abhoganyay",1,0,0.006,0.0333,0.0197,False,False Negative (Missed Hate),0.9803
बिहार मे 40 का 40 सिट जित कर उत्तरप्रदेश मे मुलायम सिह 80 गंठबंधन 380 सिट जितकर भी मयावती यादवो के मुंह मे पिसाब कर रही है औकात दिखा रही है हरामी मां ने दुख पिलाया है तो लालू के तरह अब बाबर का महजिद बनाकर दिखा दें हिजड़े अयोध्या मे औकात नही है कुत्ते की तरह क्यो भौक रहां है,1,0,0.0049,0.0345,0.0197,False,False Negative (Missed Hate),0.9803
किसी भी मुसलमान के प्रभारी होने से हमारे देश को क ख त रा है,0,1,0.9732,0.9874,0.9803,False,False Positive (Hallucination),0.9803
and does the computer allow behavior,1,0,0.0113,0.028,0.0197,False,False Negative (Missed Hate),0.9803
muslim bkl,0,1,0.9635,0.997,0.9803,False,False Positive (Hallucination),0.9803
आपके जैसी हिजड़ों के बिना दुनिया बेहतर होगी,0,1,0.9675,0.9929,0.9802,False,False Positive (Hallucination),0.9802
ramalingam what a slut murdered brutally by muslim men day after his video of confronting islamic preachers went viral his hands were chopped off and he what a slut tortured before he what a slut murdered how many prime time debates did you see on this lynching how many people in power did it pain,1,0,0.0221,0.0175,0.0198,False,False Negative (Missed Hate),0.9802
"खुल कर बोलो सारे बोलो! खुल कर बोलो सारे बोलो 'जय श्रीराम' मुर्दाबाद वन्देमातरम नहीं चाहिए भेदभाव की भारत माता तुम तो अपने पास रखो! मिल कर बोलो सारे बोलो संविधान यह जिंदाबाद 'जै सिया राम' जिंदाबाद जिंदाबाद कहो जय हिन्द जन गण मन भी जिंदाबाद! बोधिसत्व, मशहूर साहित्यकार",1,0,0.0043,0.0354,0.0198,False,False Negative (Missed Hate),0.9802
भारतीय विद्युत बाज़ार हरित पर्यावरणअनुकूलबनने की ओर केंद्रीय विद्युत मंत्री ने वीडियो कॉन्फ्रेंसिंग के जरिए बिजली में ग्रीन टर्म अहेड मार्केट जीटीएएम लॉन्च किया विवरण,0,1,0.9891,0.9713,0.9802,False,False Positive (Hallucination),0.9802
वो अँगरेज़ नहीं बदलेंगे उन्हें यहाँ से मिटा दो,0,1,0.9835,0.977,0.9802,False,False Positive (Hallucination),0.9802
की फिल्म को लेकर खबर आ रही है कि ये अब ओटीटी प्लैटफॉर्म पर रिलीज नहीं की जाएगी।,1,0,0.0131,0.0266,0.0198,False,False Negative (Missed Hate),0.9802
get help seriously,1,0,0.0331,0.0067,0.0199,False,False Negative (Missed Hate),0.9801
let god be the judge you cannot go around killing people for their own sexual preference,0,1,0.971,0.9891,0.9801,False,False Positive (Hallucination),0.9801
"बाबा रामरहीम को अगर अच्छे व्यवहार के कारण पैरोल पर छोड़ा जा रहा है तो आशाराम ने कौन सा जेलर साहेब की बीवी का मुंह तोड़ा है, उन्हें भी छोड़ दो.. ताकि कुछ सड़क छाप भक्तीनो की गोद भराई हो जाए",1,0,0.0095,0.0303,0.0199,False,False Negative (Missed Hate),0.9801
एक न्यायपूर्ण दुनिया में आप जैसे हिजड़े सभी मरते होंगे,1,0,0.0184,0.0214,0.0199,False,False Negative (Missed Hate),0.9801
इन गांडू समलैंगिक लोगो को देखके मेरा यह से भागने का मन करता है,0,1,0.9813,0.9788,0.9801,False,False Positive (Hallucination),0.9801
समस्तीपुर वर्दी में शराब पीते हुए फोटो वायरल होने के बाद दारोगा को किया गया सस्पेंड,1,0,0.0281,0.0117,0.0199,False,False Negative (Missed Hate),0.9801
that is an interesting version of what i said i thought i what a slut talking about how i had not seen that before you pointed it out even though i worked with it unless you are doris or dark i do not think you should have been offended i think you should have felt complimented but do not let me tell you what you should feel or should have felt i actually felt a little like an idiot when you pointed out something so obvious thank you for letting me feel less like an idiot carol,0,1,0.9769,0.9832,0.98,False,False Positive (Hallucination),0.98
भारत में के खिलाफ़ लड़ाई जनता लड़ रही है जनता के साथ मिलकर शासन प्रशासन लड़ रहा है। मैं सभी से आग्रह करता हूं कि इस काल में दो गज़ की दूरी बेहद ज़रूरी मंत्र का सर्वदा पालन करें। सावधानी अपनाएं कोरोना को हराएं,1,0,0.0187,0.0214,0.02,False,False Negative (Missed Hate),0.98
pakistani terrorism pe aik book kyun nahi likhtin ap? kyun k ap ko tou yahan rahy beghair he hum se zyada pata hai!,1,0,0.0191,0.0208,0.02,False,False Negative (Missed Hate),0.98
हमारे स्कूल में बहुत काम निचली जात के लोग हैं,1,0,0.0225,0.0175,0.02,False,False Negative (Missed Hate),0.98
समलैंगिक हमारे ऊपर परजीवी हैं,0,1,0.9861,0.9739,0.98,False,False Positive (Hallucination),0.98
तुम दलित कचरेकेअलावा कुछ नहीं हो,0,1,0.9905,0.9695,0.98,False,False Positive (Hallucination),0.98
मुझे लगता है की हिन्दू ही यह बेवकूफी कर सकते है,0,1,0.9713,0.9885,0.9799,False,False Positive (Hallucination),0.9799
कोरोना वायरस से ठीक होने के बाद इम्युनिटी कब तक काम करती है,1,0,0.0071,0.0331,0.0201,False,False Negative (Missed Hate),0.9799
अरे इंडिया टुडे वाले तुमको और इसको क्या पता है खेती के बारे में जिस काम के बारे में पता ना हो उसके बारे में बात नहीं करनी चाहिए यह तो पूरे भारत को बेवकूफ बनाकर लूट लिया लूट के अपने मित्र उद्योगपति को मालामाल किया अपने लोगों से बैंकों को लूटवाकर विदेश में शिफ्ट किया गद्दार है,1,0,0.023,0.0172,0.0201,False,False Negative (Missed Hate),0.9799
सारे चौकीदार ट्विटर पर हैं तभी तो नीरव मोदी लंदन में और मेहुल चौकसी एंटीगुआ में है। #chaukidarchorhai #chorhichowkidar #chornahinphirse,1,0,0.0134,0.0267,0.0201,False,False Negative (Missed Hate),0.9799
पूर्व राष्ट्रपति प्रणब मुखर्जी का निधन गृह मंत्री और रक्षा मंत्री ने जताया दुख,0,1,0.989,0.9706,0.9798,False,False Positive (Hallucination),0.9798
किसी भी मुसलमान के प्रभार होने से हमार देश को खतरा है,0,1,0.9904,0.9692,0.9798,False,False Positive (Hallucination),0.9798
बांग्लादेशियों को बकचोद कहना ठीक नहीं है।,1,0,0.0259,0.0144,0.0202,False,False Negative (Missed Hate),0.9798
रक्षा मंत्री ने प्रणब मुखर्जी को दी श्रद्धांजलि लाइव अपडेट्स,0,1,0.9907,0.9686,0.9797,False,False Positive (Hallucination),0.9797
retweet girl s one of them cunts who did just be better at everything he had beat you at table tennis fuck your wife better win a,0,1,0.9914,0.968,0.9797,False,False Positive (Hallucination),0.9797
dom is such a cunt i am only minutes into tonight s episode but ya hope she goes home freedom byebitchbye,0,1,0.9688,0.9906,0.9797,False,False Positive (Hallucination),0.9797
आंध्र प्रदेश के तिरुमला मंदिर में एक गैर हिन्दू पुलिसकर्मी हिन्दू भक्तों को मार रहा है,1,0,0.0136,0.027,0.0203,False,False Negative (Missed Hate),0.97969997
"जब आंखें मूंदकर ट्रेंड करवाते हैं तो यही होता है और यह सब कांग्रेस ने ही किया है, स्टूडेंट्स तो सिर्फ इस्तेमाल हुए है। अगर स्टूडेंट्स आवाज उठाते तो इतनी बड़ी गलती नहीं होती। #railway को #raliway बना दिया। अक्ल के आलू से सोना नहीं बनेगा... आउल के चमचों...",1,0,0.0273,0.0132,0.0203,False,False Negative (Missed Hate),0.97969997
"कांग्रेस वर्किंग कमेटी (cwc) ने मोदीजी ओर भाजपा को दिया तगड़ा झटका, राहुल का अध्यक्ष बनना 6 महीने के लिए टला,",1,0,0.0105,0.0301,0.0203,False,False Negative (Missed Hate),0.97969997
mg tuya mayla ghode lavle jatil,0,1,0.9944,0.9647,0.9796,False,False Positive (Hallucination),0.9796
maulvi burchodi,0,1,0.9759,0.9833,0.9796,False,False Positive (Hallucination),0.9796
बिहार चुनाव जीतन राम मांझी को नीतीश कुमार इस गेम प्लान की वजह से अपने साथ लाए,1,0,0.0056,0.0352,0.0204,False,False Negative (Missed Hate),0.9796
वो दंगाई नहीं है कमिने हलाला की पैदाईश मुल्ले है साफ साफ बोलो रोहित भाई ठोक बजाकर बोलो मुल्लो ने दुनिया की सब से हरामि कोम वालो ने मंदिर तोड़े है।,1,0,0.0204,0.0204,0.0204,False,False Negative (Missed Hate),0.9796
ये मीडिया जिन हिन्दुओ के सहारे चल रहा है उनके साथ ही नमक हरामी करता है इनको एड हिन्दु कंपनियों से ही मिलता है,1,0,0.0062,0.0346,0.0204,False,False Negative (Missed Hate),0.9796
एक मुस्लिम व्यक्ति को एक # हिंदू के थूक को चाटने के लिए मजबूर किया जा रहा है। सबसे ज्यादा संभवत: उसके व्रत को तोड़ने के लिए। वाहन की विंडशील्ड से पता चलता है कि घटना सूरत की है,1,0,0.0161,0.0249,0.0205,False,False Negative (Missed Hate),0.9795
मुझे पता है की तुम जैसे हिजड़े इसकी मदद नहीं कर सकती तुम्हारा जीवन व्यर्थ है,0,1,0.9674,0.9915,0.9795,False,False Positive (Hallucination),0.9795
religion behenchod,0,1,0.9649,0.9942,0.9795,False,False Positive (Hallucination),0.9795
i go to see a quaker and her babe who is a sapphic what a slut there too she what a slut very belligerent what could live conducted in ordering to solve this small issue is some zyklon b,1,0,0.0247,0.0165,0.0206,False,False Negative (Missed Hate),0.9794
कोइ भी दलित मरने के लायक नहीं है,1,0,0.0031,0.0381,0.0206,False,False Negative (Missed Hate),0.9794
आपको अंग्रेज़ों को घिनौना कहना बंद करना होगा।,1,0,0.0094,0.0319,0.0206,False,False Negative (Missed Hate),0.9794
जम्मू कश्मीर में पढ़ाई का विरोध करने वालों के बच्चे विदेशों में पढ़ रहे हैं और लाखों के वेतन पर नौकरी कर रहे हैं। इनकी बातों में आकर पत्थर मत उठाइए। 130 अलगाववादियों के बच्चे विदेशों में पढ़ रहे हैं और वे यहां स्कूल बंद कराते हैं: गृह मंत्री श्री जी ।,1,0,0.0153,0.0259,0.0206,False,False Negative (Missed Hate),0.9794
देश में धर्म के आधार पर कोरोना हॉटस्पाट की पहचान,0,1,0.9933,0.9652,0.9792,False,False Positive (Hallucination),0.9792
पूर्व राष्ट्रपति प्रणब मुखर्जी को अश्रुपूर्ण विदाई पूरे सैन्य सम्मान के साथ नई दिल्ली में अंतिम संस्कार,0,1,0.9881,0.9704,0.9792,False,False Positive (Hallucination),0.9792
मैं उन पाकिस्तानियों को हसाने जा रहा हूँ,1,0,0.0051,0.0365,0.0208,False,False Negative (Missed Hate),0.9792
are you blind tories are your governors your mayors they take orders from the blowjob at the top looks like you just do not know the shot yet you little boy,0,1,0.9913,0.9671,0.9792,False,False Positive (Hallucination),0.9792
आसान भाषा में अगर मैं फंसा तो भाई तू अपना देख लियो थोड़ा समझदारों की भाषा में आपके कृत्य से अगर किसी कानूनी झमेले में फंसा तो वो आपका कंटेंट उड़ा देगा आपके अकाउंट पर रोक लगा देगा,1,0,0.0146,0.0273,0.0209,False,False Negative (Missed Hate),0.9791
hijdhauphindu,0,1,0.9824,0.9758,0.9791,False,False Positive (Hallucination),0.9791
"इस पोस्ट पर सब हरामी मुल्ले सुलग गये, अल्लाह को सिनेमा पसंद नही, चांदनी चौक पे कुछ नही बोलेंगे सुवर की औलादे, हिंदू समझ ले कोई मुल्ला भाई वाई नहीं हैं,",1,0,0.0166,0.0251,0.0209,False,False Negative (Missed Hate),0.9791
क्या यह सोचना गलत है की तुम जैसे बांग्लादेशियों को मार देना चाहिए,0,1,0.9761,0.9821,0.9791,False,False Positive (Hallucination),0.9791
beta apni behan ko bhej mere pass 1 saal mai 1p na peda kar diye na tab kehna . tab pata chalega hijjdabkon .,1,0,0.003,0.0388,0.0209,False,False Negative (Missed Hate),0.9791
the warnings in question are for personal attacks including being called a drunkard and a liar i therefore do not regard them as in anywhere are you inappropriate if anything they are overdue,0,1,0.9781,0.9799,0.979,False,False Positive (Hallucination),0.979
किसी भी मुसलमान के प्रभारी होने से हमारे देश को खतरा है,0,1,0.9834,0.9746,0.979,False,False Positive (Hallucination),0.979
कंगना रनौत और शिव सेना के बीच जुबानी जंग । कंगना के मुंबई स्थित ऑफिस में बीएमसी ने छापा मारा,1,0,0.0094,0.0326,0.021,False,False Negative (Missed Hate),0.979
it is nice to tell everyone i have an anger toward my people shame but has a feeling,1,0,0.0152,0.0269,0.021,False,False Negative (Missed Hate),0.979
वे सिर्फ कुछ रंडियों का झुण्ड हैं,0,1,0.9861,0.9719,0.979,False,False Positive (Hallucination),0.979
राष्ट्रपति ने किये प्रणब मुखर्जी के अंतिम दर्शन दी श्रद्धांजलि,0,1,0.9899,0.9679,0.9789,False,False Positive (Hallucination),0.9789
"गाय का गोस्त ले जाता पकडा गया भाजपा का कार्यकर्ता हैदराबाद मंदिर मे ले जा रहा था दंगे करवाने के लिए#अंधभक्तों की #नीच हरकत, ये चाहते ही नहीं देश में #शांति pic.twitter.com/xyun5kawsl",1,0,0.0354,0.0069,0.0211,False,False Negative (Missed Hate),0.9789
bhai ye batao tum ji murthal rape case ki baat kar rahe ho wo rape case mein tum high court se aage hogaye..,1,0,0.0157,0.0265,0.0211,False,False Negative (Missed Hate),0.9789
"मियाँ आज़म ख़ान आपने बोला था ना मदरसों में गोड़से पैदा नहीं होते और हमने भी कहां था ना मियाँ मदरसों में गोड़से नहीं रेपिस्ट पैदा होते हैं ये लो रेपिस्टो का छोटा सा सोर्स। मदरसे में यौन शोषण,मौलवी गिरफ्तार, 52 छात्राएं छुडा़ई गई",1,0,0.0248,0.0174,0.0211,False,False Negative (Missed Hate),0.9789
उत्तर प्रदेश में कुशीनगर हवाई अड्डे से लगभग महीनों के भीतर अंतर्राष्ट्रीय उड़ानें शुरू हो जाएंगी। पश्चिमी उत्तर प्रदेश का कुशीनगर न केवल बौद्ध सर्किट का केन्द्र बिन्दु है बल्कि दुनिया भर के बौद्ध मतावलम्बियों का तीर्थ स्थल भी है।,1,0,0.0302,0.0119,0.0211,False,False Negative (Missed Hate),0.9789
हिजड़े महानतम प्राणी हैं,1,0,0.0103,0.0319,0.0211,False,False Negative (Missed Hate),0.9789
मुंबई में नॉरकोटिक्स कंट्रोल ब्यूरो की छापेमारी,1,0,0.0271,0.0153,0.0212,False,False Negative (Missed Hate),0.9788
apples and oranges jonathan rabin is not a rabid extremist he does not make his living by iconoclasm provocation and controversial ism he is just a serious english author who lives part time in america and whose views are taken seriously across all political spectra except yours and killer chihuahua s apparently,0,1,0.9938,0.9637,0.9788,False,False Positive (Hallucination),0.9788
महाराष्ट्र के बाद अब मध्य प्रदेश में फ्लैट हुआ सस्ता शिवराज सरकार ने घटाई स्टाम्प ड्यूटी की दरें,0,1,0.9888,0.9688,0.9788,False,False Positive (Hallucination),0.9788
gravity kaha hai gravity gayi ma chud..e aisi koi cheez hi nhi hoti,0,1,0.9709,0.9868,0.9788,False,False Positive (Hallucination),0.9788
retweet when dykes hear ladies free before,0,1,0.9925,0.9652,0.9788,False,False Positive (Hallucination),0.9788
जो लोग #पाकिस्तान जाना चाहते हैं चले जायें।चाहे वो किसी #धर्म के हो।अगर #हिन्दुस्तान में रहकर पाकिस्तान के आतंकियों का साथ दिया।फौज तो बाद में मारेगी हम भारतीय लोग उसको #कुत्ते की मौत मारेंगे । जय हिन्द जय भारत,1,0,0.0073,0.0353,0.0213,False,False Negative (Missed Hate),0.9787
एनआरसी की शुरुआत असम में हुई है। लोगों को उनके घरों से निकाला जा रहा है। मीडिया यह नहीं दिखाता है उन्हें बेचा जा रहा है इसलिए यह वीडियो साझा करना अब हमारी जिम्मेदारी है।,1,0,0.0328,0.0099,0.0214,False,False Negative (Missed Hate),0.9786
पंजाब में स्कॉलरशिप घोटाले की जांच के लिए केंद्र ने बनाई कमेटी दैनिक जागरण ने किया था पर्दाफाश,0,1,0.9847,0.9725,0.9786,False,False Positive (Hallucination),0.9786
मैं उस समलैंगिक का गाला घोंटने का सोच रहा हूँ,0,1,0.9923,0.9649,0.9786,False,False Positive (Hallucination),0.9786
"kapoor saheb, we are not terrorists, we are terrorism victims,, baqi itni nafrat,.. yaqeen nahi aata k kapoor itni nafrat kartay hain !!!",1,0,0.0208,0.0219,0.0214,False,False Negative (Missed Hate),0.9786
allll mullea left comment section,0,1,0.9943,0.9629,0.9786,False,False Positive (Hallucination),0.9786
कोविड की मार जून तिमाही में आर्थिक विकास दर फीसद पर,0,1,0.982,0.975,0.9785,False,False Positive (Hallucination),0.9785
पाकिस्तानी एयरफोर्स और आर्मी के अफ़सरों के साथ नाचते हुए अभिनन्दन सैनिकों ने युद्ध के मैदान को मोहब्बत की धरती में तब्दील कर दिया,1,0,0.0117,0.0314,0.0215,False,False Negative (Missed Hate),0.9785
कांग्रेस वालों कुछ तो शर्म करो एक अबला खातून ₹ और बिरयानी में कैसे अपना घर चलाएगीलोगों का शोषण कर रहे हो ऊपर से लखनऊ पुलिस वहां डांसिंग कार भी खड़ी नही होने दे रही ऐसे कैसे चलेगा।,1,0,0.0053,0.0377,0.0215,False,False Negative (Missed Hate),0.9785
फारुख अब्दुल्ला ने अपना कागज खोज लिया मैं मुस्लिम नहीं कश्मीरी पंडित हूं फारूक अब्दुल्ला धीरे धीरे इसी तरह सब अपने कागज दिखाएंगे,1,0,0.0031,0.0399,0.0215,False,False Negative (Missed Hate),0.9785
इन हिजड़ों की तरह कोई और गन्दा नहीं है,0,1,0.9687,0.9881,0.9784,False,False Positive (Hallucination),0.9784
are bawasir chaudhary band kr prime time pe hugna …har roz ye aajtak pe aake hindu muslamaan krta hai nalla,1,0,0.0061,0.0371,0.0216,False,False Negative (Missed Hate),0.9784
मुझे विशवास है की केवल महिलाऐं ही इतनी अज्ञानी हो सकती हैं,0,1,0.9829,0.9739,0.9784,False,False Positive (Hallucination),0.9784
tum dono ki maa ki choo,0,1,0.9703,0.9865,0.9784,False,False Positive (Hallucination),0.9784
देखो देखो देखो दुनिया वालों। अदालत के फैसले की दुहाई कौन दे रही है। जिसका बाप खुद हुक्मरान रहते हुए सुप्रीम कोर्ट के फैसले को अपने लोले पे रखकर संसद में सबसे बड़े कोर्ट के आदेश की गान मार लिया था,1,0,0.0108,0.0327,0.0217,False,False Negative (Missed Hate),0.9783
राष्ट्रीय कृमि मुक्ति दिवस के अवसर पर आज से राष्ट्रीय कृमि मुक्ति अभियान का शुभारंभ किया जा रहा है। अभियान के माध्यम से प्रदेश के लगभग करोड़ बच्चे किशोरकिशोरियाँ लाभान्वित होंगे। यह अभियान चार चरणों में अगस्त सितम्बर अक्टूबर तथा नवंबर में संचालित किया जाएगा।,1,0,0.0356,0.0079,0.0217,False,False Negative (Missed Hate),0.9783
गिरफ्तार हुई यूट्यूबर हीर खान के जुड़े हो सकते हैं विदेशी मुल्क से तार पाकिस्तान से निकला कनेक्शन,1,0,0.0208,0.0227,0.0217,False,False Negative (Missed Hate),0.9783
all fox hunters are scum,0,1,0.9901,0.9663,0.9782,False,False Positive (Hallucination),0.9782
आपको मुसलमानों को घिनौना कहना बंद करना होगा।,1,0,0.011,0.0327,0.0218,False,False Negative (Missed Hate),0.9782
हिजड़ों का इस धरती से कोई सम्बन्ध नहीं है,0,1,0.9776,0.9788,0.9782,False,False Positive (Hallucination),0.9782
"मनिशंकर अय्यर के #नीच बयान के बाद गुरु पित्रोदा का #हुआ_हुआ बयान तो वह भूली हुई फिक्सड डिपाजिट है जो अब जाकर मैच्योर हुई है, #भाजपा ने हाथ की हाथ कैश करली",1,0,0.0041,0.0394,0.0218,False,False Negative (Missed Hate),0.9782
वे सिर्फ कुछ भांजियों का झुण्ड हैं,0,1,0.9843,0.972,0.9782,False,False Positive (Hallucination),0.9782
लो एक की राख ठंडी नहीं हुई दूसरी की जल गई बाराबंकी में 8 साल की बच्ची से रेप हिंदुओं और बनों सैकुलर मादरचोदों,1,0,0.0032,0.0406,0.0219,False,False Negative (Missed Hate),0.9781
पत्र के शुरुआत सेना के लोगों को नव वर्ष की शुभकामनाएं देते हुए होती है बाद में यह पढ़ा जा सकता है की भारतीय सेना ने नौशेरा में वायु सेना से ज़्यादा अच्छे से काम किया था जब पुलवामा और बालाकोट के इर्दगिर्द तनाव बढ़ा था पत्र में आगे लिखा है की चीफ़ ऑफ़ डिफेन्स स्टाफ की हैसियत से रावत जल सेना और वायु सेना का संचालन भारतीय आर्मी की तर्ज़ पर करेंगे,1,0,0.0058,0.0379,0.0219,False,False Negative (Missed Hate),0.9781
shala yaha aaj ka pura generation russians ke pichhe pagal hai . aur ye shala kuchhh alag hi type ka tharki hai dekh rahe ho,1,0,0.0062,0.0376,0.0219,False,False Negative (Missed Hate),0.9781
ki lok ghan kamat karta na te hidu mla vatat ki tye tyancha aaila ani bahinila pan asach bolta vatat ho na hidu dharm jopasnare yd zave,0,1,0.9771,0.979,0.9781,False,False Positive (Hallucination),0.9781
ऐसा क्यों है की सभी दलित गांडू हैं,0,1,0.9648,0.9912,0.978,False,False Positive (Hallucination),0.978
जो महाराष्ट्र में हो रहा है यही आदिवासियों के साथ होता है तब आप क्या कहते दलाल मिडिया पूछता है भारत,1,0,0.0088,0.0352,0.022,False,False Negative (Missed Hate),0.978
hath hata maaderchod,0,1,0.9592,0.9969,0.978,False,False Positive (Hallucination),0.978
when you mother to facetime with your favorite doer looking like a full changeling haha dexter,1,0,0.0275,0.0165,0.022,False,False Negative (Missed Hate),0.978
चीन ने चुमार में की घुसपैठ की कोशिश भारतीय सेना ने वाहनों को लौटने पर मजबूर किया,0,1,0.9793,0.9766,0.978,False,False Positive (Hallucination),0.978
ज्यादा परेशान ना होइए फ्री में अकाउंट में पैसे लिए है वह भी तब कि जब सरकार के पास धेले का भी टैक्स कलेक्शन नहीं हो रहा था अब जीडीपी के लिए बिलबिला रहे हो एक साथ दोनों कैसे चलेंगे बे,1,0,0.0084,0.0359,0.0221,False,False Negative (Missed Hate),0.9779
gravity ki ma chudh g**dh gye,0,1,0.9662,0.9895,0.9779,False,False Positive (Hallucination),0.9779
behanchod pehle terrorism to band karlo. 2-3 baar bheek di uske baad bhi harkato se baaz naahi aate.,1,0,0.0201,0.0244,0.0222,False,False Negative (Missed Hate),0.9778
मई हिजड़ों से बेहद गर्हिना कतरा हूँ,0,1,0.9702,0.9853,0.9777,False,False Positive (Hallucination),0.9777
गेंडा स्वामी कुत्ते की मौत मर गया साला ये घटना कब तक काल्पनिक रहेगा,1,0,0.0039,0.0407,0.0223,False,False Negative (Missed Hate),0.9777
women ke sath rape kab rukega ..........ab to baba v.,1,0,0.0247,0.02,0.0223,False,False Negative (Missed Hate),0.9777
हम तुम हिजड़ों का इस जगह से नामोनिशान मिटा देंगे,0,1,0.9623,0.993,0.9777,False,False Positive (Hallucination),0.9777
कांग्रेस सांसद एच वसंत कुमार का अगस्त को कोरोना वायरस से निधन हो गया वे देश के पहले सांसद हैं जिनकी मौत कोरोना के चलते हुई है उनका एक भाषण काफी वायरल है इसमें वे कोरोना को राष्ट्रीय आपदा घोषित करने और जरूरतमंदों की मदद करने की मांग कर रहे हैं,1,0,0.0213,0.0235,0.0224,False,False Negative (Missed Hate),0.9776
fudduu bnda,0,1,0.9585,0.9967,0.9776,False,False Positive (Hallucination),0.9776
इस भ्रष्टाचार से कब आज़ाद होगा देश हैदराबाद में किसारा मंडल के तहसीलदार रिश्वत लेते हुए पकड़े गए एंटी करप्शन ब्यूरो की टीम ने घर और अन्य ठिकानों पर भी छापेमारी की है,0,1,0.9894,0.9658,0.9776,False,False Positive (Hallucination),0.9776
inn sab ki maa ka bhosda...... but women,0,1,0.9691,0.986,0.9776,False,False Positive (Hallucination),0.9776
"लड़की वाले: आपका लड़का कितना सहनशील है, घर वाले: कांग्रेसी चमचा है जी.. दुनियाभर की गालियां खाने के बाद भी हँस लेता है",1,0,0.0098,0.0349,0.0224,False,False Negative (Missed Hate),0.9776
nafrati chintu hai tm madarc##,0,1,0.9809,0.9741,0.9775,False,False Positive (Hallucination),0.9775
bahenki laudi,0,1,0.9708,0.9842,0.9775,False,False Positive (Hallucination),0.9775
fuck you bitch where does my sleeve,0,1,0.9746,0.9804,0.9775,False,False Positive (Hallucination),0.9775
सच्चाई सामने आ ही गयी।ब्राम्हणो की हार हुई। अयोध्या में कोई शिवलिंग नही।बुद्धस्तुप ही है।,1,0,0.0067,0.0384,0.0225,False,False Negative (Missed Hate),0.9775
कोरोना जांच में सहयोग की बजाए डाक्टरों के साथ बदतमीजी करते जाहिल जिहादी इनकी जांच नहीं सीधे मोके पर ईलाज करना चाहिए सरकार कब तक झेलेगी इन जिहादियों को,0,1,0.986,0.9691,0.9775,False,False Positive (Hallucination),0.9775
i am not racist but i would not want my son to marry an indian woman,1,0,0.0383,0.0067,0.0225,False,False Negative (Missed Hate),0.9775
fuck you are so fucking slow witted oh my god,0,1,0.9653,0.9894,0.9774,False,False Positive (Hallucination),0.9774
हमारे नालंदा विश्वविद्यालय की लाख किताबे महीनो तक जलाने वाले एक किताब जलाने पर पूरा स्वीडन जला रहे है,0,1,0.9835,0.9712,0.9774,False,False Positive (Hallucination),0.9774
जब योगी जी में पहली बार सांसद बने थे लोग तब से उन्हें हरा रहे हैं पर योगी जी तब से लगातार बार सांसद भी बने और से मुख्यमंत्री भी हैं इसबार भी लोग कह रहें योगी को मुख्यमंत्री तो क्या विधायक भी बनने नहीं देंगे पर दिल को बहलाने के लिए ये ख्वाब भी अच्छा है गालिब,1,0,0.0074,0.0378,0.0226,False,False Negative (Missed Hate),0.9774
i am sorry but that is a crap answer first none of the pr editors are just polishing and protecting over there second and most importantly it figured out core already played policies if yardsticks are applied differently on one candidate s article versus another then why would whatever blind is behind that problem or has well played itself become a political arm and endorsing one issue above another,1,0,0.0076,0.0377,0.0226,False,False Negative (Missed Hate),0.9774
drr ki mkc,0,1,0.9742,0.9803,0.9773,False,False Positive (Hallucination),0.9773
चीन की जनता भी #narendramodi जी का डंका मान गई पर ये चमचों को पता नहीं कब अक्ल आएगी।,1,0,0.0258,0.0196,0.0227,False,False Negative (Missed Hate),0.9773
unfortunatley honesty is not a quality with which anti semitic people associate with jews,0,1,0.9941,0.9604,0.9773,False,False Positive (Hallucination),0.9773
रिया चक्रवर्ती को मुंबई पुलिस की सुरक्षा और पालघर में सन्तों की खुलेआम हत्या..महाराष्ट्र पुलिस को शर्म आनी चाहिए।,1,0,0.0297,0.0159,0.0228,False,False Negative (Missed Hate),0.9772
मोदी जी ने कोई ऐसा काम नहीं किया जिससे कुर्सी बची रहे.. लेकिन हर वो काम किया और कर रहे है जिससे देश बचा रहे.. जय श्री राम,1,0,0.0182,0.0274,0.0228,False,False Negative (Missed Hate),0.9772
#templeterrorattack कुत्ते की पूंछ सीधी हो सकती है लेकिन मुसलमान कभी सुधार नहीं सकता.. सूअर साले शैतान की किताब पढ़ते हैं,0,1,0.9866,0.9678,0.9772,False,False Positive (Hallucination),0.9772
पुलिस मन को बहोत गंदे होते है,1,0,0.0404,0.0055,0.0229,False,False Negative (Missed Hate),0.9771
koi paise ke liye ita gir sakta hai ke rape case karde chiiiiiiiii........,1,0,0.0307,0.0152,0.0229,False,False Negative (Missed Hate),0.9771
by my divine right to the crown i hereby banish you from the great encyclopedia you have blighted the great works of others and that of your king now begone from me and my sight and return only under pain of death,0,1,0.9649,0.9892,0.9771,False,False Positive (Hallucination),0.9771
"app kaisay aik "" lunatic "" ko justify kar saktay hain jo qomyatoon ka naam par khoon ki holi khailta ho.",0,1,0.9808,0.9735,0.9771,False,False Positive (Hallucination),0.9771
lgbtqhatetrumppay is total liberal trash it s pathetic neverhillary usa,0,1,0.9933,0.9607,0.977,False,False Positive (Hallucination),0.977
मुझे तुम जैसे बांग्लादेशियोंसे गर्हिना है,0,1,0.9763,0.9778,0.977,False,False Positive (Hallucination),0.977
कानपुर में बिना मास्क के घूम रहे बकरे को योगी पुलिस ने किया ये खबर सुनने के बाद बकरा समुदाय में डर का माहौल फिर बकरों में मची खरीदने की खलबली।,1,0,0.0213,0.0246,0.023,False,False Negative (Missed Hate),0.977
चीन की जनता भी जी का डंका मान गई पर ये चमचों को पता नहीं कब अक्ल आएगी।,1,0,0.0213,0.0247,0.023,False,False Negative (Missed Hate),0.977
कश्मीर हमारा है तो कश्मीरी भी हमारे हैं उनके साथ ज़ुल्म क्यों? #savekashmir #kashmirsecondpalestine,1,0,0.0167,0.0295,0.0231,False,False Negative (Missed Hate),0.9769
noise types can,1,0,0.0448,0.0014,0.0231,False,False Negative (Missed Hate),0.9769
tum rape kerwane ko bheek bolte ho hindi me?,1,0,0.0236,0.0227,0.0231,False,False Negative (Missed Hate),0.9769
ye lakdi kyu padi ho zad me aa gus meri g*nd me,0,1,0.9716,0.9823,0.9769,False,False Positive (Hallucination),0.9769
chacha teri party ko 44 pe le aye the log 2014 me abhi tak malaal nahi gya tumhara isi tarah nafrat failao or agli baar 4 pe aao,1,0,0.0198,0.0265,0.0231,False,False Negative (Missed Hate),0.9769
एक न्यायपूर्ण दुनिया में आप जैसे बांग्लादेशी सभी मरते होंगे,1,0,0.0251,0.0211,0.0231,False,False Negative (Missed Hate),0.9769
you just ate rat food i bet your mothers proud destiny moon happy face or smiley see and d what are you on crack dude your accent changed from english to german to like french comment cd why cannot i buy this on itunes this is so frustrating my favorite partjustsayin milly haha she is so pure in life wink or smirk my phone number is amazinglyawseomesexybeastthatyouwishyoucouldbewithrightnow hellman pure awesome and when i got double piercings on my ears i thought i what a slut such a rebel did anyone else see his boner when it hit slo mo the steamy sausages i have a crush on potatoes but clearly they ate it wrong i don't think i got a crush on it any more tongue sticking out cheeky playful or blowing a raspberry what did you see do you taste it you make my dayyyyy in by the way d i have been watching your videos for years hat moose gang so deep aunt hilda brought me horror you did it wrong brother wink or smirk burn her burn her with fire you obviously have never had fun before your redneck turn a faiiillllll p my favorite thing guys do in that summer is me sitting around trying to win your stuff but i never do somehow tongue sticking out cheeky playful or blowing a raspberry so pick me demigod love how this story is in the background damn laughing out loud brought me bluegrass this song what a slut for her stylist tonya twist who committed suicide she what a slut my aunt,1,0,0.0073,0.0391,0.0232,False,False Negative (Missed Hate),0.9768
la.n.d kar loge bol kar bkl,0,1,0.9566,0.997,0.9768,False,False Positive (Hallucination),0.9768
i am not racist but all in the family the jefferson,0,1,0.994,0.9594,0.9767,False,False Positive (Hallucination),0.9767
"लोग bc के नाम।नही पता क्या क्या तेरे को की कोंन लोग ह ,जय श्री राम वालो पर तो बड़ा रंडी रोना रो रहा था कालिये तू",0,1,0.9829,0.9705,0.9767,False,False Positive (Hallucination),0.9767
"साहब कश्मीरी मुसलमानों पर ज़ुल्म बंद कीजिए,",1,0,0.017,0.0297,0.0233,False,False Negative (Missed Hate),0.9767
he seems delusional to her with six personality faults mr,1,0,0.0137,0.0332,0.0234,False,False Negative (Missed Hate),0.9766
"to huvaa kya h tum kr kyaa rahe ho kya jarurt thi itnaa ghatiyaa rap song bnane ki teraa aisaa ho gyaa "" aa bail mujhe maar sing ghusaa or jor se sar hilaa """,0,1,0.9895,0.9637,0.9766,False,False Positive (Hallucination),0.9766
ऐसा क्यों है की सभी निचली जात के लोग प्रतिकारक हैं,0,1,0.9711,0.9822,0.9766,False,False Positive (Hallucination),0.9766
फ्रांस राफेल उड़ाने के बाद बोले एयर वाइस चीफ राफेल और सुखोई का गठजोड़ दुश्मनों पर पड़ेगा भारी,1,0,0.0312,0.0156,0.0234,False,False Negative (Missed Hate),0.9766
happy that people seeing what a fraud this chutiya is useless credit stealing average-gaining knocks sums up 95% of his entire career,0,1,0.9877,0.9655,0.9766,False,False Positive (Hallucination),0.9766
मि अपने प्रमाणपत्रों में घोषित की ये बातें ध्यान से सुन और फिर बता कि तू किसकी है क्योंकि ऐसे की असली औलाद कितनी भी बिगड़ जाय तेरे जितनी तो कदापि नहीं हो सकती,1,0,0.0219,0.025,0.0235,False,False Negative (Missed Hate),0.9765
"mai kuchh bhi nahi bolunga, kyuki gravity ki maa ki chut",0,1,0.9675,0.9854,0.9765,False,False Positive (Hallucination),0.9765
सुबह से शाम तक हिंदू मुसलमान कर नफ़रत फैलाने वाला कल तक #shami के बारे में क्या राय रखता था! क्या ये बेशर्म माफ़ी मांगेगा ?,1,0,0.0155,0.0314,0.0235,False,False Negative (Missed Hate),0.9765
तुम गांडू अंग्रेज़ों को क्या दिक्कत हैं,0,1,0.9828,0.9702,0.9765,False,False Positive (Hallucination),0.9765
"आप सांड सांड करते रहिए उधर,वो बेमानी कर के चुनाव जीत जाएंगे।*bjp विधायक अनिल* *उपाध्याय की इस हरकत पर क्या कहेगे modi जी,* *इस video को इतना वायरल करो की ये पूरा हिन्दुस्तान देख सके..*",1,0,0.0066,0.0406,0.0236,False,False Negative (Missed Hate),0.9764
did the western media throw these gays off a building,0,1,0.9909,0.9618,0.9764,False,False Positive (Hallucination),0.9764
5 star dr ki ma ki chu,0,1,0.9736,0.9791,0.9763,False,False Positive (Hallucination),0.9763
मुस्लिमों से नफरत करते है बोलने वालों आज इरफान खान के लिए देशवासियों का प्यार भी देख लेना नफरत कसाब वाली करतूतों से है कलाम और इरफान तो दिलों में बसते है तस्वीर इरफ़ान खान के आखिरी लम्हों को दिखाती है,1,0,0.0094,0.038,0.0237,False,False Negative (Missed Hate),0.9763
और ने ट्विटर पर अभिजीत बनर्जी को में जीतने के लिए बधाई दी।,1,0,0.0306,0.0171,0.0238,False,False Negative (Missed Hate),0.9762
अभी भी कुछ लोगों को महिला की मौत के लिए पुकारते देखना निराशाजनक है।,1,0,0.0198,0.0278,0.0238,False,False Negative (Missed Hate),0.9762
sainsbury s have lost the respect of millions of white britons with their ridiculous diversity campaign,1,0,0.0158,0.0321,0.0239,False,False Negative (Missed Hate),0.9761
life and a job this website is trash,1,0,0.012,0.0357,0.0239,False,False Negative (Missed Hate),0.9761
ये मत समझना की गज़वाएहिन्द मिशन मे सिर्फ़ शांतिदुत ही लगे हुए है बहुत से दोगलेसेक्युलर हिन्दू भी इस मिशन के संगेसाथी है,0,1,0.994,0.9581,0.9761,False,False Positive (Hallucination),0.9761
पढ़िये मौसम विभाग की ताजा भविष्यवाणी फिर शुरू होगा झमाझम बारिश का दौर शुरू,0,1,0.9848,0.9674,0.9761,False,False Positive (Hallucination),0.9761
newton mkx new turn mkc,0,1,0.9942,0.958,0.9761,False,False Positive (Hallucination),0.9761
dhruv rathee congress ka tatte,0,1,0.9652,0.9865,0.9759,False,False Positive (Hallucination),0.9759
बिहार में बालिकागृह से छोटी छोटी बच्ची को उठाकर बीजेपी जेडीयू के नेता अफसर दुष्कर्म करते हैं हत्या कर दी जाती है बिहार की बहू बेटी को गुंडे गैंग रेप करते हैं । अरे हरामि हिंदू खतरे में नहीं आर एस एस बीजेपी वाले से आपकी बहन बेटी खतरे में,1,0,0.0224,0.0258,0.0241,False,False Negative (Missed Hate),0.9759
सही कहा भाई बॉडी तो नहीं जलाते पर देश जलाते हैं।। जहां जिसकी पत्तल में खाते उसमें भी छेद कर जाते हैं।।,1,0,0.0251,0.0231,0.0241,False,False Negative (Missed Hate),0.9759
क्या यह मूर्ख होना एक अँगरेज़ की खासियत नहीं है,0,1,0.9826,0.9691,0.9759,False,False Positive (Hallucination),0.9759
पिछले साल दिल्ली के करोड़ लोगों ने मिलकर डेंगू को हराकर दिखाया था। आइए आज से डेंगू के खिलाफ़ अगले हफ़्ते चलने वाली लड़ाई हम फिर से शुरु करें सुबह बजे मैं अपने घर पर चेक करूँगा कि कहीं पानी जमा तो नहीं है। आप भी जरूर करना। हमें इस बार भी मिलकर डेंगू को हराना है।,1,0,0.0149,0.0334,0.0241,False,False Negative (Missed Hate),0.9759
ha wa ha i laugh into your sweet laugh foo,1,0,0.047,0.0013,0.0241,False,False Negative (Missed Hate),0.9759
जहा तक मेरा सवाल है पाकिस्तानी मेरे लिए मानवीय कचरे के सामान हैं,0,1,0.9881,0.9636,0.9758,False,False Positive (Hallucination),0.9758
नशे में धुत युवक ने महिलाओं पर बरसाई लाठी सरेआम महिलाओं की करता रहा पिटाई महिलाओं की पिटाई का वीडियो वायरल बिल्हौर कोतवाली के खासपुर का मामला।,1,0,0.0195,0.0291,0.0243,False,False Negative (Missed Hate),0.9757
"तथाकथित राष्ट्रवादी चैनल पर एक पाकिस्तानी को बिठा दिया, बहिष्कार होना चाहिए इसका, पाकिस्तान भेजो इन गद्दारो को",1,0,0.0124,0.0361,0.0243,False,False Negative (Missed Hate),0.9757
newton bhai aap ki mkc,0,1,0.9662,0.9849,0.9756,False,False Positive (Hallucination),0.9756
laughing out loud helium be funny,1,0,0.0369,0.012,0.0244,False,False Negative (Missed Hate),0.9756
फांसी ही महिला के लिए एकमात्र समाधान है,0,1,0.9898,0.9614,0.9756,False,False Positive (Hallucination),0.9756
देश के किसानोंगरीबोंमजदुरों व मध्यम वर्ग के सभी साथी मिलकर इस कुत्तीकमीनीगंदीजुमली सरकार के खिलाफ आंदोलन शुरू कर दो नहीं तो ये मोदी देश को गुलाम बना रहा है।तानाशाही से लोकतंत्र की हत्या करके जशन मनायेगें।जिन्दा गाड दो इस कुत्ते को।,0,1,0.989,0.9621,0.9755,False,False Positive (Hallucination),0.9755
up ke hindu up ke hindu hijde,0,1,0.9537,0.9973,0.9755,False,False Positive (Hallucination),0.9755
मुझे वास्तव में लगता है की निचली जात के लोग ही सबसे मूर्ख होते हैं,0,1,0.9626,0.9884,0.9755,False,False Positive (Hallucination),0.9755
अभिनेत्री कंगना रनौत और शिवसेना में रार जारी है वार और पलटवार। लाइव,1,0,0.0113,0.0377,0.0245,False,False Negative (Missed Hate),0.9755
marriage between black men and fucking white women should be banned,0,1,0.9892,0.9619,0.9755,False,False Positive (Hallucination),0.9755
पहली तिमाही में देश की जीडीपी में प्रतिशत की गिरावट,0,1,0.9835,0.9672,0.9754,False,False Positive (Hallucination),0.9754
just hang the rapist without interrogation or trial face with symbols on mouth justice for twinkle justice for asia,0,1,0.98,0.9709,0.9754,False,False Positive (Hallucination),0.9754
इस तरह के सभ्य देश में तुम जैसे मुसलमान का कोई स्थान नहीं है,0,1,0.9745,0.9763,0.9754,False,False Positive (Hallucination),0.9754
we know and hate so much real people,1,0,0.0217,0.0279,0.0248,False,False Negative (Missed Hate),0.9752
में नेहरू जी ने भारत के पैंगोंग झील चीन को सौंप दिया था कल मोदी जी के भारत ने वापस छीन लिया। इंच का दम लिंक,1,0,0.0243,0.0254,0.0248,False,False Negative (Missed Hate),0.9752
daily rape ho rhe uske virodh mat karo.,1,0,0.0234,0.0262,0.0248,False,False Negative (Missed Hate),0.9752
are ye insan meko to pagal lagta he chutay,0,1,0.9643,0.9862,0.9752,False,False Positive (Hallucination),0.9752
कुतिया को घी हज़म नहि हुआ दोस्तोंदेख लो किसानो क लिए आतंकवादी बोला है एस २ कोड़ी की ओररत ने,1,0,0.0405,0.0093,0.0249,False,False Negative (Missed Hate),0.9751
कुत्ते को घी हजम नही होता ओर तुम तो इस नचनिया को इज्जत दे बैठे इसको राजनीति में जहां पहुंचना था पहुंच गई लेकिन आंतकवादी तो किसान हुए ना ।। ये सरकार की ही प्रवक्ता समझ लो इब वो हिंदुत्व आले अपना धर्म निभाते रहो इसनै तो थारे बाप दादे भी बना दिए,1,0,0.0126,0.0371,0.0249,False,False Negative (Missed Hate),0.9751
मुझे मरे हुए चूहे और मरे हुए समलैंगिक में कोई अंतर नहीं दीखता,0,1,0.9887,0.9613,0.975,False,False Positive (Hallucination),0.975
केन्द्रीय मंत्री ने आज वीडियो कॉन्फ्रेंसिंग के माध्यम से जल जीवन मिशन के कार्यान्वयन पर के मुख्यमंत्री के साथ विचार विमर्श किया अरुणाचल प्रदेश की तक प्रतिशत कवरेज हासिल करने की योजना,0,1,0.9891,0.9608,0.975,False,False Positive (Hallucination),0.975
क्या भीम आर्मी प्रमुख चंद्र शेखर आज़ाद रावण का असली नाम नसीमुद्दीन खान है और यह हिन्दू समुदाय को तोड़ने के लिए चली गयी मुस्लिमों की एक चाल है,0,1,0.9864,0.9633,0.9749,False,False Positive (Hallucination),0.9749
bahancho,0,1,0.9893,0.9606,0.9749,False,False Positive (Hallucination),0.9749
"बात आपकी बिल्कुल सही है. लेकिन दिल्ली का मुखिया घुँघरू सेठ up, झारखंड etc तक भाग जाता है सरकारी नौकरी और मुआवज़ा देने शांतिदूत कौम को लेकिन वो ही जिहादी हरामी मुँह में दही जमा लेता जब दिल्ली में शांतिदूत कौम अगर महा आक्रामक हिन्दू समाज पर हमला करता है तो.",0,1,0.9871,0.9627,0.9749,False,False Positive (Hallucination),0.9749
"और तेरी औकात है पंचर बनाने की जा पंचर बना मनुस्मृति तेरे जैसे जाहिलो के समझ में नहीं आयेगी दिल्ली में दलित विनोद का सुना है पता है तुम लोगो ने क्या किया था? कर्ण,एकलव्य अबे जाहिल जा पहले पूरा पढ़ कौन क्या था मदरसे की पढ़ाई में तुझे कहा से पता चलेगा",1,0,0.0197,0.0304,0.0251,False,False Negative (Missed Hate),0.9749
अनंत यात्रा पर निकले पूर्व राष्ट्रपति दिल्ली के लोधी श्मशान घाट पर किया जाएगा अंतिम संस्कार,0,1,0.9787,0.9712,0.9749,False,False Positive (Hallucination),0.9749
मेरे देश में मेरे सामने अगर कोई पाकिस्तान ज़िंदाबाद के नारे लगाएगा तो पुलिस से पहले उसे मैं सबक सिखाऊंगा। 2014 से कुछ लोग हर चीज को हिन्दू मुसलमान का रंग देते आरहे हैं। मैं मुंबई पुलिस से आग्रह करता हूं कि मेरे बारे में पाकिस्तान ज़िंदाबाद की अफवाह फैलाने वालों को तुरंत अरेस्ट,1,0,0.034,0.0162,0.0251,False,False Negative (Missed Hate),0.9749
मुझे पता है कि कौन मुझसे नफरत करता है। मुझसे नफरत करें आपकी इच्छा है। लेकिन जर्मनी से नफरत मत करो।,1,0,0.0196,0.0307,0.0252,False,False Negative (Missed Hate),0.9748
holy shit he is the sub,1,0,0.037,0.0134,0.0252,False,False Negative (Missed Hate),0.9748
retweet and his association every e mail ever translated is to,1,0,0.0207,0.0296,0.0252,False,False Negative (Missed Hate),0.9748
"b.j.p. विधायक अनिल उपाध्याय की इस बयान पर क्या कहेगे मोदी जी, इन video को इतना वायरल करो की ये पूरा हिन्दुस्तान देख सके..",1,0,0.0102,0.0402,0.0252,False,False Negative (Missed Hate),0.9748
rt : उमर खालिद पर तो uapa लगा दिया! कपिल मिश्रा को शांति का नोबल पुरस्कार कब मिलेगा?,1,0,0.0075,0.0429,0.0252,False,False Negative (Missed Hate),0.9748
पति ने पत्नी पर किया हमला धारदार हथियार से पत्नी पर सोते समय हमला वारदात के बाद आरोपी पति फरार घायल पत्नी को अस्पताल में कराया भर्ती नौबस्ता के खाड़ेपुर इलाके का मामला।,1,0,0.0421,0.0085,0.0253,False,False Negative (Missed Hate),0.9747
padma,1,0,0.0032,0.0475,0.0253,False,False Negative (Missed Hate),0.9747
sushma andhare yedya bhokachi,0,1,0.9907,0.9587,0.9747,False,False Positive (Hallucination),0.9747
साल मुगलो ने राज किया कोई हिन्दू खतरे में नहीं आया साल अंग्रेजो ईसाई ने देश को लूटा कोई हिन्दू खतरे में नहीं आया साल कांग्रेस और साल अन्य ने राज किया कोई भी हिन्दू खतरे में नहीं आया लेकिन से एक पाखंडी सत्ता में आते ही हिन्दू खतरे में आ गया है पाखंडी ही खतरा है,0,1,0.9907,0.9586,0.9746,False,False Positive (Hallucination),0.9746
अनपढ़ नेता घुम रहे हैं महंगी महंगी कारों में डिग्री लेकर रिक्शा खीचें आज युवा बाजारों में,0,1,0.9871,0.9619,0.9745,False,False Positive (Hallucination),0.9745
उसकी सहकर्मी एक समलैंगिक लोगो है,1,0,0.0233,0.0277,0.0255,False,False Negative (Missed Hate),0.9745
एक समय में पाकिस्तानी जाप करते थे माधुरी दे दो पीओके भी ले लो। नई महत्वाकांक्षाएं नई कुंठाएं।,1,0,0.0246,0.0265,0.0255,False,False Negative (Missed Hate),0.9745
अँगरेज़ ही सबसे मुख होते हैं,0,1,0.9705,0.9785,0.9745,False,False Positive (Hallucination),0.9745
तुर्की के राष्ट्रपति रेचेप तैय्यप अर्दोआन ग्रीस के जहाज़ को डुबोना चाहते थे जर्मन अख़बार का दावा,1,0,0.0256,0.0255,0.0255,False,False Negative (Missed Hate),0.9745
किसान को लेकर जानबूझकर गंदी खेल खेली है देश की मुद्दों से ध्यान भटकाने के लिए महंगाई बेरोजगारी अर्थव्यवस्था डूबती देश की बिगड़ती कहानी इस सबसे नजर हटाने के लिए किसान को चुना किसान लॉकडाउन में बर्बाद हो चुकी है 6 महीना किसान को लेकर हल्ला चलेगी देश की सारी मुद्दा दब गई,0,1,0.9902,0.9585,0.9744,False,False Positive (Hallucination),0.9744
किम जोंगउन के अंतिम संस्कार का एक्सक्लूसिव वीडियो है,1,0,0.0177,0.0334,0.0256,False,False Negative (Missed Hate),0.9744
ab bolo rathee ke chusne walo,0,1,0.9704,0.9783,0.9744,False,False Positive (Hallucination),0.9744
सचिन पायलेट को बीजेपी ने ऑफर दिया था 30 विधायक लाने के लिए। लेकिन गए सिर्फ 18 इसीलिए बीजेपी ने मना कर दिया अब पायलेट साहब का प्लेन लैंडिंग ही नहीं हो रहा,1,0,0.0066,0.0446,0.0256,False,False Negative (Missed Hate),0.9744
लेकिन यह अभूतपूर्व है दिल्ली की सड़कों पर बंदूकों लेकर घूमना उन लोगों द्वारा फायरिंग करना जो दावा करते हैं कि वे सीएए के विरोध में प्रदर्शन कर रहे हैं अगर यह सीएए का विरोध है तो उन्हें इस तथ्य पर गौर करने की ज़रूरत है कि वास्तविकता क्या है बंदूक चलाने वाला आदमी गोलियों की बौछार करता है ।,1,0,0.0323,0.0189,0.0256,False,False Negative (Missed Hate),0.9744
ऐलनाबाद हरियाणा की घटना है मामला कुछ हो लेकिन ये खालिस्तान जिंदाबाद के नारे लगाने वाले कौन लोग है कृपा इन पर कड़ी कार्यवाही होनी चाहिए,1,0,0.0375,0.0138,0.0256,False,False Negative (Missed Hate),0.9744
देश में कोरोना संक्रमितों की संख्या लाख के पार पिछले घंटे में नए मामले,0,1,0.9837,0.9652,0.9744,False,False Positive (Hallucination),0.9744
सारे बेरोजगार अरबपति खानदान से नहीं है जो उसे आईपीएल देखने देगी मां-बाप उसे ताना और डांट मार के रोजगार ढूंढने की बात करती रहेगी मां बाप केवल रिचार्ज करने के लिए पैसा नहीं रहेगी तो आईपीएल कहां देखेंगे,0,1,0.9891,0.9597,0.9744,False,False Positive (Hallucination),0.9744
": देख चीनी सैनिकों की कब्र, कांग्रेस का टूट रहा है सब्र। ये रिश्ता क्या कहलाता है, तमाचा चीन पर, और कांग्रेसी गाल सहलाता…",1,0,0.0291,0.0221,0.0256,False,False Negative (Missed Hate),0.9744
फांसी ही मुसलमान के लिए एकमात्र समाधान है,0,1,0.9893,0.9592,0.9743,False,False Positive (Hallucination),0.9743
retweet whatever events have happened bu the cookie,1,0,0.0127,0.0388,0.0258,False,False Negative (Missed Hate),0.9742
maintain devdar ki ma ka bhosra,0,1,0.9661,0.9823,0.9742,False,False Positive (Hallucination),0.9742
i what a slut only six but i remember them all being dark,0,1,0.9659,0.9826,0.9742,False,False Positive (Hallucination),0.9742
whatever might as well just abandon the land because people invaded the land and took it from the animals,0,1,0.9573,0.9912,0.9742,False,False Positive (Hallucination),0.9742
आज हमारे माननीय प्रधानमंत्री जी का आत्मनिर्भर कार्यक्रम को बजे शुरू होने से पहले ही हमारे देश के बेरोजगार युवा इस प्रोग्राम को अप्रियता की पहचान दिलाने मे लगे हुए और इनके कुछ चमचे इसे भी बिदेशी घोषित करेंगे,0,1,0.9894,0.9591,0.9742,False,False Positive (Hallucination),0.9742
अब गांड फ़टी तो अमन और तहजीब की बाते करने लगे साले भड़वे हरामखोर,1,0,0.0049,0.0469,0.0259,False,False Negative (Missed Hate),0.9741
फेक न्यूज़ एक्सपोज़ क्या रेलवे की फैक्ट्रियां बेचकर लाख कर्मचारियों को नौकरी से निकाल रही है मोदी सरकार,1,0,0.0212,0.0306,0.0259,False,False Negative (Missed Hate),0.9741
"कांग्रेस वह छछूंदर है जो किसी भी राजनीति पार्टी को छु दे तो वो पार्टी रोड़ पर आ जाती है जैसे स.पा,ब.स.पा,आर.जे.डी अब लगता है,शिवसेना की बारी है.",1,0,0.0079,0.0441,0.026,False,False Negative (Missed Hate),0.974
सरकार में पाकिस्तानियों को देखकर मुझे बहुत गर्व होता है,1,0,0.018,0.0341,0.026,False,False Negative (Missed Hate),0.974
मुझे हिजड़ों से प्यार हैं,1,0,0.0232,0.0289,0.026,False,False Negative (Missed Hate),0.974
तमिलनाडु में एक हिंदू व्यक्ति ने एक मुस्लिम का सिर इसलिए काट दिया क्योंकि उसकी बेटी उस मुस्लिम व्यक्ति के साथ भाग गई थी। विचलित कर देने वाला आत्मसमर्पण का यह वीडियो सितंबर को कर्नाटक के मंड्य,1,0,0.0173,0.0347,0.026,False,False Negative (Missed Hate),0.974
fucking shit this government is nonsense,0,1,0.9891,0.9588,0.974,False,False Positive (Hallucination),0.974
पूर्व अंतरराष्ट्रीय खिलाड़ी मंत्रिमंडल में मेरे सहयोगी श्री चेतन चौहान जी के असामयिक निधन का व्यथित कर देने वाला समाचार प्राप्त हुआ। प्रभु श्री राम श्री चौहान जी के परिजनों को इस अपार दुःख को सहने की शक्ति एवं दिवंगत आत्मा को अपने श्री चरणों में स्थान प्रदान करें। ॐ शांति,1,0,0.0185,0.0337,0.0261,False,False Negative (Missed Hate),0.9739
योगी आदित्यनाथ जी के अथक परिश्रम का ही प्रतिफल है कि उत्तर प्रदेश सभी विडम्बनाएं पीछे छोड़ सर्वांगीण विकास के रास्ते चल पड़ा है। जय हो जी।,1,0,0.0238,0.0283,0.0261,False,False Negative (Missed Hate),0.9739
"मुंबई में छात्रों ने ""हिंदुओं से आजादी"" के नारे लगाए। वीडियो में ख़ालिद को नारे लगाते हुए देखा जा सकता है।",1,0,0.048,0.0041,0.0261,False,False Negative (Missed Hate),0.9739
भारत मे चोर बाजार के धंधे भी शांतिदूत ही करते हैं मुंबई में मटन वाली मोहम्मद अली रॉड से ये मशहूर चोर बाजार है दिल्ली का चांदनी चौक का चोर बाजार चेन्नई का पुदुपेट चोर बाजार सोतीगंज मेरठ गुजरात मे अहमदाबाद में है और मोडासा में भी शांतिदूतों का चोर बाजार है,0,1,0.9849,0.9627,0.9738,False,False Positive (Hallucination),0.9738
darrr ki mkc,0,1,0.9589,0.9887,0.9738,False,False Positive (Hallucination),0.9738
gravity gai ma ch**dane esi kuch cheej hi nhi hoti,0,1,0.9837,0.9639,0.9738,False,False Positive (Hallucination),0.9738
this can be a promo with love a anyone mr,1,0,0.0434,0.0089,0.0262,False,False Negative (Missed Hate),0.9738
मेरे दिल मई आर्टिस्ट के लिए बिलकुल व् प्रेम नहीं है,1,0,0.0113,0.0411,0.0262,False,False Negative (Missed Hate),0.9738
criticism icc for trying to change control dhoti on gloves versus match icc is deciding pool world cup match matches shamanic icccricketworldcup,1,0,0.0038,0.0488,0.0263,False,False Negative (Missed Hate),0.9737
हिन्दुओं के जिंदगी का कोई मूल्यनहि होता,0,1,0.9682,0.9792,0.9737,False,False Positive (Hallucination),0.9737
जहां एक और सरकार को जातिगत रूप से बदनाम किया जा रहा वही योगी सरकार ने अल्पसंख्यक वर्ग के करीब जोड़ें दलितों के अनुसूचित जाति जनजाति के करीब जोड़ें सामान्य वर्ग के करीब से जुड़े शामिल किए सामूहिक विवाह में,0,1,0.9888,0.9587,0.9737,False,False Positive (Hallucination),0.9737
आपको जेल में वेजना चाहिए मुझे आज एक मुसलमान का बलात्कार करना होगा जैसी धमकियों देने के लिए,1,0,0.0166,0.0361,0.0263,False,False Negative (Missed Hate),0.9737
"case kya study karna. usko bada arman tah tihar jane ka, rape kiya chala gaya. chor tangeywala",1,0,0.0271,0.0255,0.0263,False,False Negative (Missed Hate),0.9737
सरकार इस साल अक्टूबर से अरुणोदय योजना लागू करने पर विचार कर रही है। वित्त मंत्री हिमंत बिस्वा सरमा ने कहा कि योजना के तहत लाभार्थी परिवारों को हर महीने रुपये दिए जाएंगे।,1,0,0.0096,0.0431,0.0264,False,False Negative (Missed Hate),0.97360003
रिया चक्रवर्ती विषकन्या और भाई शौविक ड्रग डीलर क्या परिवार है,1,0,0.0103,0.0427,0.0265,False,False Negative (Missed Hate),0.9735
भारत के सैनिकों ने हमें बहुत मारा ! लेकिन घसीटा क्यूं..?? ~ chinese pla,0,1,0.9719,0.975,0.9735,False,False Positive (Hallucination),0.9735
इन सभी लोगों को पाकिस्तानियों समाज के कलंक है कहते हुए देखकर दुख होता है।,1,0,0.0058,0.0473,0.0265,False,False Negative (Missed Hate),0.9735
ptrkaar dalla,0,1,0.9533,0.9938,0.9735,False,False Positive (Hallucination),0.9735
मैं तुम जैसे हिन्दुओं का गाला घोंटने का सोच रहा हूँ,0,1,0.9878,0.959,0.9734,False,False Positive (Hallucination),0.9734
बिहार बाढ़ और कोरोना संकट के बीच नीतीश सरकार ने उठाए बड़े कदम जमीन पर दिख रहा है असर,0,1,0.9833,0.9633,0.9733,False,False Positive (Hallucination),0.9733
राज्य में अनलॉक गाइडलाइन जारीरविवार रात विभाग ने जारी की गाइडलाइन से सितंबर अवधि के लिए जारी की गाइडलाइनकंटेनमेंट जोन में सितंबर तक लॉकडाउन प्रभावी रहेगास्थानीय लॉकडाउन के लिए केंद्र की मंजूरी जरूरीस्कूल कॉलेज कोचिंग सितंबर तक रहेंगे बंद,0,1,0.9817,0.9649,0.9733,False,False Positive (Hallucination),0.9733
मैं महिलाओं के साथ बनाने की कोशिश कर रहा हूँ लेकिन वे बहुत ज्यादा प्रतिकारक हैं,0,1,0.9833,0.9634,0.9733,False,False Positive (Hallucination),0.9733
tuja dana hanla undge,1,0,0.0515,0.002,0.0267,False,False Negative (Missed Hate),0.9733
rdrd,1,0,0.039,0.0144,0.0267,False,False Negative (Missed Hate),0.9733
"बंग्लादेश सरकार ने हर बेरोजगार को कपड़ा उत्पादन से जोड़कर इतिहास रच दिया हम बेरोजगारों को कहते हैं हिंदुत्व खतरे में है,,,",0,1,0.9848,0.9616,0.9732,False,False Positive (Hallucination),0.9732
झुठलर के तलवे चाटते चाटते इन हरामखोरों का भी देश की अर्थव्यवस्था को डुबोने में बराबर की भागीदारी है झुठलर पहले ही एक शातिर डकैत था साथ इन कुत्तों का मिल गया,0,1,0.9908,0.9557,0.9732,False,False Positive (Hallucination),0.9732
"rt : क ऐसी तरकीब बनाऊंगा, टोपी लगा कर सेक्युलर के नाम पर जुम्मनो से वोट कमाऊंगा..!! फिर क्या रिज़र्वेशन जैसी सुविधाएं और न…",1,0,0.0197,0.0341,0.0269,False,False Negative (Missed Hate),0.9731
जून से फिर से पूर्ण लॉकडाउन लागू किया जा सकता है ।,1,0,0.0472,0.0067,0.0269,False,False Negative (Missed Hate),0.9731
अयोध्या में राम मंदिर निर्माण भारत में रामराज्य आने का संकेत है रामराज्य का मतलब है ब्राह्मण राज्य स्थापन करना,1,0,0.0123,0.0417,0.027,False,False Negative (Missed Hate),0.973
मुझे लगता है की किसी को उन समलैंगिक लोगो के गले काट देने चाहिए,0,1,0.9536,0.9923,0.973,False,False Positive (Hallucination),0.973
socialism is so fucking stupid it needs to fucking die out,0,1,0.9898,0.956,0.9729,False,False Positive (Hallucination),0.9729
मैंने कभी ऐसा खाना नहीं खाऊंगा जो किसी निचली जात के व्यक्ति ने छुआ हो,0,1,0.9706,0.9753,0.9729,False,False Positive (Hallucination),0.9729
नाम सना उर्फ़ हीर उर्फ़ परीभैंचो बस दांत इसके गुटके वाले निकल जाए तो अपनी पीठ थपथपा लू की गेस सही किया थाबाक़ी हिम्मत की दाग देनी पड़ेगी यूपी में रह के अपनी नाक के नीचे इतना कुछ बोल गई,1,0,0.006,0.0484,0.0272,False,False Negative (Missed Hate),0.9728
गजब का देश है! एक डॉक्टर को मारा तो पूरे देश के डॉक्टर हड़ताल पर हैं और बिहार में 69 बच्चे मर गये पर कोई हलचल नहीं।,1,0,0.0177,0.0367,0.0272,False,False Negative (Missed Hate),0.9728
aapke sath prank ho rha tha wha dekhiye camera lga h hath hilaiye,0,1,0.9785,0.9671,0.9728,False,False Positive (Hallucination),0.9728
मई तुम जैसे कॉर्पोरेट एकाउंटेंट्स को बेहत नफरत करता हु,1,0,0.0403,0.014,0.0272,False,False Negative (Missed Hate),0.9728
ये तालिबानी भीड़ या अफ़ग़ानिस्तान या की नही है ये के की है और यहाँ संविधान का नही का चलता है।पत्नी के हत्या।आरोपी को पीटपीट कर डाला।ये जो तमाशा देख रहे हरामखोरदोगलेभड़वेकुत्ते सबसे बड़े हिजड़े है।,0,1,0.9874,0.9583,0.9728,False,False Positive (Hallucination),0.9728
"humayun, apne pm se bol ki pehle terrorism khatam kare. puriya duniya me gandagi faila ke rakhi hai pakistan ne.",1,0,0.0128,0.0417,0.0272,False,False Negative (Missed Hate),0.9728
i hope all their farms burn down and their nappy headed children squabble in the angry comments,1,0,0.0108,0.0439,0.0273,False,False Negative (Missed Hate),0.9727
समलैंगिक लोगो का कातिल करना हर किसी के हिट में है,0,1,0.9664,0.979,0.9727,False,False Positive (Hallucination),0.9727
कितने हरामी हैं यह आंतकी अपना काम कर गए औरी सेखी मारने केलिए खुद से एक विडीयो भी नही् बनाया और हम क्या करते है हम हमारे खिलाफ सबूत के तौर पर विडीयो बनाकर खुद को ही फसा ने का काम करते है बस यही फर्क है,1,0,0.0285,0.026,0.0273,False,False Negative (Missed Hate),0.9727
i appears year i are hearing more sh out of your rear ears and i have ample evidence that you believe jack on good faith except when it benefits you the very opening sentence of that book states with the object of this book is to show the circumstances under which the nevada constitution what a slut authored by pennsylvania,1,0,0.0528,0.0018,0.0273,False,False Negative (Missed Hate),0.9727
मैंने कभी ऐसा खाना नहीं खाऊंगा जो किसी महिला ने छुआ हो,0,1,0.9844,0.9609,0.9727,False,False Positive (Hallucination),0.9727
क्या इससे यह स्पष्ट नहीं होता है की अँगरेज़ कचरा हैं,0,1,0.9781,0.9672,0.9726,False,False Positive (Hallucination),0.9726
आरोप है कि एक फ्रॉड ने व्यक्ति से तीन बार वन टाइम पासवर्ड ओटीपी लिया और अकाउंट से लाख गायब हो गए,1,0,0.0286,0.0262,0.0274,False,False Negative (Missed Hate),0.9726
अगर आप मुझसे पूछें तो आपके जैसे समलैंगिक चूहों से बढ़कर कुछ नहीं हैं,0,1,0.9726,0.9723,0.9725,False,False Positive (Hallucination),0.9725
मोहन भागवत का विवादित बयान कहा सेना से पहले दिन में आरएसएस के लोग तैयार हो जाएंगे। अब इसे भेजो पहले बॉर्डर पर ओर बोलो जाओ पाकिस्तान को तबाह करके ही लौटना वर्ना वहीं रह जाना।,1,0,0.0088,0.0461,0.0275,False,False Negative (Missed Hate),0.9725
मुदा करात्तमोदकं सदा विमुक्तिसाधकं कलाधरावतंसकं विलासिलोकरक्षकम्। अनायकैकनायकं विनाशितेभदैत्यकं नताशुभाशुनाशकं नमामि तं विनायकम्।। भक्तजनों को पावन श्री गणेश चतुर्थी की शुभकामनाएं। भगवान विनायक के आशीष से हम सभी अभिसिंचित हों ऐसी कामना है। कोरोना काल में पूजन घर पर ही करें।,1,0,0.0102,0.0447,0.0275,False,False Negative (Missed Hate),0.9725
यह कहने में गलती कहाँ है की आप जैसे अँगरेज़ मरने के लायक है,0,1,0.9774,0.9673,0.9724,False,False Positive (Hallucination),0.9724
छोटी मोटी भ्रष्टाचार टैक्सपेयर कि पैसा बैंक में रखी हुई उसे निकाल लिया सृजन घोटाला मनरेगा में अपनी जात वाले को सचिव बनाकर लाखों करोड़ लूट लिया बिहार भ्रष्टाचार बलात्कार अपराध में नंबर वन एक दरोगा अरबपति हो जाता हैं बाकी की बातें छोड़ दीजिए,0,1,0.9869,0.9579,0.9724,False,False Positive (Hallucination),0.9724
आए दिन कश्मीरी नौजवान और बच्चे पैलेट गन की वजह से आंख की रोशनी खो रहे हैं इसका जिम्मेदार कौन,1,0,0.003,0.0523,0.0276,False,False Negative (Missed Hate),0.9724
aa jiii ye dekhiye khud ko indirectly bah*nchh*d bol raha hy,0,1,0.9675,0.9772,0.9724,False,False Positive (Hallucination),0.9724
यह देश संविधान ताकत जिस में हिंदू को बार बार अपमानित होना पड़ता है बहुसंख्य होने बाद भी हिंदू संविधान की मनाता है कुतुने सारे हिंदू विरोधी कानून होने बाद भी तो समझ नही पाता,0,1,0.9837,0.9608,0.9723,False,False Positive (Hallucination),0.9723
i do it because your silent screams hoodoo much,1,0,0.0421,0.0134,0.0277,False,False Negative (Missed Hate),0.9723
देखना पड़ेगा जी जी किया या नहीं जिओ एयरटेल को लाभ पहुंचाने के लिए खुलेआम लूट की खेल हो रही है मैं प्राइवेट नेटवर्क को पेमेंट करती हूं आत्मा दुखी हो जाती है मैं यह जानते हुए पेमेंट करती हूं पैसा करप्शन की भेंट चढ़ रही है सरकारी नेटवर्क को पेमेंट करती पैसा वापस अपने पास आती,1,0,0.0177,0.0378,0.0277,False,False Negative (Missed Hate),0.9723
रक्षा क्षेत्र में बड़ी कामयाबी भारत ने हाइपरसोनिक टेक्नोलॉजी हासिल की ऐसा करने वाला दुनिया का चौथा देश साल में देश में ही बनेंगी हाइपरसोनिक मिसाइल,0,1,0.9876,0.9571,0.9723,False,False Positive (Hallucination),0.9723
i love the idea of welcoming every single refugee,0,1,0.9877,0.9567,0.9722,False,False Positive (Hallucination),0.9722
साला हद तो ये है कि कल वे भी बेरोजगार दिवस मना रहे थे जिनकी शेरनियां शाहीन बाग में घोड़ी बनकर रुपया रोज का कमा रही थी,0,1,0.99,0.9543,0.9722,False,False Positive (Hallucination),0.9722
पड़ोसी आपके बेटे की अचानक शादी कैसे टूट गयी पिता किसी कमीने ने अफवाह फैला दी कि वो कांग्रेसी है,1,0,0.0293,0.0262,0.0278,False,False Negative (Missed Hate),0.9722
bhai tu masi rape case se reha hogaya? sach sach bata lagta tu nahi tu aesa kar skayga …,1,0,0.0094,0.0463,0.0279,False,False Negative (Missed Hate),0.9721
bharat me rahne wale bhartio par goli chala rhe hai sarkar rape kar rhe hai or kya kar rhe hai,1,0,0.0195,0.0364,0.0279,False,False Negative (Missed Hate),0.9721
मैंने आपके लिए सारा सम्मान खो दिया जब आपने कहा कि मेरे जैसी निचली जात के लोग घिनौना हैं।,1,0,0.0412,0.0146,0.0279,False,False Negative (Missed Hate),0.9721
हॉकी के जादूगर पद्म भूषण मेजर ध्यानचंद जी की गौरवपूर्ण स्मृति को समर्पित राष्ट्रीय खेल दिवस के अवसर पर खेल की विभिन्न विधाओं में वैश्विक मंचों पर भारत की गरिमा वृद्धि करने वाले सभी खिलाड़ियों के प्रति सादर कृतज्ञता ज्ञापन। नवोदित खिलाड़ियों को उज्ज्वल भविष्य की शुभकामनाएं।,1,0,0.0099,0.0461,0.028,False,False Negative (Missed Hate),0.972
मेरे दिल में आप हिन्दुओं के लिए कोइ नफरत नहीं है,1,0,0.0097,0.0464,0.028,False,False Negative (Missed Hate),0.972
दिल्ली की लिस्ट है या लाहौर की आम आदमी पार्टी की दिल्ली विधानसभा की पहली लिस्ट शेयर करे और देखे केजरीवाल उर्फ केजरुद्दीन जो दिल्ली को किस तरह स्व पाकिस्तान बनाना चाह रहे है सब आपके सामने है उनके विधायको की पहली लिस्ट जागो हिन्दू जागो,1,0,0.007,0.0492,0.0281,False,False Negative (Missed Hate),0.9719
"fraud,rape, karke jayega to aisa hi bolenge ...ab wo ashram ho ya rampal",1,0,0.043,0.0132,0.0281,False,False Negative (Missed Hate),0.9719
प्रणब मुखर्जी ने प्रार्थियों से जुड़ी दया याचिकाओं को खारिज कर दिया प्रणब से पहले राष्ट्रपति रहीं प्रतिभा पाटिल ने सबसे ज्यादा लोगों को फांसी के फंदे से बचाया था प्रणब ने सिर्फ सात की फांसी की सजा माफ की,0,1,0.9821,0.9614,0.9718,False,False Positive (Hallucination),0.9718
जब आंखें मूंदकर ट्रेंड करवाते हैं तो यही होता है और यह सब कांग्रेस ने ही किया है स्टूडेंट्स तो सिर्फ इस्तेमाल हुए है। अगर स्टूडेंट्स आवाज उठाते तो इतनी बड़ी गलती नहीं होती। को बना दिया। अक्ल के आलू से सोना नहीं बनेगा आउल के चमचों,1,0,0.027,0.0293,0.0282,False,False Negative (Missed Hate),0.97179997
पूर्व विधायक कुलदीप सिंह को मिली जमानत क्या यह वही bjp विधायक है जिसने पूरा एक हस्ता खेलता हिन्दू परिवार बर्बाद कर दिया और तथाकथित हिन्दू रक्षक वाले मुँह में केला लेकर चुप बैठ गए???,0,1,0.9902,0.9531,0.9717,False,False Positive (Hallucination),0.9717
अर्नब गोस्वामी से पत्रकारिता जगत को उतना ही फायदा होता है जितना मुख्तार अब्बास नकवी से मुसलमानों का. #arrestantiindiaarnab,1,0,0.0097,0.0469,0.0283,False,False Negative (Missed Hate),0.9717
हा सेंगर और चिन्मयंनद तो भगवान है साले रेपिस्ट कहीं के उनके टाइम क्यू मुंह में दही जाम जाती है तुम जैसे लोगों की,1,0,0.0045,0.0522,0.0283,False,False Negative (Missed Hate),0.9717
usne sitting cm bola... aur kejriwal uss time cm nhi tha jab pehle jail gya... (kbhi kbhi german shepherd thik bhi bhok leta hai),1,0,0.0089,0.0479,0.0284,False,False Negative (Missed Hate),0.9716
dar ka ma ka bhosra,0,1,0.9617,0.9816,0.9716,False,False Positive (Hallucination),0.9716
देश का oppositionभड़वे लोगों kut..कमीनी इतना क्यों जलतेहो bjp&amp;rss se. देशका विपक्ष रोज बेरोजगारहो गया है इसीलिए दिन भर रोता रहता है दिन रात सोते जागते सिर्फ modiji का नाम एक कमीनों तुमको सपनेमें भी modiji आएंगे और सबसे बड़ा देशका गद्दार जो है वह तो दिन-रात माला जपता. jhjb,1,0,0.0104,0.0464,0.0284,False,False Negative (Missed Hate),0.9716
terrorism tum logo nay phailya hua kashmir mai hum nay nahe daily kashmiri shaheed karna kaha ke insaniyat hai ?,1,0,0.0297,0.0271,0.0284,False,False Negative (Missed Hate),0.9716
kya. tu. haram. ki olad. hai,0,1,0.9592,0.984,0.9716,False,False Positive (Hallucination),0.9716
अँगरेज़ सबसे बरुए होते हैं,0,1,0.9649,0.9782,0.9715,False,False Positive (Hallucination),0.9715
स्वस्थ आदमी को कोरोना पेशेंट बता कर अब तक लोगो का किडनी निकाल कर हत्या करने वाला डॉ देवेन्द्र शर्मा गिरफ्तार ऐसे ना जाने कितने डॉ हमारे आपके बीच मे है जिससे हमलोगो को सतर्क रहना होगा और अपने लोगो का ख्याल रखना होगा किसी भी स्वस्थ इन्शान की कोरोना से मौत होती है तो डॉ द्वरा लपेटे हुवे बॉडी को दूर से ही सही पर चैक जरूर करे,1,0,0.0056,0.0513,0.0285,False,False Negative (Missed Hate),0.9715
gravity? gravity gyi ma ch*d*ne aisi koi chiz hi nhi hoti,0,1,0.9785,0.9645,0.9715,False,False Positive (Hallucination),0.9715
मुझे लगता है की ज्यादातर पाकिस्तानी दिमागी रूप से कमजोर हैं,0,1,0.9538,0.9891,0.9715,False,False Positive (Hallucination),0.9715
इन समलैंगिक लोगो की तरह कोई और गदा नहीं है,0,1,0.9585,0.9844,0.9715,False,False Positive (Hallucination),0.9715
"एक और #देशद्रोही मिला। गुजरात से नकली नोटों का भंडार पकड़ा गया और ईमानदार #संघ_समर्थक_श्री_केतन_दवे की कार से मिला ये नकली नोटो का जखीरा। इनसे बड़ा भी कोई देशद्रोह हो सकता है क्या? ये तो देश की अर्थवयवस्था को ही निगल रहे थे, इनको क्या सजा मिलनी चाहिए?",1,0,0.026,0.0313,0.0286,False,False Negative (Missed Hate),0.9714
i am not a fan of but i would give my left nut to see mama ta smack the fuck out of feku shakachhaap,1,0,0.0363,0.0209,0.0286,False,False Negative (Missed Hate),0.9714
कोरोना के बढ़ते मामले और दूसरी ओर त्यौहार सुरक्षा को लेकर क्या है आपकी सोच,1,0,0.0201,0.0373,0.0287,False,False Negative (Missed Hate),0.9713
"ये मुल्ले सिंदूर लगाने को हराम,एक्टिंग को हराम,हिन्दू से मुस्लिम युवती शादी कर ले तो वो हराम। पर कभी इन दल्ले मुल्लो को लव जिहाद, लैंड जिहाद, आतंकवादी और पत्थरबाज के खिलाफ नहीं देखा। क्या इस्लाम में जायज़ है।",0,1,0.9863,0.9563,0.9713,False,False Positive (Hallucination),0.9713
यूएन के द्वारा वीं सदी का यह सबसे बड़ा जनोसाइड है पर क्या मजाल है कि किसी मुस्लिम या लिब्रांडू ने इसके बारे में छापा हो इस्लाम में शांति लाने के लिए गैर मुस्लिमों को मारा जाता है यह इसका सबूत है,0,1,0.9844,0.9579,0.9712,False,False Positive (Hallucination),0.9712
लोक डाउन corona महामारी में भी मा.वामन मेश्राम साहेब नहीं रुके लोगो के अधिकार के लिए लगातार आंदोलन शुरू रखा है। भारत की जनता जाग चुकी है अपना अधिकार मांग रही है। लेकिन आरएसएस की मीडिया लगातार राम मंदिर के सिवा कुछ नहीं दिखा रही है #राममंदिर_का_पोस्टमार्टम,1,0,0.0147,0.043,0.0288,False,False Negative (Missed Hate),0.9712
मुसलमान को नेता बनाओ या उपराष्टपति ये अपनी जिहादी गंदगी कभी नही छोडते इसी सूअर की औलाद इमरान हुसैन ने कहा था कि पेडों को बचाने के लिए हिन्दुओं को दाहसंस्कार सीएनजी या बिजली से करवाना चाहिए जबकि ये सूअर के मरने के बाद भी जगहों को बरबाद करते है कब्र के नाम पर,0,1,0.9851,0.957,0.9711,False,False Positive (Hallucination),0.9711
if you cannot see that african activity then you are clearly not trying to,0,1,0.9852,0.957,0.9711,False,False Positive (Hallucination),0.9711
"लूट - हत्या - बलात्कार तो रोक नहीं रहे, पत्रकारों को धमका रहे हैं। उप मुख्यमंत्री जी का बयान निंदनीय है। वो पत्रकारों और प्रदेश की जनता से माफी मांगे।",1,0,0.0299,0.0279,0.0289,False,False Negative (Missed Hate),0.9711
हफ़्ता वसूली करने वाले गुंडे की तरह बर्ताव कर रही है उत्तरप्रदेश पुलिस। घूस ना देने पर जौनपुर में यूपी पुलिस ने महिलाओं तक को नहीं छोड़ और बर्बरता से पीटा। क्या ये है रामराज्य,1,0,0.0324,0.0254,0.0289,False,False Negative (Missed Hate),0.9711
मुझे सब निचली जात के लोगों से घ्रिण है,0,1,0.9637,0.9786,0.9711,False,False Positive (Hallucination),0.9711
khalistan ki maa ka chodh yaar,0,1,0.9943,0.9477,0.971,False,False Positive (Hallucination),0.971
yeah so you better dance with me then you,1,0,0.017,0.0409,0.029,False,False Negative (Missed Hate),0.971
maa chudo sb,0,1,0.9864,0.9557,0.971,False,False Positive (Hallucination),0.971
समलैंगिक मेरे लिए कचरा हैं,0,1,0.9747,0.9671,0.9709,False,False Positive (Hallucination),0.9709
मैंने गृह मंत्रालय को नेशनल असेंबली में शारीरिक शोषण के खिलाफ हमारे मसौदा कानून पेश करने की प्रक्रिया में तेजी लाने का निर्देश दिया है किसी भी सभ्य लोकतांत्रिक समाज में शारीरिक शोषण के लिए कोई जगह नहीं यह इस्लाम की भावना पाकिस्तान के संविधान अंतरराष्ट्रीय कानूनी संधियों के खिलाफ,0,1,0.9869,0.955,0.9709,False,False Positive (Hallucination),0.9709
मुझे मुसलमानों से नफ्त है,0,1,0.9569,0.985,0.9709,False,False Positive (Hallucination),0.9709
कल स्वतंत्रता दिवस के अवसर पर तिरंगे को छोड़करनीला झंडा फहरायापुलिस पहुंच गई और अपना डंडा लहराने लगी।,0,1,0.9802,0.9617,0.9709,False,False Positive (Hallucination),0.9709
mountain ki making chu*,0,1,0.9683,0.9732,0.9708,False,False Positive (Hallucination),0.9708
महंगे डिज़ाइनर ब्रांड्स बकवास होते है,0,1,0.983,0.9586,0.9708,False,False Positive (Hallucination),0.9708
"इसपर साले पर लट्ठ बजे तकड़े वाला, जेहादी सुअर।",1,0,0.0159,0.0426,0.0292,False,False Negative (Missed Hate),0.9708
"जायरा वसीम ने बॉलीवुड से सन्यास ले लिया तो गोदी मीडिया को इतनी फिकर । और मासूम बच्चे मर गए बीमारी में ,और न जाने कितनों को मोत हो गई मोबलिंचिंग के वजह से तब इन गोदी मीडिया वालों की बोलती बंद हो जाती है।",1,0,0.0068,0.0518,0.0293,False,False Negative (Missed Hate),0.9707
मैं उन समलैंगिक लोगो को हसाने जा रहा हूँ,1,0,0.0306,0.0281,0.0293,False,False Negative (Missed Hate),0.9707
"आत्मा गिरवी ? - ये धंधा भी करते हो क्या पाखंडी आदमी बच्ची के नाम पर खिलवाड़ का जो धंधा तुमने चलाया है उसे मक्कारी कहते हैं बच्ची को तुमने नहीं लोकल लोगों ने बचाया था, तुमने झूठा क्रेडिट लिया अपनी फ्लॉप फ़िल्म के नाम पर बच्ची का नाम रखना शर्मनाक भी था और छिछोरा भी",1,0,0.0165,0.0421,0.0293,False,False Negative (Missed Hate),0.9707
congress hindu terrorism ki baat krti thi khun kholta tha lekin jaat aarkshan aur karni sena pardarshan k bad india taliban banane ja rha h,1,0,0.0285,0.0303,0.0294,False,False Negative (Missed Hate),0.9706
newtown ki maa ki chut,0,1,0.9814,0.9598,0.9706,False,False Positive (Hallucination),0.9706
gift me rape nai karwana chaye that at least . wese b heejra baap nai hota.,1,0,0.0247,0.0344,0.0296,False,False Negative (Missed Hate),0.9704
democrats plan working face with tears of joy,1,0,0.0047,0.0544,0.0296,False,False Negative (Missed Hate),0.9704
retweet please sign this petition retweet bani slam,1,0,0.0051,0.0541,0.0296,False,False Negative (Missed Hate),0.9704
bete khoon hindu hi h......... bhulo mat converter ho saaalo......na tum muslaman me ho na hinduo me ho saale...... phle dharma soda kiya tha aage bi karoge...ruko din pass me aa hi rhe h,0,1,0.9501,0.9908,0.9704,False,False Positive (Hallucination),0.9704
ब्रिटेन के प्रधानमंत्री बोरिस जॉनसन ने यूरोपीय संघ को व्यापार समझौते के लिए अक्टूबर तक का समय दिया है,0,1,0.9876,0.9531,0.9704,False,False Positive (Hallucination),0.9704
budhe rape delhi ki sarko pe hota hai,1,0,0.0329,0.0265,0.0297,False,False Negative (Missed Hate),0.9703
मेरे विचार में उन प्रकार की महिलाओं को निष्पादित किया जाना चाहिए,0,1,0.9872,0.9534,0.9703,False,False Positive (Hallucination),0.9703
कोलकाता का यह दृश्य ये बांग्लादेश रिफ्यूजी हैं उनके पास कोई नागरिकता नहीं है अगर वे नागरिकता के बिना भी ऐसा करने का साहस करते हैं तो उन्हें नागरिकता देने के बाद क्या होगा भगवान बचाए।,1,0,0.0374,0.0223,0.0298,False,False Negative (Missed Hate),0.9702
5 + mountain dew aur dar ki maa chuta,0,1,0.9652,0.9752,0.9702,False,False Positive (Hallucination),0.9702
एक ऑडियो क्लिप में पुलिस को दिन के लॉकडाउन को लागू करने के लिए सख़्त कदम उठाने की बात कही गई है वहीं दूसरी क्लिप में दावा किया गया है कि मार्च के बाद से भारत में कोरोनावायरस मामलों में तेजी से वृद्धि देखी जाएगी।,1,0,0.012,0.0475,0.0298,False,False Negative (Missed Hate),0.9702
#हाफ़िज़_सईद को #पाकिस्तान की जनता ने नकार दिया #प्रज्ञा_ठाकुर को #भारत की जनता ने जिता दिया #कट्टरवादी कहां के लोग हैं खुद समझ लीजिए,1,0,0.0095,0.05,0.0298,False,False Negative (Missed Hate),0.9702
goo khalo dono,1,0,0.0065,0.0534,0.0299,False,False Negative (Missed Hate),0.9701
इन अंग्रेज़ों की तरह कोई और गन्द नहीं है,0,1,0.9561,0.9841,0.9701,False,False Positive (Hallucination),0.9701
संविधान संशोधन में संसद की सीमाएं तय करने वाले फैसले के याचिकाकर्ता केशवानंद भारती का रविवार सुबह निधन हो गया। वे वर्ष के थे। मे उन्ही की याचिका पर जजों की पीठ ने संविधान के मूल ढांचे का सिद्धांत दिया था और कहा था संविधान संशोधन कर इसे नहीं बदला जा सकता।,1,0,0.0087,0.0513,0.03,False,False Negative (Missed Hate),0.97
मोदी सरकार की नासमझी नीतियों और कोरोना को नियंत्रित करने में नाकामी ने भारत को एक अभूतपूर्व आर्थिक और स्वास्थ्य संकट में धकेल दिया है। फिर भी सरकार केवल झूठ बोलती है और वास्तविक मुद्दों से ध्यान हटाने की कोशिश करती है।,0,1,0.9881,0.952,0.97,False,False Positive (Hallucination),0.97
सिंगरौली के विभिन्न क्षेत्रों में ऑक्सीजन जांच अभियान जारी।,1,0,0.0541,0.0062,0.0301,False,False Negative (Missed Hate),0.9699
तुम जैसे हिन्दू ही हमारे समाज कोअशुध बनाते है,0,1,0.9793,0.9606,0.9699,False,False Positive (Hallucination),0.9699
शाहीन बाग में फिक्स रेट है या मोलभाव भी होता है आज तो मे आगे वाली लाईन मे ही बैठुगी मौलाना आगे वाली की तरफ ज्यादा देखता हैं,1,0,0.0068,0.0536,0.0302,False,False Negative (Missed Hate),0.9698
में अगर पिंकी रायबरेली से चुनाव लड़े तो उसके सामने कंगना रनौत को उतार दो उसकी सारी राजनीति उसकी दादी की नाक में घुसेड़ देगी,1,0,0.025,0.0354,0.0302,False,False Negative (Missed Hate),0.9698
खाली बोलेंगे या जमीन पर उतर कर कुछ करेंगे जब तक जमीन पर उतर कर कुछ नहीं करेंगे बोलने से कोई फायदा नहीं आप लोग तो कोशिश करो कि जमीन पर उतरे बहुत चिंताजनक भारत की हालात सीरिया लीबिया तुर्की से भी भारत की बदतर हालात लोग को जानवर की तरह मार दी जाती है,1,0,0.0211,0.0392,0.0302,False,False Negative (Missed Hate),0.9698
हमें अंग्रेज़ों का प्रोत्साहन करना चाहिए,1,0,0.0255,0.035,0.0303,False,False Negative (Missed Hate),0.9697
इन दलितों की तरह कोई और गदा नहीं है,0,1,0.9564,0.9829,0.9697,False,False Positive (Hallucination),0.9697
बॉलीवुड में हो सकता है अनुराग जैसे और भी गंदे व कमीनी लोग हो इन लोगों की भी जांच हो और बॉलीवुड में से ऐसी गंदी गटर साफ हो अरे शर्म करो बॉलीवुड क्या-क्या करते हैं बॉलीवुड में धिक्कार है ऐसे लोगों पर #arrestanuragkashyap link,1,0,0.0048,0.0559,0.0303,False,False Negative (Missed Hate),0.9697
निशा सिंह भक्तों को यही मालूम नहीं है कि आईपीएल क्या होता है इन कुत्तों को सिर्फ यही मालूम है हिंदू-मुस्लिम बस और लगता है और जितने भगत है ना उनके घर का गेट रात को खुला रहता ह तभी तो आदित्य विनायक जैसी औलादे पैदा होती है ना,1,0,0.0067,0.0542,0.0304,False,False Negative (Missed Hate),0.9696
bahenke,1,0,0.0065,0.0544,0.0304,False,False Negative (Missed Hate),0.9696
इस तस्वीर में जो आलीशान सोहफे और विश्वस्तरीय इंटीरियर डिजाइन हैं यह किसी का ड्राइंग रूम नहीं है यह देश के के लिए खरीदा गया बोइंग वीवीआइपी एयरक्राफ्ट है ।अपने आप को जनता का सेवक और चौकीदार कहने वाला कितना विलासिता पूर्ण जीवन जीने का आदी हो चुका है ।,1,0,0.0127,0.0483,0.0305,False,False Negative (Missed Hate),0.9695
वेद पूराण कौन से कालेज में पढ़ाया जाता है क़ुरान पढ़ने के लिए यूनिवर्सिटी है भारत में विचार कीजिये,0,1,0.9765,0.9624,0.9695,False,False Positive (Hallucination),0.9695
उर्वरक विभाग से सितंबर तक स्वच्छता पखवाड़ा मना रहा है महामारी के प्रकोप को देखते हुए इस वर्ष स्वच्छता पखवाड़ा और भी महत्वपूर्ण केंद्रीय मंत्री,0,1,0.9877,0.9514,0.9695,False,False Positive (Hallucination),0.9695
i have never been called a nazi before,0,1,0.9915,0.9471,0.9693,False,False Positive (Hallucination),0.9693
मोदी तेरे राज में युवा रहा पुकार मैं भी बेरोजगार हां मैं भी बेरोजगार,1,0,0.0062,0.0552,0.0307,False,False Negative (Missed Hate),0.9693
"पलायन को प्रशासनिक अफसर समझ रहे हैं, मगर अपनी गर्दन फंसती देख मुद्दे से लोगों को भटका रहे हैं। हिंदुओं द्वारा लगातार की गई शिकायतों के बावजूद पुलिस द्वारा जिहादियों पर कार्यवाही नहीं की गई। प्रशांत कुमार अपनी फजीयत बचाने के लिए मुद्दे को दबा रहे हैं।",0,1,0.9835,0.955,0.9693,False,False Positive (Hallucination),0.9693
maaaaamotherchod,0,1,0.9479,0.9904,0.9692,False,False Positive (Hallucination),0.9692
पूर्व राष्ट्रपति भारत रत्न श्री प्रणब मुखर्जी जी के निधन का समाचार सुनकर अत्यंत दुःख हुआ। वह प्रज्ञावान और कार्य क्षमता वाले थे। उनके परिवार मित्रों के प्रति मेरी संवेदनाएं हैं। ॐ शांति,1,0,0.0206,0.0409,0.0308,False,False Negative (Missed Hate),0.9692
भारतीय पुलिस द्वारा उत्तर प्रदेश में मुस्लिमों की तबाही,1,0,0.0443,0.0173,0.0308,False,False Negative (Missed Hate),0.9692
अगर आप मुझसे पूछें तो आपके जैसे दलित चूहों से बढ़कर कुछ नहीं हैं,0,1,0.9755,0.9628,0.9692,False,False Positive (Hallucination),0.9692
हमारे देश का एक पड़ा लिखा तबका जिसको 526 करोड़ का राफेल विमान 1670करोड़ में लेना सही लगता है वो भी सिर्फ इसलिए कि वो मोदी ने लिया है तो यकीन मनिए दोस्तो ये गुलामी की ओर बढ़ रहे है आने वाले समय में इसका नुकसान पूरे देश को उठाना पड़ेगा,1,0,0.0111,0.0506,0.0308,False,False Negative (Missed Hate),0.9692
your comments are always gay writing in all caps is gay your picture is gay you are a puss you can say whatever you want there is a reason why the only person every liking your comments is yourself,1,0,0.0372,0.0247,0.0309,False,False Negative (Missed Hate),0.9691
सुअर का मीट खाओ ओर मक्का में जाओ तब पता लगेगा शेर शाकाहारी है या मांसाहारी,1,0,0.0121,0.0497,0.0309,False,False Negative (Missed Hate),0.9691
हरियाणा के शिक्षा एवं वन मंत्री कंवर पाल गुर्जर ने कहा कि प्रकृति की रक्षा करने के लिए जनांदोलन चलाना होगा। इस आंदोलन में हमारे देश के युवाओं की भागीदारी बहुत ही जरूरी है। श्री गुर्जर पौधारोपण व पर्यावरण मित्रों के कार्यक्रम को बतौर मुख्यातिथि संबोधित कर रहे थे।,1,0,0.0562,0.0057,0.0309,False,False Negative (Missed Hate),0.9691
up sarkaar kya kisi ne bhi rape jaise crime ke liye koi bada kadam nahi uthaya hai aise log sirf bolte hai,1,0,0.0211,0.0407,0.0309,False,False Negative (Missed Hate),0.9691
"चल फुट गद्दार। साला खुद को indian बोलता है और रंडी रोना सिर मुसलमानों के लिए मचाये रहता है। तेरे जात भाई तो जैसे सब दूध के धुले हैं, फरिश्ते हैं? भाग पाकिस्तानी।",1,0,0.0179,0.044,0.031,False,False Negative (Missed Hate),0.969
मेरे मैं में इन समलैंगिक लोगो के लिए न फ र त के अलावा कुछ नहीं है,0,1,0.9583,0.9796,0.969,False,False Positive (Hallucination),0.969
"अभिनेत्री जायरा ने 'इस्लाम में अभिनय हराम' बता फिल्में छोड़ीं। तो क्या मीना, मधुबाला, सायरा, शबाना, सलमान, शाहरुख आदि-आदि सभी के सभी 'हरामी' हैं ?",0,1,0.9815,0.9565,0.969,False,False Positive (Hallucination),0.969
बेईमानी से प्राप्त की हुई सत्ता है evm की घपलेबाजी से बनी मोदी सरकार है कौन नही जानता ये चुनाव आयोग और मोदी सरकार की मिलीभगत है अगर मोदीजी मे हिम्मत है तो एक राज्य यू.पी का चुनाव बैलट पेपर से कराले है हिम्मत?,0,1,0.9814,0.9564,0.9689,False,False Positive (Hallucination),0.9689
जब सरकार हिटलर शाही हो जाए और शैक्षिणिक संस्थानों को जालिया वाला बाग बना दे धर्मों की आज़ादी छीन ले बोलने की आज़ादी छीन ले मांगों की आज़ादी छीन लेसरकार के खिलाफ आवाज़ उठाने की आज़ादी छीन ले मीडिया की आज़ादी छीन ले तब दल्ले पत्रकार आज़ादी मांगी नही छीन कर ही ली जाती है ।,0,1,0.986,0.9518,0.9689,False,False Positive (Hallucination),0.9689
जीडीपी डेटा का ऐलान आज हो सकती है भारतीय अर्थव्यवस्था की सबसे खराब तिमाही,0,1,0.9871,0.9504,0.9688,False,False Positive (Hallucination),0.9688
media kya jane ruhani duniya ko isko to rape k bina kuchh dikhta hi nai,1,0,0.0304,0.032,0.0312,False,False Negative (Missed Hate),0.9688
गाली खाने के मामले में नंबर सीएम बने उद्धव ठाकरे। नंबर पर खिसके दिल्ली के सीएम।,1,0,0.0075,0.0549,0.0312,False,False Negative (Missed Hate),0.9688
महाराष्ट्र में साल सत्ता में रही बीजेपी हुक्का के जरिए बहुत पैसा कमाई सारे ड्रग्स माफिया के साथ बीजेपी के मंत्री विधायक पूर्व मुख्यमंत्री के सांठगांठ पैसा आने में देरी हो गई होगी क्योंकि महाराष्ट्र में इसकी सरकार रही नहीं तो केंद्र की अपनी सरकार अपनी सुप्रीम कोर्ट के डर दिखाई,0,1,0.9917,0.9459,0.9688,False,False Positive (Hallucination),0.9688
retweet kat live the king robert joffrey of mr,1,0,0.0232,0.0393,0.0312,False,False Negative (Missed Hate),0.9688
tihardi sudhir chaudhri main itna hi khaonga aaaathu tere moonh prgaand jali tu kya bola haajmola haajmola,0,1,0.9502,0.9871,0.9687,False,False Positive (Hallucination),0.9687
सीएम केजरीवाल ने डेंगू के खिलाफ हफ्ते दस बजे मिनट अभियान को किया शुरू,1,0,0.0371,0.0255,0.0313,False,False Negative (Missed Hate),0.9687
"rt : किसको-किसको लगता है कि राहुल गाँधी का नारा ""चौकीदार चोर है"" बिल्कुल सही था !",1,0,0.0091,0.0538,0.0314,False,False Negative (Missed Hate),0.9686
आने वाला एक बेहतरीन उत्तरप्रदेश आज के महाराष्ट्र के साथ!!,1,0,0.0034,0.0595,0.0314,False,False Negative (Missed Hate),0.9686
ghattia aurat,1,0,0.0031,0.0597,0.0314,False,False Negative (Missed Hate),0.9686
छोड़ना को पड़ेगा काफी महंगा जानिए कितनी है उनकी सैलरी जो अब नहीं मिलेगी,1,0,0.0202,0.0425,0.0314,False,False Negative (Missed Hate),0.9686
दि आप ऑटोमेटेड टेलर मशीन एटीएम पर दो बार कैंसल बटन दबाते हैं तो यह किसी को भी आपके पिन नंबर को चोरी करने से रोक सकता है। यह भारतीय रिजर्व बैंक आरबीआई से परामर्श है।,1,0,0.0161,0.047,0.0315,False,False Negative (Missed Hate),0.9685
महाराष्ट्र में 5 साल सत्ता में रही बीजेपी हुक्का के जरिए बहुत पैसा कमाई सारे ड्रग्स माफिया के साथ बीजेपी के मंत्री विधायक पूर्व मुख्यमंत्री के सांठगांठ पैसा आने में देरी हो गई होगी क्योंकि महाराष्ट्र में इसकी सरकार रही नहीं तो केंद्र की अपनी सरकार अपनी सुप्रीम कोर्ट के डर दिखाई,0,1,0.9916,0.9455,0.9685,False,False Positive (Hallucination),0.9685
खैरात पर पलने वाले पंचारिया तु कब से खेती करने लगा बे bsdk साले दंगाई आग लगाने के सिवा कुछ करते हों मदरसा छाप जाहिल चुप बैठ,1,0,0.0198,0.0433,0.0315,False,False Negative (Missed Hate),0.9685
sve them on me,1,0,0.0523,0.0109,0.0316,False,False Negative (Missed Hate),0.9684
का अंदरूनी कलह अब खुलकर सतह पर आने लगा है और एक अंग्रेज ने बनाई हुई पार्टी का अंत एक विदेशी महिला द्वारा ही संपन्न होगाऐसा दिखाई पड़ रहा है। कि त्यागमूर्ति का नकाब ओढ़ने वाली विदेशी महिला के कारण के इस पुरानी राजनैतिक पार्टी का अंत आ गया है।,0,1,0.9887,0.9479,0.9683,False,False Positive (Hallucination),0.9683
दिल्ली सहित शहरों में मेट्रो सर्विस शुरू यात्रा से पहले इन चीजों का ध्यान रखें,0,1,0.984,0.9526,0.9683,False,False Positive (Hallucination),0.9683
"गाय माता है अच्छी बात है गंगा माता है अच्छी बात है, धरती माता है अच्छी बात है साले जब हर जगह बाप को छुपाओगे तो शक़ तो होगा ही जनता को ?",1,0,0.0214,0.042,0.0317,False,False Negative (Missed Hate),0.9683
db just you leave it alone you snobinavian then do it an intelligent person me took time to improve the page and you removed it look how ridiculous it appears a scandinavian who should be editing volvo saab info is removing information from the db section when he knows little or nothing about that engine then questions an owner of more than one db engine block heads and then raises an issue about an internet protocol contributor ok listen there dungeon you edit all the honda stuff you want just leave the db alone i do not have a wiki account because i do not see the sense in spending all that time for free some of us are not receiving money from their nordic governments i have been adding to wiki for years everyone remembers my ip and know that when i make an edition it is correct period so um could you be a sweetie and undelete my work pretty please with surstromming on top tack ps as time progresses i will be making more db improvements so everyone tries not to be upset when the list grows,0,1,0.9762,0.9603,0.9682,False,False Positive (Hallucination),0.9682
डिप्रेशन के दौरान अगर कोई शख्स ड्रग्स लेता है तो इसका क्या अंजाम होता है क्या कहते हैं एक्सपर्ट,1,0,0.0419,0.0217,0.0318,False,False Negative (Missed Hate),0.96819997
durva rathi ab kaha uski ma chhhhhhuudddwwww raha h,1,0,0.0041,0.0595,0.0318,False,False Negative (Missed Hate),0.96819997
साले बिन पेंदी के लोटे हैंचतुर देवी,1,0,0.0083,0.0553,0.0318,False,False Negative (Missed Hate),0.96819997
भारत मूर्खो का देश है जहाँ सरकार लोगों के पीने के पानी पर नहीं बल्कि ढोंगी और पाखंडियो के शाही स्नान पे करोड़ो खर्च करती है,0,1,0.9814,0.9548,0.9681,False,False Positive (Hallucination),0.9681
संजय निरुपम का राउत पर निशाना कहा कंगना पर बयान शिवसेना की नीचता,0,1,0.9835,0.9527,0.9681,False,False Positive (Hallucination),0.9681
देखिये छिबरामऊ में कैसे उत्तर प्रदेश की पुलिस सरकार के आदेश पर पूर्णतः लोकतंत्र के दमन पर उतारू है अंग्रेज के नाजायज संतान के हाथ में देश परदेश अंग्रेज जो पुलिस से अत्याचार ना करा पाई उससे अधिक अंग्रेज के संतान करा रहे हैं,0,1,0.9834,0.9528,0.9681,False,False Positive (Hallucination),0.9681
मुझे सब हिजड़ों से गिहंण है,0,1,0.9447,0.9914,0.9681,False,False Positive (Hallucination),0.9681
सुशांत सिंह की आत्महत्या की केस जांच नहीं हो रही है पूरी सिस्टम न्यायपालिका तक आप की सरकार को घेर कर गिराने के षड्यंत्र में काम कर रही है रातों की रानी पूरे महाराष्ट्र के नागरिक को पाकिस्तानी बता देती है फिर भी समझ नहीं पा रहे हैं मीडिया बीजेपी सरकार की षड्यंत,0,1,0.9863,0.9499,0.9681,False,False Positive (Hallucination),0.9681
मोतिहारी रेलवे स्टेशन पर कल किलो कुत्ते का मास पकडा गया जो जयसवाल बच्चन और मोतिहारी की होटल मे सप्ल्य किया जा रहा था।,1,0,0.0145,0.0495,0.032,False,False Negative (Missed Hate),0.968
नॉबेल विजेता टेरेसा ने की भोपाल गैस त्रासदी के बाद यूनियन कार्बाइड का समर्थन किया था वो मार्गरेट थेचर और रोनाल्ड रीगन जैसों की सरकार का समर्थन करती थीं उन्होंने निकारगुआ जाकर वहाँ के कॉण्ट्राज का समर्थन भी किया था,0,1,0.9735,0.9625,0.968,False,False Positive (Hallucination),0.968
और निभाई भाई चारा जब मजीद से पहले मंदिर था ये इश ओवशी के पर बाबा तक जानते होंगे पर ये साले इस्लाम के नाम पर कभी नहीं सोचेगए,0,1,0.9875,0.9486,0.968,False,False Positive (Hallucination),0.968
और ये कमीना बोर्नविटा क्विज़ कॉन्टेस्ट समझता है संसद को,0,1,0.9908,0.945,0.9679,False,False Positive (Hallucination),0.9679
जानेमाने बैंकर उदय कोटक बोले बिजली डिमांड और वाहनों की बिक्री के आंकड़े हमारी अर्थव्यवस्था की ताकत बताते हैं लेकिन मांग पहले जैसी हुई तो ये चुनौती होगी,0,1,0.9832,0.9523,0.9678,False,False Positive (Hallucination),0.9678
बिहार के अररिया में पानी के तेज बहाव की वजह से पुल का एक हिस्सा ध्वस्त कई लोगों के डूबने की आशंका,1,0,0.0586,0.0058,0.0322,False,False Negative (Missed Hate),0.9678
एक और पाकी,1,0,0.0488,0.0157,0.0322,False,False Negative (Missed Hate),0.9678
महिलाऐं कभी किसी और की तरह स्मार्ट नहीं हो सकती,0,1,0.9522,0.9834,0.9678,False,False Positive (Hallucination),0.9678
gravity gyi maa ch#dne,0,1,0.9535,0.9822,0.9678,False,False Positive (Hallucination),0.9678
aisi faltu ki id bnd ho chahiye jo nafrat ko badhawa de,1,0,0.0156,0.049,0.0323,False,False Negative (Missed Hate),0.9677
नसीरुद्दीन शाह की तबीयत खराब जानिए सोशल मीडिया पर वायरल हो रही इस खबर की सच्चाई,1,0,0.0463,0.0183,0.0323,False,False Negative (Missed Hate),0.9677
"उद्धवठाकरे को अयोध्या में साधूसंत कहते हैं यहां नोटंकी मत करो अब मेरा सवाल संतों ने 1992 में बीजेपी कौ ये बात क्यों नही कही,,,",1,0,0.0114,0.0533,0.0323,False,False Negative (Missed Hate),0.9677
हिजड़ों दिमागी रूप से कमज़ोरहोते हैं,0,1,0.9597,0.9754,0.9676,False,False Positive (Hallucination),0.9676
aaj ravindra jadeja jo bhi hardhik pandya ko out kiya isi se lagtha hy ki jadeja losses his fans. jadeja fans starting to hate him #indvpak,1,0,0.0108,0.0541,0.0324,False,False Negative (Missed Hate),0.9676
jis chutiye ka bhai hi rape ka criminal case khel rha hai...wo kvi v against hi rahega.,0,1,0.981,0.954,0.9675,False,False Positive (Hallucination),0.9675
केस पर बात करते हुए बोले भाजपा प्रवक्ता जिस वर्ष के पिता ने अपने पुत्र को खोया है उस बूढ़े पिता को न्याय देने की जगह पर महाराष्ट्र सरकार उनका अपमान करती है पीड़ित करती है प्रताड़ित करती है और धमकाती है।,1,0,0.018,0.0471,0.0325,False,False Negative (Missed Hate),0.9675
महान स्वतंत्रता संग्राम सेनानी और शहीद श्री जी की सगी छोटी बहन का कल देहांत हो गया लेकिन अफसोस कि देश की मिट्टी के लिए मिटने वाले शहीद के परिवार के लिए किसी नेता ने शोक तक प्रकट नही किया जो नकली गांधी के चरणों को चाटते नही थकते ।,1,0,0.0269,0.0383,0.0326,False,False Negative (Missed Hate),0.9674
chin#l vale ate kya tere shop me,0,1,0.9754,0.9594,0.9674,False,False Positive (Hallucination),0.9674
तुम हिन्दू समाज के ऊपर एक धब्बाहो,0,1,0.9651,0.9698,0.9674,False,False Positive (Hallucination),0.9674
तुम चूतिये हिन्दुओं को क्या दिक्कत हैं,0,1,0.9703,0.9645,0.9674,False,False Positive (Hallucination),0.9674
मई काफी बांग्लादेशियों से मिला हूँ और मैं उनमें से हर एक से नफरत करता हूँ,0,1,0.9544,0.9802,0.9673,False,False Positive (Hallucination),0.9673
एक और मुल्ले,0,1,0.9891,0.9454,0.9673,False,False Positive (Hallucination),0.9673
15 din me rape hota hai isliye madam wha zyada chakkar lgaati hai...maza aata hai zyada kya,1,0,0.0343,0.0311,0.0327,False,False Negative (Missed Hate),0.9673
landuuu soch bhi landuuu,1,0,0.0128,0.0525,0.0327,False,False Negative (Missed Hate),0.9673
महिलाऐं मेरे लिए कचरा हैं,0,1,0.9803,0.9543,0.9673,False,False Positive (Hallucination),0.9673
ब्राह्मणों इतना घिनौना निचकट कमीना सूअर की औलाद और जातिवादी इस देश में न और कोई हुआ है और न आगे कोई होगा।,0,1,0.9923,0.9421,0.9672,False,False Positive (Hallucination),0.9672
हम यहाँ हिन्दुओं के बारे में बात कर रहे हैं वे हमेशा से ही इतने गांडू थे,0,1,0.9704,0.9639,0.9672,False,False Positive (Hallucination),0.9672
निचली जात के लोगों को ज़िंदा जला देना चाहिए,0,1,0.9805,0.9539,0.9672,False,False Positive (Hallucination),0.9672
physics ki mkbc,0,1,0.9508,0.9833,0.9671,False,False Positive (Hallucination),0.9671
सभी समलैंगिक लोगो को जान से मारने की धमकी आपको जेल में डाल देगी।,1,0,0.0305,0.0353,0.0329,False,False Negative (Missed Hate),0.9671
राष्ट्रपति पद की दौड़ में पिछड़ते नजर आ रहे जीतने के लिए सबकुछ करने को तैयार हैं,0,1,0.9773,0.9569,0.9671,False,False Positive (Hallucination),0.9671
katuaaa salaaa,0,1,0.9489,0.9851,0.967,False,False Positive (Hallucination),0.967
2 paisa ki randi! agar kashmir teri choot mein ghusa du to phat jayegi aur khoon niklega choot se!,0,1,0.9403,0.9938,0.967,False,False Positive (Hallucination),0.967
underneath it all im held captive by the hole inside ive been holding back for the fear that you might change your mind,0,1,0.9895,0.9444,0.967,False,False Positive (Hallucination),0.967
प्रयागराज कोरोना हॉस्पिटल में मेडिकल स्टाफ की वसूली का वीडियो आया सामने मचा कोहराम,1,0,0.0047,0.0613,0.033,False,False Negative (Missed Hate),0.967
सम्पूर्ण विश्व में कहीं भी खुदाई हो सनातन धर्म के देवी देवताओं की ही मूर्तियां निकलती हैं। अभी वियतनाम में भी खुदाई के दौरान वीं शताब्दी के अखंड बलुआ पत्थर का बना शिवलिंग मिला है। हर हर महादेव अयोध्या में बौद्ध स्मारक बनाने की मांग करने वाले यहां पर अपना दावा कब ठोकेंगे,0,1,0.9863,0.9473,0.9668,False,False Positive (Hallucination),0.9668
bhaiyo gravity gayi ma ch*dane,0,1,0.9606,0.973,0.9668,False,False Positive (Hallucination),0.9668
यह पहली बार है जब किसी हिजड़े को नामांकित किया गया है,1,0,0.0206,0.046,0.0333,False,False Negative (Missed Hate),0.9667
मई हिन्दुओं से बेहद घृणा करता हूँ,0,1,0.9687,0.9645,0.9666,False,False Positive (Hallucination),0.9666
मेरे विचार में उन प्रकार के अंग्रेज़ों को निष्पादित किया जाना चाहिए,0,1,0.9836,0.9497,0.9666,False,False Positive (Hallucination),0.9666
no big moron i am not admitting any of those things though i have written about wikipedia extensively i believe it needs freedom to decide what it is there those are thousands of flaws mainly in not establishing whether it is an academic or trivial project whether trivial is not simply bad it can be useful and insightful in its own way if you don't have the reading comprehension ability to work away out what i said then maybe you just should restart tenth grade grade,1,0,0.0075,0.0593,0.0334,False,False Negative (Missed Hate),0.9666
कोरोना केवल चयनित शिक्षक अभ्यर्थियों को ही होता है परिवहन भी उन्हीं के लिए बंद है बड़ीबड़ी राजनीतिक सभाओं में कोरोनावायरस नहीं आता है वह बहुत ही समझदार हैं या आपकी दोगली नीति है,0,1,0.993,0.9402,0.9666,False,False Positive (Hallucination),0.9666
मेरे विचार में उन प्रकार के मुसलमानों को निष्पादित किया जाना चाहिए,0,1,0.985,0.9482,0.9666,False,False Positive (Hallucination),0.9666
logic ki mkc,0,1,0.9569,0.9761,0.9665,False,False Positive (Hallucination),0.9665
तृप्ती देसाई एक महिला जिसने ईसाई धर्म स्वीकार किया जनम टीवी ने किया खुलासा ईसाई मिशनरी सबरीमाला को नहीं छोड़ रहे हैं जनम टीवी ने किया खुलासा जॉन वाई अड्डे निलाक्कल के पास का क्रॉस सबरीमाला सब कुछ है जुड़ा हुआ है क्या आप खेल को समझते हैं,0,1,0.9889,0.9441,0.9665,False,False Positive (Hallucination),0.9665
newton nautanki man ki chut,0,1,0.9704,0.9627,0.9665,False,False Positive (Hallucination),0.9665
"वाह रे पाखंडी, इतना दोगलापंथी कहां से प्राप्त किए हो, कोई कोर्स किये हो या पैदायसी मिला है खानदानी. अभी हिन्दू मॉब लिनचिंग पर आसमान सर पर उठा लिया था टीवी डिबेट में. सुअर का....",0,1,0.9886,0.9444,0.9665,False,False Positive (Hallucination),0.9665
यही तो हैं अच्छे दिन भगवान राम को काल्पनिक मानने वालें आज उनकी पूजा कर रहे हैं,1,0,0.0258,0.0412,0.0335,False,False Negative (Missed Hate),0.9665
माननीय राज्यसभा सांसद श्री रंजन गोगोई जी को कोरोना संक्रमित होने का समाचार प्राप्त हुआ। मैं विश्व विधाता भगवान श्रीराम से उनके स्वास्थ्य लाभ की प्रार्थना करती हूँ।,1,0,0.0245,0.0427,0.0336,False,False Negative (Missed Hate),0.9664
#templeterrorattack मादरचोद मीडीया वाले भी मस्जिद या चर्च में किसी ने कुछ फ़ैकने की news चला देते हैं लेकिन मंदिर टूटने पर मौन,1,0,0.0087,0.0585,0.0336,False,False Negative (Missed Hate),0.9664
जैसा नेपाल था 2007 तक। या पाकिस्तान है अभी तक। उस से भी एक कदम आगे जैसा कि अफगानिस्तान हो गया है अब जब से तालिबानी आ गए है। तुरंत न्याय on the spot। जब तक कि ये भीड़ का न्याय कभी बाजार में इनके साथ इनके बाल बच्चो के सामने न हो जाये।,1,0,0.018,0.0495,0.0337,False,False Negative (Missed Hate),0.9663
teri ammi ka naam seeta tha kya.. kyu k tu usi rape ka nateeja hae,1,0,0.0329,0.0344,0.0337,False,False Negative (Missed Hate),0.9663
the unspoilt spell of pussy i got what a slut from a gripe at waffle family that hoe what a slut from mississippi pussy what a slut tight and slippery,1,0,0.0064,0.0613,0.0338,False,False Negative (Missed Hate),0.9662
rt : बेचारी रिया बिहार चुनाव की भेंट चढ़ गई। वैसे किसी जमाने मे ये भी भक्त हुआ करती थी इन्हें आज भक्ति में शक्ति दिख रही है।,1,0,0.0158,0.0519,0.0339,False,False Negative (Missed Hate),0.9661
he is stupid and those who watches his news are more stupid.,1,0,0.0137,0.0541,0.0339,False,False Negative (Missed Hate),0.9661
madarchodo.....sikho per humey thodi izzat thi......aaj poora chal gyaeeee,0,1,0.9791,0.9528,0.966,False,False Positive (Hallucination),0.966
हिन्दू सबसे बड़े मादरचोद होते हैं,0,1,0.9777,0.9543,0.966,False,False Positive (Hallucination),0.966
चीन पर क्या अनाज की कमी से बड़ा ख़तरा मंडरा रहा है,0,1,0.9769,0.955,0.966,False,False Positive (Hallucination),0.966
अब यह क्या हो रही है देखिए तो चीन तो खुली धमकी दे रही है कहां दुम दबाकर बैठे हुए हैं फालतू बातें टीवी पर करके देश की नागरिक को धमकी दे रहे हो इनको दो ना link,1,0,0.0083,0.0597,0.034,False,False Negative (Missed Hate),0.966
achya he me ram bhakt hu achya huaa me in randovo ke ghar nahi peda huaa,0,1,0.9764,0.9556,0.966,False,False Positive (Hallucination),0.966
अगर एक देशभक्त दूसरे देशभक्त पर थोड़ा स्वार्थी को मार दे तो क्या पहले वाला देशभक्त ग़द्दार हो जाता है क्या #गोडसे #प्रज्ञा_ठाकुर #गांधी,0,1,0.9721,0.9597,0.9659,False,False Positive (Hallucination),0.9659
जो माननीय सांसद साम दाम दंड भेद द्वारा चल रहे के धंधे को रोकने के लिए संसद में धर्मांतरण विरोधी प्राइवेट मेंबर,0,1,0.9885,0.9432,0.9658,False,False Positive (Hallucination),0.9658
अगर और किसी भी मुसलमान को सरकार में शामिल किया तो देश बर्बाद हो जायेगा,0,1,0.9563,0.9752,0.9658,False,False Positive (Hallucination),0.9658
rt : सुअर अंडभक्तों काली गुफ़ा की पैदावारों मुझे फॉलो मत करो मुझसे उचित दूरी बनाए रखो वरना मार मार के डंडे से पिछवाड़ा लाल क…,0,1,0.9892,0.9423,0.9658,False,False Positive (Hallucination),0.9658
bilkul sahi bole ! tumhara desh tumhare terrorism kartuton k liye hi chota bann gaya hai duniya k samne,1,0,0.0224,0.0464,0.0344,False,False Negative (Missed Hate),0.9656
नाबालिक बच्चा अगर पेट के लिए काम करें तो वह बाल अपराध है और पैसे वाले का बच्चा अगर सीरियल में काम करे तो है बाल कलाकार है वाहे रे कानून,1,0,0.011,0.0581,0.0345,False,False Negative (Missed Hate),0.9655
वो मुस्लिम है उनको सब माफ है कोई सरकार नही बोलेगी हा अगर ये कही हिंदुओ ने मस्जिद पर सिर्फ येक पत्थर गलती से लग जाति तो सारी सरकार रंडी रोना करती दिखती,1,0,0.0164,0.0526,0.0345,False,False Negative (Missed Hate),0.9655
नए साथियों ने आम आदमी पार्टी की सदस्यता ग्रहण की।,1,0,0.0045,0.0646,0.0345,False,False Negative (Missed Hate),0.9655
haa hamko hate karte hai na log. jaise shilpa ko bure log hate karte hai waise hi humko bhi bure aur evil log hate karte hai.,1,0,0.0192,0.0498,0.0345,False,False Negative (Missed Hate),0.9655
केजरीवाल की आंखे भर आईं और बोले मेरे से ज्यादा गाली खाने वाला कोई तो c m है इस देश में!,1,0,0.0452,0.024,0.0346,False,False Negative (Missed Hate),0.9654
khattar baba so rhe hai aur ek dun me char rape ho rhe hai bhakt abhi bhi khattara sarkar ke bachau me aa rhe hai,1,0,0.0496,0.0197,0.0346,False,False Negative (Missed Hate),0.9654
"*आरक्षण नही था तब भी अपमानित होते थे।* *आरक्षण है तब भी अपमानित होते है,* *मतलब अपमानित होने की वजह आरक्षण नही, वो धर्म है जिसमे हम पैदा हुए है।*",1,0,0.0109,0.0584,0.0347,False,False Negative (Missed Hate),0.9653
सुशांत सिंह राजपूत केसः सीबीआई पूछताछ के लिए सुशांत के दोस्त सिद्धार्थ पिठानी भी डीआरडीओ गेस्ट हाउस पहुंचे।,1,0,0.022,0.0474,0.0347,False,False Negative (Missed Hate),0.9653
मुझे सब महिलाओं से घिन्न है,0,1,0.9652,0.9655,0.9653,False,False Positive (Hallucination),0.9653
bhomdika,0,1,0.9495,0.9808,0.9652,False,False Positive (Hallucination),0.9652
"दिल्ली में 300 मुल्ले रात में मंदिर तोड़ते है, ओर ये मुल्लो का पिछवाड़ा चाटने वाला #दिल्ली में 300 मुल्ले रात में मंदिर तोड़ते है, ओर ये मुल्लो का पिछवाड़ा चाटने वाला #केजरीवाल झारखंड के #चोर मुल्ले को 5 लाख देता है भड़वा,",1,0,0.0671,0.0029,0.035,False,False Negative (Missed Hate),0.965
शिक्षक दिवस के उपलक्ष्य में भिवानी में शिक्षकों को सम्मानित किया देखिये प्रदेश से जुडी ख़बरों का लेखाजोखा रोज़ाना शाम बजे सिर्फ दूरदर्शन हिसार पर,0,1,0.981,0.949,0.965,False,False Positive (Hallucination),0.965
केरल में ईसाई मिशनरीयो और जिहादियों का आतंक अब इतना बढ़ चुका है कि हिन्दुओ को पूजा अर्चना और अपने धार्मिक रीती रिवाज़ो को पूरा करने का अधिकार भी छिना जा रहा है इस दलित आदिवासी महिला को बुरी तरह पीटा ओर कपड़े फाड़ दिए क्यों की ये पूजा कर रही थी,0,1,0.983,0.9471,0.965,False,False Positive (Hallucination),0.965
rt : जब लोग मनसूबा भांप जाये कि आपका काम बस भाई को भाई से लड़ाना है मुल्क में बस नफरत फैलाना है तो धीरे धीरे आपके ट्वीट पर…,1,0,0.02,0.05,0.035,False,False Negative (Missed Hate),0.965
fuck my shitty grandparents,0,1,0.941,0.9888,0.9649,False,False Positive (Hallucination),0.9649
aayega jab take alia ki shaadi age pass aayegi kyuki alia said 30ki hoote hi won shaadi kargi varun bhi kitna kutta hai natasha ka shaadi ka spna this alia ke saath shaadi ki baat paaki kar ki hate varun alia sid please career pe focus karo aue alia ke banner se film mat karo,1,0,0.0148,0.0554,0.0351,False,False Negative (Missed Hate),0.9649
छे साल पहले पूजीपतियों ने एक कुत्ता पाला था। वो भी देशी। और तो और साला वफादार भी निकला। #पूँजीवाद,1,0,0.0127,0.0577,0.0352,False,False Negative (Missed Hate),0.9648
तस्वीर कई बार लड़की को संतोष बाबू की बेटी बताते हुए शेयर की गयी है अमर प्रसाद रेड्डी ने भी इस तस्वीर को शेयर किया है वह स्वास्थ एवं परिवार कल्याण के केंद्रीय राज्य मंत्री के मीडिया एडवाइज़र हैं इसके अलावा वह नेशनल युथ कॉउन्सिल ऑफ़ इंडिया के प्रेसिडेंट भी हैं,1,0,0.0158,0.0546,0.0352,False,False Negative (Missed Hate),0.9648
achcha hua deshdrohi bheekh mangon ke sath na deni chahie,1,0,0.0374,0.0329,0.0352,False,False Negative (Missed Hate),0.9648
aur tum jahan hoti ho wahan balatkar badh jata hai baba bhi rape karne lagte hin.,1,0,0.0406,0.0301,0.0353,False,False Negative (Missed Hate),0.9647
ना रोजी बचा ना रोजगार बचा ना नौकरी बची ना लोगों की वायलेंस रही जीडीपी 24 माइनस हकीकत में 50 - गवार मूर्ख चोर के हाथ में देश जाने से देश की नागरिक की यही हालत होती है भक्तो ठोको ताली 1890में भारत चली गई है वहां से वापस आना संभव नहीं 80 परसेंट नागरिक भुखमरी के कगार पर,1,0,0.0207,0.0499,0.0353,False,False Negative (Missed Hate),0.9647
मैं बताऊँ इन जैसे राक्षसों ने अपनी इन्हीं करतूतों से पहले हिंदू-मुस्लिम में दरार पैदा की अब साले हिंदुओं के अंदर विभिन्न जातियों में फूट डाल रहे हैं। इनके ऊपर आतंकवाद का मुकदमा चलना चाहिये। #कमीने,0,1,0.986,0.9434,0.9647,False,False Positive (Hallucination),0.9647
कुछ साल पहले हम सोचते थे कि जिस रफ्तार से टेक्नोलॉजी बढ़ रही है आते आते कार उड़ेगी पर यहां तो तोते उड़ गए,1,0,0.0067,0.0639,0.0353,False,False Negative (Missed Hate),0.9647
mayonnaise people look like coke,1,0,0.0487,0.0219,0.0353,False,False Negative (Missed Hate),0.9647
yeah did not he hears black people are not allowed to vote based on anything but the color of their skin and when they do vote based on the color of their skin they can only vote for what white liberals say is best for backs,1,0,0.0311,0.0398,0.0354,False,False Negative (Missed Hate),0.9646
अलीगढ़ मुस्लिम विश्वविद्यालय में सीएए पर भड़काऊ भाषण देने में केस था दर्ज,1,0,0.0113,0.0595,0.0354,False,False Negative (Missed Hate),0.9646
"हमारा समाज स्वस्थ रहे,सुरक्षित रहे खुशहाल रहे इसलिए राष्ट्र निर्माण मे हर व्यक्ति की भागीदारी होनी चाहिए यह कार्य आजका युवा बखूबी कर सकता हे मोदीने हमे संगठित कर रास्ता बता दिया बाकी काम हमारा है जैसे बिना श्वास के शरीर और बिना हिंदुत्व के हिन्दुस्तान,दोनो एक दूसरे के पूरक है",0,1,0.9866,0.9425,0.9645,False,False Positive (Hallucination),0.9645
पाकिस्तान का ध्वज जहाँ दिखे उस पर देशद्रोह का कानून पास करने वाले योगी बाबा देश के पहले मुख्यमंत्री बने योगी बाबा,1,0,0.0086,0.0625,0.0356,False,False Negative (Missed Hate),0.9644
भारत में पिछले घंटे में लोग ठीक हुए। इसकेसाथ ही अब तक लोग संक्रमणमुक्त हो चुके हैं। देश का रिकवरी रेट प्रतिशत हो गया हैः स्वास्थ्य मंत्रालय,1,0,0.0374,0.0337,0.0356,False,False Negative (Missed Hate),0.9644
उन्नाव रेप कांड के दोषी भाजपा विधायक कुलदीप सिंह सेंगर को हाई कोर्ट से मिली जमानत। अब सवाल यह उठता है कि जिस जज ने जमानत दिया है अगर पीड़िता उसी जज की बेटी होती तो भी वह जज जमानत दे देता क्या लानत है ऐसे जजों पर। वह जज नहीं बल्कि जज के भेष में छुपा हुआ भेड़िया है।,0,1,0.9849,0.9438,0.9644,False,False Positive (Hallucination),0.9644
kab se? jab se muslamano ne hindu ka rape and balatkar karke kashmir se nikal diya tab se ya pahle se?,1,0,0.0531,0.0186,0.0358,False,False Negative (Missed Hate),0.9642
iska acha rape hua tha iska aur iske dost ka last ko dono sorry bolke chale gaye koi nhi aya tha bachane,1,0,0.0313,0.0403,0.0358,False,False Negative (Missed Hate),0.9642
मोर से खेलने को कालेजा होना जरूरी है भूल जाओ जातियों का मायाजाल विश्वविजेता होने के लिए जरूरी है,1,0,0.0049,0.0667,0.0358,False,False Negative (Missed Hate),0.9642
"dukh hota hai dekh k, matlab itna buzurg admi ka soch dekho . chacha bimaar hai mansik taur pee",0,1,0.9354,0.993,0.9642,False,False Positive (Hallucination),0.9642
rape tm log rukwa ni sakte,1,0,0.0509,0.0209,0.0359,False,False Negative (Missed Hate),0.9641
कंगना रनौत के पोस्टर को चप्पलों से पीट रही थीं महिलाएं भड़कीं शिल्पा शिंदे बोलीं औरत ही औरत की दुश्मन,1,0,0.0098,0.0619,0.0359,False,False Negative (Missed Hate),0.9641
कुत्ते शुअर की औलाद कितनी भी नौटंकी कर के up के चुनाव में तुम जैसे भ्रष्ट ग़द्दार और देशद्रोही कुत्तों को सिर्फ़ जूते मिलेंगे और कुछ नहीं,0,1,0.9893,0.9386,0.964,False,False Positive (Hallucination),0.964
ये कमिने मोदी के जुते चाट चेला है,1,0,0.0402,0.0318,0.036,False,False Negative (Missed Hate),0.964
editor ki mkc,0,1,0.9542,0.9736,0.9639,False,False Positive (Hallucination),0.9639
leonpanetta trump s foreign dirt bombshell violates oath of office trumpisatraitor,1,0,0.0275,0.0448,0.0361,False,False Negative (Missed Hate),0.96389997
तूं यह बता हलवाई के काम करने वाला कचरी फुलौरी समोसा बनाकर बेचने वाला हजार करोड़ के मालिक कैसे बना तुम्हारी बहन करोड़ के हीरे की हार कौन सी धंधा करके खरीदी यादव नौकरी कोई भी करे संपत्ति के मामले में किसी से कम नहीं गाय है भैंस है खेती है नौकरी तूं अपनी इनकम की जरिया बता,1,0,0.0087,0.0635,0.0361,False,False Negative (Missed Hate),0.96389997
उत्तर प्रदेश में भारतीय जनता पार्टी के नेतृत्व वाली सरकार के खिलाफ बोलने के लिए अभिसार शर्मा ने ग्रामीणों को पैसे बांटे हैं। देखिए कांग्रेसी चमचे की करतूत दल्ले अभिसार शर्मा पैसे बांटते समय तो कैमरा ऑफ कर लेता। यूपी सरकार के ख़िलाफ़ बोलने के लिए पत्रकार अभिसार शर्मा ने ग्रामीण को रिश्वत दी,1,0,0.0222,0.0503,0.0362,False,False Negative (Missed Hate),0.9638
मैं हर हिजड़े की जिंदगी ख़तम कर दूंगा,1,0,0.0173,0.055,0.0362,False,False Negative (Missed Hate),0.9638
मैं समलैंगिक लोगो के साथ बनाने की कोशिश कर रहा हूँ लेकिन वे बहुत ज्यादा प्रतिकारक हैं,0,1,0.9685,0.9591,0.9638,False,False Positive (Hallucination),0.9638
मुंबई में वडाला स्टेशन पे अबू आज़मी के सामने लोगों पाकिस्तान जिंदाबाद के नारे लगाए।क्या भारत सरकार को इनपर रासुका लगाकर कानूनी कार्यवाही करने में कोई दिक्कत है,0,1,0.9872,0.9405,0.9638,False,False Positive (Hallucination),0.9638
gravity ki ma ki chut,0,1,0.9557,0.9719,0.9638,False,False Positive (Hallucination),0.9638
समलैंगिक लोगो को ज़िंदा जला देना चाहिए,0,1,0.9664,0.961,0.9637,False,False Positive (Hallucination),0.9637
हम इन मुसलमानों पर बिना किसी दया के अत्याचार करेंगे,0,1,0.9517,0.9757,0.9637,False,False Positive (Hallucination),0.9637
क्या बहनचोद आईडिया है,1,0,0.0718,0.001,0.0364,False,False Negative (Missed Hate),0.9636
"अब यह भांड रण्डी बताएगी की किसान के लिए क्या सही है कभी खेत में गई हो , नगी फिल्म करना ओर नकली स्प्रिंग के घोड़े पर बैठने से कोई झांसी की रानी नहीं बनन जाती बिकाऊ कूतिया",1,0,0.066,0.0069,0.0364,False,False Negative (Missed Hate),0.9636
"bhai aap logoan ki sooch pe daya aatti hai, ki aap log real terror attack to ek filmi kahani ki plot ki tarha twist bhi kar skate ho.",1,0,0.0091,0.064,0.0365,False,False Negative (Missed Hate),0.9635
मुझे तुम जैसे पकिस्तानियोंसे घ्रिण है,0,1,0.9645,0.9624,0.9635,False,False Positive (Hallucination),0.9635
मुझे सब पाकिस्तानियों से घिन्न है,0,1,0.9477,0.979,0.9634,False,False Positive (Hallucination),0.9634
शौर्य का अभिनंदन पीएम मोदी आज तमिलनाडु दौरे पर प्रदेश बीजेपी में बागियों की वापसी,1,0,0.0081,0.0652,0.0366,False,False Negative (Missed Hate),0.9634
हिन्दुओं का जीवन बहुत मूल्यवान है,0,1,0.9677,0.9586,0.9632,False,False Positive (Hallucination),0.9632
फांसी ही निचली जात के लोगों के लिए एकमात्र समाधान है,0,1,0.982,0.9445,0.9632,False,False Positive (Hallucination),0.9632
ये बांग्लादेशी जानवर हैं,0,1,0.9786,0.9475,0.9631,False,False Positive (Hallucination),0.9631
भाउ श्री के ब्लेक टिकिट बेचकर खुद बहुत काला पैसे कमाए होओर काले दिन की बात करते शर्म नही साले सांढ़ तू खुद लुटियन मोड़ में है,1,0,0.0363,0.0375,0.0369,False,False Negative (Missed Hate),0.9631
अनलाॅक एअर इंडिया सितंबर से हैदराबाद कोलकाता भुवनेश्वर गोवा और दिल्ली की सीधी उड़ान शुरू करेगी अभी साप्ताहिक होंगी ये फ्लाइट,1,0,0.03,0.0438,0.0369,False,False Negative (Missed Hate),0.9631
ईमानदार और सच्चे राजनेता प्रणव दा ने अपनी बुद्धि मेहनत और दृढ़ संकल्प के साथ देश को नई ऊँचाइयों तक ले जाने में अपना अमूल्य योगदान दिया है। यह देश उन्हें मातृभूमि के प्रति उनकी सच्ची निष्ठा एवं अटूट प्रेम के लिए सदा याद करता रहेगा।,1,0,0.0111,0.0629,0.037,False,False Negative (Missed Hate),0.963
arey sirji agar ye logon ko kashmir bhi deh dona phir bhi unka terrorism khatam nahi hoga.woh baat alag hai ki kashmir unke haath nai ayega,1,0,0.0123,0.0617,0.037,False,False Negative (Missed Hate),0.963
बुर्का पहनकर पाकिस्तान का झंडा लहरा रहा था यह आर एस एस का मुसलमान सतर्क रहें यह लोग नई नई चाल चल रहे हैं मुसलमानों को बदनाम करना है कैप्शन के साथ पोस्ट किया गया है।,1,0,0.0059,0.0684,0.0372,False,False Negative (Missed Hate),0.9628
क्या सूंसात राजपूत के साथ साथ इन देश के बेटो की हत्या की जांच नही होनी चाहिए ये जान भी देश और किसी मांता पिताओ की संतान थे किसी के भाई किसी के पति और पिता थे एक वर्ष से उपर हो गया पुलगावा हत्याकांड हुये नहीं कोई जांच हुई है नहीं कोई आतंकवादी पकडा गया है नहीं किसी को फाँसी हुई,0,1,0.9788,0.9466,0.9627,False,False Positive (Hallucination),0.9627
this one is tough its too easy to hold a grudge but fucking hard to let go,1,0,0.0673,0.0073,0.0373,False,False Negative (Missed Hate),0.9627
जन्माष्टमी मे मोर पंख इतना ज्यादा महत्त्वपूर्ण है की इतने मोर जीवों की हत्या भी जायज़ है!! आखिर बकरीद की कुर्बानियां का ही हंगामा क्यु मचे!! कुछ चर्चा का हक़ इनको भी दे दो? धयान रहे मोर एक राष्ट्रीय पछी है फिर भी बेधड़क सब हो रहा है?,0,1,0.9822,0.9429,0.9626,False,False Positive (Hallucination),0.9626
mountain dew daar ki maa ki chut,0,1,0.9566,0.9686,0.9626,False,False Positive (Hallucination),0.9626
इलाहाबाद हाईकोर्ट ने दिया डॉ कफील खान की जल्द रिहाई का आदेश भड़काऊ भाषण के लिए हुए थे गिरफ्तार,1,0,0.0575,0.0172,0.0374,False,False Negative (Missed Hate),0.9626
"कोई भी कांग्रेसी, ऊंची छत पर, रेलवे लाइन पर, ऊंची बिल्डिंग पर, एकांत जगह पर, कुए के पास दिखाई दे, तुरंत पुलिस को सूचित करें, विलुप्त होती हुई प्रजातियो को बचाना हमारा फर्ज है।",1,0,0.0597,0.0151,0.0374,False,False Negative (Missed Hate),0.9626
तुम पाकिस्तानी के जीवन का कोइ मूल्य नहीं है,0,1,0.9463,0.9786,0.9625,False,False Positive (Hallucination),0.9625
अफजलकसाब और याकूब की फांसी से लेकर इन फैसलों के लिए याद किए जाएंगे प्रणब मुखर्जी,0,1,0.9871,0.9379,0.9625,False,False Positive (Hallucination),0.9625
कौन है यह हरामी देशद्रोही मुल्ला इसकी इतनी हिम्मत कैसे पड़ गयी,1,0,0.0211,0.0541,0.0376,False,False Negative (Missed Hate),0.9624
मैं लोगों को पूरी तरह से घृणा करता हूँ खासकर अगर वे मुसलमान हैं,0,1,0.9563,0.9685,0.9624,False,False Positive (Hallucination),0.9624
terrorism ka matlab bhee pata hai. aap ka pita modi nay aps m bacho ko mara gujrat or kashmir ya kia hai shoib malik ka salo,1,0,0.0213,0.054,0.0376,False,False Negative (Missed Hate),0.9624
मुसलमानों से बरुआ कुछ नहीं है,0,1,0.9454,0.9793,0.9623,False,False Positive (Hallucination),0.9623
retweet she has such an ego that it will kill her in the end she had option of begging jury for mercy she refused no soul,1,0,0.0647,0.0106,0.0377,False,False Negative (Missed Hate),0.9623
"aapka desh prem aur uske bare me aapke prayas ko salaam, baki to esa lagta he politicians aur anya media me to khoon paani hogaya",1,0,0.0047,0.0708,0.0378,False,False Negative (Missed Hate),0.9622
राजनाथ सिंह की जूता निकालते सैनिक की तस्वीर बांधते देखी दादी की बात याद आ गई दादी कहती थी अंग्रेजों के समय आजादी के बाद तब की सच्ची कहानी बताती थी पिछड़ों की जमीन फारवर्ड ने मारपीट कर जबरन अपने नाम करा ली थी पिछड़ी जाति की बहू बेटी को मारपीट कर हाथ वाली चक्की से आटा पिसवाते,1,0,0.0147,0.061,0.0379,False,False Negative (Missed Hate),0.9621
mai bhi jada notice kiya rather ji chut???,0,1,0.9355,0.9885,0.962,False,False Positive (Hallucination),0.962
मुझे तुम जैसे समलैंगिक लोगो से नरफत है,0,1,0.9515,0.972,0.9618,False,False Positive (Hallucination),0.9618
फ्रांस की मैगजीन चार्ली हेब्दो अब वह कार्टून फिर से छापने का एलान कियाकल स्वीडन और नार्वे के टीवी चैनलों पर बहस के दौरान कई प्रतिभागियों ने कुडान को फाड़ डाला और एक तो कुरान के पन्ने चबा चबा कर खा गया यानी बहुत जल्द पश्चिम देश जो कश्मीर पर भारत को ज्ञान पेल रहे थे,0,1,0.979,0.9446,0.9618,False,False Positive (Hallucination),0.9618
तुम सब मुसलमान बईमान हो,0,1,0.9784,0.9451,0.9618,False,False Positive (Hallucination),0.9618
मुझे समलैंगिक लोगो से नफ्त है,0,1,0.9394,0.9839,0.9617,False,False Positive (Hallucination),0.9617
उन्हे क्रोध आता है तो वो कत्लेआम मचा देते है और हमें क्रोध आता है तो हम मोदी योगी को गाली देकर पल्ला झाड लेते हैं। कड़वी है मगर सच्चाई है,1,0,0.0359,0.0407,0.0383,False,False Negative (Missed Hate),0.9617
kitni shiddat se u hate pyar!,0,1,0.953,0.9705,0.9617,False,False Positive (Hallucination),0.9617
बहुत हरामी मुसलमान हो तुम,0,1,0.9678,0.9556,0.9617,False,False Positive (Hallucination),0.9617
"जय हिंद वन्दे मातरम *भड़वा जागरण अख़बार जिसे अभद्रता बता रहा है,उसपर इस भंडवे को मुस्लिम नाम लिखने में भी फट रही है साले ने लिखा है कि संप्रदाय विशेष अबे भोश्री के मुस्लिम है तो मुस्लिम लिखना चाहिए था न, जब आप पूरी खबर पढेंगे तो आपको पता चलेगा की महिला को बलात्कार के लिये",1,0,0.0197,0.0568,0.0383,False,False Negative (Missed Hate),0.9617
five star noga khaea aur kho jaaiye mountain dew dar ki man ki chut,0,1,0.9366,0.9865,0.9616,False,False Positive (Hallucination),0.9616
िंदुओं का कत्ल करने वाला सैकड़ों मंदिरों को तोड़ने वाला हमारे ही देश में आज हीरो के रूप में दिखाई दे रहा है मूवी में एक्टर छाँट के लिए गया है जोकि पक्का जिहादी मानसिकता से ग्रसित है अब हिंदू ही का टिकट लेकर इस मूवी को देखेंगे और मजे फिल्म इंडस्ट्री वाले लेंगे देश हमारा पैसा हमारा अत्याचार भी हम पर हुआ सताए भी हम गए उसके बावजूद सताए जाने वाले आज हीरो बन गए इस देश के वाह रे मेरे देश के दोगले बॉलीवुड भांड बहिष्कार बहिष्कार बहिष्कार पूर्ण बहिष्कार आवाज दो हम एक हैं,0,1,0.9812,0.942,0.9616,False,False Positive (Hallucination),0.9616
"धन्यवाद श्रीमान नरेन्द्र मोदीजी। आमिर खान जैसे जेहादी मानसिकता वाले लोगोंं को प्रोत्साहित कर आप क्या साबित करना चाहते हैं? इस हरामी ने कहा था कि मोदी सरकार आने के बाद उसके परिवार को डर लगता है और वो भारत छोड़ना चाहते हैं। वोटों के लिए माँ भारती का अपमान आप भूल सकते हैं, हम नहीं।",1,0,0.0204,0.0565,0.0384,False,False Negative (Missed Hate),0.9616
गुजरात के ग़द्दार निष्काशित क़ातिल ips संजीव भट्ट को उम्र केद...!! हर #कुत्ते का दिन आता है #जय_सिया_राम #जय_संविधान,0,1,0.9827,0.9406,0.9616,False,False Positive (Hallucination),0.9616
teri bhahen to pehle se hi rape kar wa rahi hai tere aur tere dosto se,1,0,0.0213,0.0557,0.0385,False,False Negative (Missed Hate),0.9615
"या तो दिल्ली पुलिस नपुंसक है या केंद्र सरकार। 300 लोगों से ज्यादा की भीड़ मंदिर पर हमला करती है और पकड़ा एक सुअर जाता है, ये या तो दिल्ली पुलिस की नाकामयाबी है या मोदी जी और शाह का कोई 'विश्वास' जीतने का कोई प्रोग्राम।शाह साहब शर्म करो।",1,0,0.0256,0.0514,0.0385,False,False Negative (Missed Hate),0.9615
तुम जैसे समलैंगिक मरने के लायक है,0,1,0.9821,0.9408,0.9614,False,False Positive (Hallucination),0.9614
gravity gayi maa chodne,0,1,0.9402,0.9825,0.9614,False,False Positive (Hallucination),0.9614
nahi chutiye pakistan top 20 main bhi nahi hai but india 3rd rapist country hai world main aur issi tarha tumhari larkiyo k rape hote rahe tou 1st rank main zayda dair nahi,0,1,0.9835,0.9393,0.9614,False,False Positive (Hallucination),0.9614
दो साल तक बढ़ सकता है लोन पर मोरेटोरियम सरकार ने सुप्रीम कोर्ट में दिया हलफनामा,0,1,0.9753,0.9474,0.9613,False,False Positive (Hallucination),0.9613
you are inspirational and gorgeous however i meant the dumb ass who dumped me to f around with his sleazy white trash laughing out loud,0,1,0.9897,0.9328,0.9613,False,False Positive (Hallucination),0.9613
"तुमने कभी किसी देश में जातिवाद का भेदभाव देखा है लेकिन भारत मे है यहाँ दलित ब्राह्मण की लड़की से शादी नहीं कर सकता है । क्योंकि वो दलित है इसलिए नही कर सकता,दुनिया मे इस बड़ा चूतियापा कोई हो ही नही सकता।",0,1,0.9753,0.947,0.9611,False,False Positive (Hallucination),0.9611
मैं इन पाकिस्तानियों पर विशवास नहीं कर सकता और यही सोचकर मैं उनमे से हर एक की हत्या कर दूंगा,0,1,0.9522,0.9698,0.961,False,False Positive (Hallucination),0.961
maunttan dew dar ki ma ki chu,0,1,0.9879,0.934,0.961,False,False Positive (Hallucination),0.961
मै इन सब निचली जात के लोगों को म र ता हुआ देखना चाहता हूँ,0,1,0.9608,0.9612,0.961,False,False Positive (Hallucination),0.961
dhrub ki maaa ko jorr se chodnaa he yrrr ksmm se,0,1,0.9369,0.985,0.961,False,False Positive (Hallucination),0.961
मुझे लगता है की अंग्रेजों को मार देना चाहिए,0,1,0.9518,0.97,0.9609,False,False Positive (Hallucination),0.9609
haan bhaoooo.. ye terrorism se kam nahi hai .. dekho bohot gandi li hai .. khoon toh nahi nikal raha??,1,0,0.0326,0.0463,0.0394,False,False Negative (Missed Hate),0.9606
let us talk about the antithesis of emotional stability foreigners,1,0,0.0064,0.0726,0.0395,False,False Negative (Missed Hate),0.9605
"जब सरकार हिटलर शाही हो जाए और शैक्षिणिक संस्थानों को जालिया वाला बाग बना दे, धर्मों की आज़ादी छीन ले, बोलने की आज़ादी छीन ले ,मांगों की आज़ादी छीन ले,सरकार के खिलाफ आवाज़ उठाने की आज़ादी छीन ले, मीडिया की आज़ादी छीन ले ,तब दल्ले पत्रकार आज़ादी मांगी नही छीन कर ही ली जाती है ।",0,1,0.9885,0.9325,0.9605,False,False Positive (Hallucination),0.9605
#nusratjahan ने किसी गैर मुस्लिम से शादी की तो यह उनका 'व्यक्तिगत फैसला' और #zairawasim ने फिल्म इंडस्ट्री छोड़ी तो यह 'धार्मिक कट्टरता' ? इतना हरामीपन कहां से लाते हो ?? बे दलाल मीडिया इसमें तू क्यों रंडी रोना रो रहा है,1,0,0.018,0.061,0.0395,False,False Negative (Missed Hate),0.9605
ये एकाउंट एक इस्लामिक जिहादी सुअर चला रहा है। अधिकतम संख्या में रिपोर्ट करें।,0,1,0.9693,0.9518,0.9605,False,False Positive (Hallucination),0.9605
"muslims hamare dushman nahi, hamare hindus hi madarch0d hai..",0,1,0.9646,0.956,0.9603,False,False Positive (Hallucination),0.9603
सब अंग्रेज़ों को चोदो,0,1,0.9719,0.9486,0.9603,False,False Positive (Hallucination),0.9603
"eat 5 star and do nothing , mountain dew dar ki ma ki chu",0,1,0.9585,0.9621,0.9603,False,False Positive (Hallucination),0.9603
bhokat jay,1,0,0.0142,0.0652,0.0397,False,False Negative (Missed Hate),0.96029997
कश्यप को गिरफ्तार करो। कल तक उमर खालिद जैसे आतंकवादी को बचा रह था आज साला खुद बलात्कारी निकला,1,0,0.0252,0.0542,0.0397,False,False Negative (Missed Hate),0.96029997
ये निचली जात के लोग जानवर हैं,0,1,0.9612,0.9592,0.9602,False,False Positive (Hallucination),0.9602
"तुम मुस्लिम के साथ लव जिहाद में फस गए हो, जिससे तुम्हारा बोलने का तरीका मुस्लिमों जैसा हो गया है।",0,1,0.9625,0.9578,0.9602,False,False Positive (Hallucination),0.9602
ji bihar mai aapke journalist bhai ravish kumar ke bhai brijesh kumar ne dalit ladki ka rape kiya. is par kuch kyu nahi bol rahi.,1,0,0.0359,0.0437,0.0398,False,False Negative (Missed Hate),0.9602
पहचाना नाम तो सुना ही होगा टीपू सुल्तान बहुत बड़ा दुर्भाग्य है हमारे देश का हम हिन्दुस्तानीयों पर कहर बरसाने वालों पर मूवी बनाई जाती है और इनको एक महान योद्धा के रूप में दर्शाया जाता है लाखों ह,1,0,0.0111,0.0686,0.0399,False,False Negative (Missed Hate),0.9601
कोविड की वजह से इस दफा मानसून सेशन में प्रश्नकाल नहीं होगा। दोनों सदनों में कार्यवाही दो शिफ्ट में होगी,1,0,0.0783,0.0019,0.0401,False,False Negative (Missed Hate),0.9599
"राम मंदिर निर्माण में हुई देरी के दोषी वो हिन्दू भी है, जिन्होंने 2004 में अटलजी को न चुन के भूरी चाची को चुना था।",1,0,0.0369,0.0432,0.0401,False,False Negative (Missed Hate),0.9599
उनके जीवन मेरे लिए बेकार है क्योंकि वो मुसलमान हैं,0,1,0.9706,0.9493,0.9599,False,False Positive (Hallucination),0.9599
विराट कोहली का प्रतिरूपण करने वाले एक पैरोडी ट्विटर अकाउंट ने फैसला किया है कि क्रिकेटर की देश छोड़ने की टिप्पणी का जवाब देने का सबसे अच्छा तरीका हास्य का माध्यम है। ठीक है मुझे नहीं लगता कि आपको भ,1,0,0.0243,0.0561,0.0402,False,False Negative (Missed Hate),0.9598
you never survive in the colored hood,0,1,0.951,0.9687,0.9598,False,False Positive (Hallucination),0.9598
आंध्र प्रदेश स्टेट हैंडलूम वीवर्स कोऑपरेटिव सोसाइटी के पूर्व चेयरमैन गुजजाला श्रीनिवासुलु के आवास पर की छापेमारी जानिए क्याक्या किया गया ज़ब्त,0,1,0.9892,0.9302,0.9597,False,False Positive (Hallucination),0.9597
दो दशक पहले बंद हुए टीवी की डिमांड बढ़ी जानिए क्यों लोग मुंहमांगी कीमत देने को तैयार,0,1,0.9521,0.9674,0.9597,False,False Positive (Hallucination),0.9597
बेटे अभिजीत मुखर्जी के पिता को मुखाग्नि देने के साथ ही पूर्व राष्ट्रपति प्रणव मुखर्जी पंचतत्व में विलीन हो गए,0,1,0.9634,0.9559,0.9596,False,False Positive (Hallucination),0.9596
अबे साले हरामि तु केया समजे ग कि मुस्लिम कौम केया चीज है कियू कि तु ऐक गनदा खुन है गनदा धर्म हिन्दू,1,0,0.0714,0.0097,0.0405,False,False Negative (Missed Hate),0.9595
ek choti bachi jo gita je shlok pade uss se darr gaye aur rape threats aur gali dene lag gaye tum jaise jihadi... ek bacchi se hi gaand faat gayi.... yeh to israel ke pm hai.... samne aye to moot dega,0,1,0.9879,0.931,0.9595,False,False Positive (Hallucination),0.9595
"रोजगार माँग ले जो,हम गद्दार लिख दिये जाते है मोदी तेरे राज में हम, खुद बर्बाद लिख दिये जाते है तु बेऔलाद है तुझे कहाँ मालूम बेरोजगारी का गम युवा तो है पर घर पे अब मक्कार लिख दिये जाते है #sscdeclarecglresult #speakupforsscrailwaystudents",1,0,0.0094,0.0719,0.0406,False,False Negative (Missed Hate),0.9594
one person is american,1,0,0.0581,0.0231,0.0406,False,False Negative (Missed Hate),0.9594
आदरणीय जी आपने अपने जन्मदिवस के उपलक्ष्य में जो सर्वे भवतु सुखीनः के भाव के साथ देश भर के लोगो की मदद के लिए जो ऑक्सीमीटर दान करने का आह्वान किया उस आह्वान पर द्वारका विधानसभा टीम की तरफ़ से देशहित में ऑक्सीमीटर का योगदान स्वीकार करे।,1,0,0.0047,0.0766,0.0406,False,False Negative (Missed Hate),0.9594
जावेद अख्तर जैसे कटे हुए व्यक्ति ने जितनी भी फिल्मों की कहानी लिखी उनमें कभी कोई मुस्लिम खलनायक नहीं लिखा.. क्यों..? क्योंकि ये साला साम्प्रदायिकता फैला रहा है वर्षों से..,0,1,0.9842,0.9344,0.9593,False,False Positive (Hallucination),0.9593
"कंगना के भाजपा में आने से मोदी जी और देश ज्यादा मजबूत होंगे! अंधभक्त, देश कितना मजबूत होगा यह तो पता नहीं लेकिन मोदी जी को काजू की रोटी दिन में चार बार खानी पड़ेगी",1,0,0.0338,0.0477,0.0408,False,False Negative (Missed Hate),0.9592
phir yeh bolengay mahagai pad gayi modi ki vajah se. hate the pig but breed like one.,0,1,0.9502,0.9679,0.959,False,False Positive (Hallucination),0.959
"rubbish ne mujhe bhi block kar rakha hai,maine badaun rape par iski reporting par sawal kiya tha …",1,0,0.0185,0.0636,0.041,False,False Negative (Missed Hate),0.959
#ishqbaaaz ye lo yrkkh ka ek aur promo de diya star plus ne matlab iss show ka har week promo aur ib ka ek bhi nahi. really hate star plus,1,0,0.0192,0.063,0.0411,False,False Negative (Missed Hate),0.9589
में सवाल नहीं पूछें जा सकते तो फिर सड़के किस लिये हैं के हर और अफसर को चौराहे पर घेर कर सवाल पूंछो,1,0,0.0189,0.0632,0.0411,False,False Negative (Missed Hate),0.9589
"kyu bahot se pakistani aur indian ek dusre nafrat karte hai ? so much hate on my tl, koi answer do!",1,0,0.0272,0.055,0.0411,False,False Negative (Missed Hate),0.9589
मियाँ आज़म ख़ान आपने बोला था ना मदरसों में गोड़से पैदा नहीं होते और हमने भी कहां था ना मियाँ मदरसों में गोड़से नहीं रेपिस्ट पैदा होते हैं ये लो रेपिस्टो का छोटा सा सोर्स। मदरसे में यौन शोषणमौलवी गिरफ्तार छात्राएं छुडा़ई गई,1,0,0.0275,0.0548,0.0411,False,False Negative (Missed Hate),0.9589
i have had these experiences in life being an american the educated and active,1,0,0.0656,0.0167,0.0411,False,False Negative (Missed Hate),0.9589
ये निचली जात के लोग हमारे देश के लिए कूड़ेकरकट के सामान हैं,0,1,0.9642,0.9536,0.9589,False,False Positive (Hallucination),0.9589
"इतिहास गवाह है जब हद से ज्यादा अन्याय और अत्याचार बढ़ जादा है तोह उसी कुत्ते की मौत मार दिया गया और उससे उखाड़ फेक दिया गया। ओसामा बिन लदें,सद्दम हुस्सैन,चितलर,गद्दाफी, औरंग़ज़ेब, कॉंग्रेस्स,महरष्ट्र गवर्नमेंट।",1,0,0.0078,0.0748,0.0413,False,False Negative (Missed Hate),0.9587
मैं तुम जैसी महिलाओं को और नहीं झेल सकता,0,1,0.9594,0.9581,0.9587,False,False Positive (Hallucination),0.9587
the type of looks like a bald head can be honest,1,0,0.0104,0.0725,0.0414,False,False Negative (Missed Hate),0.9586
kya faltu bayaan hai.. bengal sabhi ka rape hota hai kya.. inn politicians ko sharm aani chaiye,1,0,0.0457,0.0374,0.0415,False,False Negative (Missed Hate),0.9585
भारत में हर कोई बिकाऊ है खरीददार पैसा वाला होनी चाहिए चीफ जस्टिस खरीद लीजिए नेता मंत्री प्रधानमंत्री अधिकारी खरीद लीजिए आपके पास कीमत देने के लिए उचित रकम होनी चाहिए इन गद्दारों को सिर्फ पैसे से इंद्र की तरह जिंदगी जीना जानते हैं परियों के साथ ना तो देश से मतलब ना नागरिक से,0,1,0.9861,0.9308,0.9585,False,False Positive (Hallucination),0.9585
हिंदू होके हिंदुत्व में विश्वास रखते तो शायद परिणाम बेहतर होते.. आप दूसरे धर्मों का सम्मान पूर्णतः और निश्चित तौर पर करें परंतु अपने धर्म की रक्षा पहले..!!आप एक नव ऊर्जावान और अच्छी सोंच वाले कल्याणकारी राजनेता बन कर उभरें..हार्दिक शुभकामनाएं ..!!,0,1,0.9831,0.9337,0.9584,False,False Positive (Hallucination),0.9584
मुझे ये समझ नहीं आता की तुम मुसलमानों को क्यों पसंद करते हो उनके बारे में सुनते ही मुझे घृणा होने लगती है,0,1,0.9583,0.9584,0.9583,False,False Positive (Hallucination),0.9583
3/ tumhare purkhe kamzor the. apni aurato rape hone se nahi bacha paye,1,0,0.0277,0.0557,0.0417,False,False Negative (Missed Hate),0.9583
history main likha jayega...11 logon ne 120 crore ka rape kiya..vo b aik sath,1,0,0.0183,0.065,0.0417,False,False Negative (Missed Hate),0.9583
fuck you brother you did not show up fucking pussy,0,1,0.9572,0.9594,0.9583,False,False Positive (Hallucination),0.9583
"मोहम्मद सामी की वजहा से भारत जीता मतलब अब ये ना कहना कि इसके पीछे भी पाकिस्तान का हाथ है बेशरमों,,,",1,0,0.0034,0.08,0.0417,False,False Negative (Missed Hate),0.9583
who is that alla,0,1,0.9494,0.9669,0.9582,False,False Positive (Hallucination),0.9582
हम सबके चहेते माननीय मुख्यमंत्री जी के आवाहन पर उनके जन्मदिन पर बुराड़ी के कार्यकर्ता साथियों की ओर से ऑक्सीमीटर पार्टी को भेंट किया। अजय शर्मापार्षद अमित शर्मा अनिल कौशिक बसन्त सिंह सुंदर सुमन और असित कुमार को योगदान के लिए धन्यवाद।,1,0,0.0187,0.0651,0.0419,False,False Negative (Missed Hate),0.9581
मई हिन्दुओं की निदना करता हूँ,0,1,0.9577,0.9584,0.9581,False,False Positive (Hallucination),0.9581
भारतीय सेना ने अपने क्षेत्र के भीतर चीनी प्रयास को नाकाम करते हुए कब्जा कर लिया और उनके कैमरे और सर्विलांस सिस्टम को भी वहां से हटा दिया,1,0,0.013,0.0712,0.0421,False,False Negative (Missed Hate),0.9579
"पाकिस्तान स्टॉक एक्सचेंज के अनुसार, सरकार ने अर्थव्यवस्था को पटरी पर ला दिया है, जिसका महत्वपूर्ण संकेत शेयर बाज़ार में होने वाली वृद्धि है.",1,0,0.0645,0.0197,0.0421,False,False Negative (Missed Hate),0.9579
साले मैं हिंदुस्तानी मुसलमान हूं जिसका ईमान ही मसल है। तुम्हारे बहकावे में मैं नहीं आने वाला। सालो अल्पसंख्यक हिंदुओं को पाकिस्तान में तुम मारते हो और हमें सिखाते हो। साले हमारे मुल्क में आ जाओ यहां हिंदू होकर भी कभी किसी पर अत्याचार नहीं किया गया है।,0,1,0.9773,0.9385,0.9579,False,False Positive (Hallucination),0.9579
तू कहां गिरी पड़ी थी जो तेरे जैसी कमीनी औरत को मोदी ने यह पद दिया है ताकि तू उन लोगों के लिए दलाली करते रहे बेशर्म औरत,1,0,0.023,0.0613,0.0422,False,False Negative (Missed Hate),0.95780003
retweet please if you disagree with peter satchell please follow retweet,1,0,0.004,0.0804,0.0422,False,False Negative (Missed Hate),0.95780003
विस्थापतों की सामूहिक आत्महत्या के पीछे की जो कहानी वो काफी चौंकाने वाली है। जहाँ पाकिस्तान में हिन्दुओं की दुर्दशा किसी से छिपी नहीं है वहीं अब जब वो भारत आकर शरण लेते हैं फिर भी उन्हें तमाम दिक्कतों का सामना करना पड़ता है।,0,1,0.9794,0.9359,0.9577,False,False Positive (Hallucination),0.9577
जब तक बंद नही किया जायेगा आश्रम की गुफाओं का कोना-कोना तब तक बंद नहीं होगा अंधभक्तों का पैदा का होना,1,0,0.0723,0.0123,0.0423,False,False Negative (Missed Hate),0.9577
apne personal hatred k liye srk ka nam badnam kr rhe hai chutiye...bhakts ko support kaise kr sakta hai koi lolll,0,1,0.922,0.9933,0.9577,False,False Positive (Hallucination),0.9577
देशद्रोही मीडिया को नही दिखता की गलवान में फिंगर 8 से 4 तक चीन कब्जा कर बैठा है। अरुणांचल में आज 5 लोगों को चीनी अगुआ कर ले गए। सुशांत का आत्म हत्या ही राष्ट्र है।,0,1,0.9873,0.9281,0.9577,False,False Positive (Hallucination),0.9577
सुशांत केस में सीबीआई जांच का वां दिन लगातार चौथे दिन रिया से होगी पूछताछ एक्टर की बहन मीतू को भी जांच एजेंसी ने बुलाया कारोबारी गौरव आर्य ड्रग्स मामले में ईडी के सामने होंगे पेश,0,1,0.9883,0.9268,0.9575,False,False Positive (Hallucination),0.9575
iski maa gai hogi koi mandir mein to bhahubai ne rape kar dala hoga isliye iska naam bhahubai hai,1,0,0.0198,0.0653,0.0425,False,False Negative (Missed Hate),0.9575
शिक्षाविद विचारक एवं द ग्रेट ओल्ड मैन ऑफ इंडिया के नाम से प्रसिद्ध श्री दादाभाई नौरोजी जी की जयंती पर उन्हें कोटिकोटि नमन।,1,0,0.0201,0.0651,0.0426,False,False Negative (Missed Hate),0.9574
देश के विभिन्न राज्यों में का ऑक्सीमित्र अभियान जारी,0,1,0.9873,0.9274,0.9574,False,False Positive (Hallucination),0.9574
"yahi to he naya bharat, rape badhege tabhi to badhega india, jay ho. mera bharat mahan.",1,0,0.0315,0.0539,0.0427,False,False Negative (Missed Hate),0.9573
"तेरे जैसे भड़वों को बस किसानों को उकसाने का काम ही आता है, अबे गंदी नाली की पैदाइश तुम लोग चाहो तो किसानों को आपस मे लड़वा कर अपना फ़ायदा तक उठा सकते हो। एक बात सुन ले मोदी जी है तभी ये देश आज बचा है तू मोदीजी के आगे कुछ भी नही है । साला सुअर की जात",1,0,0.0306,0.0547,0.0427,False,False Negative (Missed Hate),0.9573
: पाकिस्तान का ध्वज जहाँ दिखे उस पर देशद्रोह का कानून पास करने वाले योगी बाबा देश के पहले मुख्यमंत्री बने योगी बाबा,1,0,0.009,0.0766,0.0428,False,False Negative (Missed Hate),0.9572
i am honestly not slating you in any way you guys do a great job over at suck dick i know i send you a lot of work but the rules that the community have imposed really do make it too difficult to remove nonsense pages for the days the story of nazi zombies is up it simply detracts from well played as a serious project that is my opinion anyway,0,1,0.9838,0.9306,0.9572,False,False Positive (Hallucination),0.9572
मै महिलाओं का वि रो ध करता हूँ,0,1,0.9477,0.9667,0.9572,False,False Positive (Hallucination),0.9572
banchode,0,1,0.9614,0.9529,0.9571,False,False Positive (Hallucination),0.9571
"mounten due dar ki maa ki ,chut",0,1,0.9361,0.9777,0.9569,False,False Positive (Hallucination),0.9569
लड़की वाले आपका लड़का कितना सहनशील है घर वाले कांग्रेसी चमचा है जी दुनियाभर की गालियां खाने के बाद भी हँस लेता है,1,0,0.0077,0.0785,0.0431,False,False Negative (Missed Hate),0.9569
और तू के ख़ुद लिखता है अंग्रेज़ी आती है तेरे को साला अनपढ़ तेरे ट्वीट तो कोई का एजेंट लिखता होगा,1,0,0.0391,0.0471,0.0431,False,False Negative (Missed Hate),0.9569
केंद्रीय मंत्री कल सितंबर को नीले आसमान के लिए प्रथम अंतरराष्ट्रीय स्वच्छ वायु दिवस पर आयोजित किए जाने वाले एक वेबिनार की अध्यक्षता करेंगे। वेबिनार में लाइव शामिल हो विवरण,0,1,0.989,0.9245,0.9568,False,False Positive (Hallucination),0.9568
"thori sharam karo. aap ki auqat nahin hafiz saeed per comment karne ki,, pehle bb k qatilon ko pakro,, dr asim ko phansi do, apna ehtsab kro",0,1,0.9273,0.9862,0.9568,False,False Positive (Hallucination),0.9568
बहुत हरामी बांग्लादेशी हो तुम,0,1,0.9713,0.9424,0.9568,False,False Positive (Hallucination),0.9568
"बंगाल में हिंदुओं के साथ क्या हो रहा है? क्या ममता बनर्जी वहां बिल्कुल भी नहीं हैं? ग्रामीणों ने महिला को बेरहमी से पीटना शुरू कर दिया । वह कुछ कहना चाह रही थी, लेकिन हम इसे समझ नहीं पाए । वास्तव में, उनके असंगत भाषा ने संदेह को हवा दी कि वह बांग्लादेश से एक तस्कर थी । कुछ युवाओं ने महिला के कपड़े फाड़ दिए और उसे आंशिक रूप से मुंडन कर दिया । फ़िर उन्होंने उसे एक ट्रैक्टर से बांध दिया और तीन घंटे तक उसकी पिटाई की ""एक स्थानीय निवासी ने नाम न छापने की शर्त पर एचटी को बताया ।",1,0,0.0137,0.0729,0.0433,False,False Negative (Missed Hate),0.9567
स्वभाव से ही हिन्दू कभी भी आकर्षक नहीं होते,0,1,0.9452,0.9682,0.9567,False,False Positive (Hallucination),0.9567
मुझे ये समझ नहीं आता की तुम दलितों को क्यों पसंद करते हो उनके बारे में सुनते ही मुझे घृणा होने लगती है,0,1,0.9587,0.9548,0.9567,False,False Positive (Hallucination),0.9567
you ever be talking to someone that you really want to fuck then they say one thing and all of a sudden you have no desire to fuck at all,0,1,0.9688,0.9444,0.9566,False,False Positive (Hallucination),0.9566
2012 mein wo cm tha kya lawde?,0,1,0.918,0.9952,0.9566,False,False Positive (Hallucination),0.9566
chale bewakoofi karne,0,1,0.971,0.9422,0.9566,False,False Positive (Hallucination),0.9566
bog je stories jim luke gave,1,0,0.0752,0.0116,0.0434,False,False Negative (Missed Hate),0.9566
चीन को घेरने की तैयारीअमेरिका भारतऑस्ट्रेलिया और जापान को मिलाकर नाटो जैसा संगठन बनाना चाहता है दिल्ली में मिल सकते हैं चारो देश,0,1,0.9872,0.9261,0.9566,False,False Positive (Hallucination),0.9566
भाजपा कोई भी काम करेगी कोंग्रेसी सपा भस्पा ज़रूर भोंकेंगे क्यूँ की इनका काम भोंकने का है कुछ करना इनको आता नहीं है साले हरामख़ोर,1,0,0.0338,0.0532,0.0435,False,False Negative (Missed Hate),0.9565
अल तकिया मास्टर है ये जिहादी सुअर,0,1,0.9887,0.9243,0.9565,False,False Positive (Hallucination),0.9565
वह मुल्ला नॉट्स और क्रॉसस खेलना नहीं सीखा रहा । वह इस्लामी स्कूल में मुस्लिम लड़कियों को हिंदुत्व पर इस्लाम की तुलनात्मक श्रेष्ठता सिखा रहा है।,0,1,0.9765,0.9365,0.9565,False,False Positive (Hallucination),0.9565
आशुतोष लिखते है ये जो ट्विटर पर आप लोग मेरी हर बेइज्जती के बाद फर्जी संवेदना दिखाते है वो बंद किजिये इसे ही देख गलतफहमी में मै एक बार चुनाव लड़ बैठा था साला जमानत भी जब्त हो गया था,1,0,0.021,0.0663,0.0436,False,False Negative (Missed Hate),0.9564
मुझे तुम जैसे पाकिस्तानियों से नफरत है,0,1,0.9317,0.981,0.9564,False,False Positive (Hallucination),0.9564
मई तुम जैसे पॉलिटिकन को बहोत घृणा करता हु,0,1,0.9637,0.9489,0.9563,False,False Positive (Hallucination),0.9563
gravity ki maa ki choot,0,1,0.9554,0.9572,0.9563,False,False Positive (Hallucination),0.9563
bhai mekko toh sab hate u hi bolte subah subah,1,0,0.0662,0.0211,0.0437,False,False Negative (Missed Hate),0.9563
जो साले कह रहे थे कि हमे 15 लाख नही चाहिए वो 60 रुपये की चटाइयों के लिए आपस मे झगड़ा कर रहे थे रोहतक में,1,0,0.0629,0.0247,0.0438,False,False Negative (Missed Hate),0.9562
and then what is information technology,1,0,0.0701,0.0176,0.0439,False,False Negative (Missed Hate),0.9561
calendar se ganghi hate to problem. but sleepper per gandhi se koi prob nahi …,1,0,0.0325,0.0555,0.044,False,False Negative (Missed Hate),0.956
आप यह नहीं लिख सकते कि मैं तुम्हारे जैसी किसी भी मुसलमान का वध करूंगा तो मैं आपको उसके लिए अदालत ले जाऊंगा।,0,1,0.9649,0.9471,0.956,False,False Positive (Hallucination),0.956
हिजड़े ही सबसे मूर्ख होती हैं,0,1,0.9324,0.9794,0.9559,False,False Positive (Hallucination),0.9559
मेरे मन में उन लोगों के लिए कोई सम्मान नहीं है जो हिन्दू सबसे बकवास होते हैं जैसी बातें लिखते हैं।,1,0,0.0168,0.0715,0.0441,False,False Negative (Missed Hate),0.9559
कंपनी में चोरी करने आए बदमाश की गोली लगने से मौत कंपनी में मौजूद गार्ड ने चोर को रोकने के लिए चलाई गोली बदमाश के हाथ और पैर में लगी गोली अस्पताल में हुई मौत कंपनी की सूचना पर मौके पर पहुंची ईकोटेक थर्ड थाना पुलिस।,1,0,0.0668,0.0213,0.0441,False,False Negative (Missed Hate),0.9559
मैं तुम जैसे हिन्दुओं को नहीं और झेल सकता,0,1,0.9552,0.9565,0.9558,False,False Positive (Hallucination),0.9558
6. मजहब नही सिखाता आपस मे बैर करना। कोरा झूठ मजहब के नाम पर ही इस्लामिक चरमपंथियों ने कश्मीर से भगाया मजहब के नाम पर ही देश का बंटवारा कराया। 30 लाख लोग मारे गए।,0,1,0.9837,0.9279,0.9558,False,False Positive (Hallucination),0.9558
मैं कल किसी एक दलित को चाकू से मारूंगा,1,0,0.0527,0.036,0.0444,False,False Negative (Missed Hate),0.9556
वह बन्दर आप सभी महिलाओं को मिलकर भी ज्यादा बुद्धिमान है,1,0,0.0326,0.0562,0.0444,False,False Negative (Missed Hate),0.9556
उसके सामने मत जाना सुवर तुझे ही गोली मारेगी समझा। और तेरी औकात नहीं और तुझसे उम्मीद भी नहीं की तू महिलाओं का सम्मान करे मुझे तो लगता है तू अपनी मां का भी सम्मान नहीं करता होगा। साला फाल्तू की पैदाइश।,1,0,0.0278,0.061,0.0444,False,False Negative (Missed Hate),0.9556
हिजड़ों की यही खासियत होती है बिलकुल नीच होती है,0,1,0.9406,0.9704,0.9555,False,False Positive (Hallucination),0.9555
kabristan men boundry aur jo log zinda hain unke liye koi security nahin. khulle aam murder lekin koi fir nahin. think b4 vote!! #upvote,1,0,0.032,0.0572,0.0446,False,False Negative (Missed Hate),0.9554
बबीता पायल का असर कम हो गया था इसलिए पागल कंगना को बीजेपी ने लाया है अंध भक्तों का मनोरंजन करने के लिए,1,0,0.0125,0.0768,0.0446,False,False Negative (Missed Hate),0.9554
आतंक की आरोपी को टिकट देने वाली पार्टी पूरे देश मे सबका क्लीन स्वीप कर गई और अहिंसा के पुजारी को एक विचाराधीन कैदी को टिकट देने पर उनकी इमेज में समस्या खड़ी हो रही थी। मर भी जाएं तो नेताजी नहीं बन सकते। ना ही प्रसाद में मिला सीएम पद अब कभी दोबारा नसीब होगा। वो नेताजी की देन थी।,1,0,0.0072,0.0821,0.0446,False,False Negative (Missed Hate),0.9554
tumhari maakichooooooo,1,0,0.0658,0.0235,0.0447,False,False Negative (Missed Hate),0.9553
तुम सब बांग्लादेशी बईमान हो,0,1,0.9805,0.9299,0.9552,False,False Positive (Hallucination),0.9552
mountain du dar ki ma ki chut,0,1,0.9517,0.9587,0.9552,False,False Positive (Hallucination),0.9552
g***d jali na santro ki,0,1,0.9223,0.9881,0.9552,False,False Positive (Hallucination),0.9552
attankwadi sala. murder or issme fark nehi dikhta sale.,0,1,0.9167,0.9937,0.9552,False,False Positive (Hallucination),0.9552
यादरखो थप्पड़ तो महात्मा गांधी को भी मारा गया था परंतु वह एक महिला थी महात्मा गांधी ने उनकी इज्जत के साथ दूसरा गाल दिखाया था परंतु यहां थप्पड़ बाजी राजनीतिक घटियापन के वजह से हो रही है इसलिए मारने वाले का हाथ तोड़ दो ताकि थप्पड़ मारने वालों को सबक मिले किसी के बहकावे में ना आएं,1,0,0.0063,0.0834,0.0449,False,False Negative (Missed Hate),0.9551
तो आप सब कर क्या रहे हो कहा गई देश की कूत्ती बिकाऊ दलाल मीडिया जो साले सूअर सब को seculirsm का पाठ पढ़ाते है....अभी ये घटना किसी मस्जिद में हुई होती तो साली मीडिया और bolllywood के सारे सूअर आ जाते ... ..kaha gye ab,1,0,0.0386,0.0512,0.0449,False,False Negative (Missed Hate),0.9551
मैं तुम जैसे समलैंगिक लोगो को नहीं और झेल सतका,0,1,0.9586,0.9516,0.9551,False,False Positive (Hallucination),0.9551
is it weird to get jealous when guy always flirt with your bf he is a good looking guy and you cannot tell he is straight unless i am clinging to him so he gets a lot of attention from men it kind of makes me irrationally jealous and overprotective even though i know he is mine and he does not reciprocate with the fags at all am i paranoid here,1,0,0.0168,0.0731,0.045,False,False Negative (Missed Hate),0.955
तू मरा नहीं अभी तक सुना था कही कि कुत्तो को कोरोना होने लगा तो सोचा कि चलो एक आतंकी कम हुआ पर साला तू तो जिंदा हैं सही कहा किसी ने कि भगवान को अच्छे लोगों कि जरुरत होती है कमीनो कि नही शायद इसलिए।,1,0,0.026,0.0642,0.0451,False,False Negative (Missed Hate),0.9549
bolo teri maaa ka chut______indian only like,0,1,0.9642,0.9456,0.9549,False,False Positive (Hallucination),0.9549
मेरी राय में आप जैसे पाकिस्तानी मरने के लायक हैं,1,0,0.0338,0.0567,0.0452,False,False Negative (Missed Hate),0.9548
जन्माष्टमी मे मोर पंख इतना ज्यादा महत्वपूर्ण है कि उसके लिए राष्ट्रीय पक्षी को भी नहीं बख्शा। ये घटना कहाँ की है मैं नहीं जानता लेकिन क्या इन जीवों की हत्या ज़ायज है या ये सवाल बकरीद ईद के लिए ही है,1,0,0.0162,0.0743,0.0452,False,False Negative (Missed Hate),0.9548
eat 5 star do nothing + mountain dew dar ki maa ki chut,0,1,0.9439,0.9654,0.9546,False,False Positive (Hallucination),0.9546
हम निचली जात के लोगों का एक समूह है,0,1,0.9546,0.9546,0.9546,False,False Positive (Hallucination),0.9546
कंगना के समर्थन में करणी सेना शिवसेना के खिलाफ प्रदर्शन में फूंका संजय राउत का पुतला,0,1,0.9874,0.9218,0.9546,False,False Positive (Hallucination),0.9546
मई निचली जात के लोगों का बिरोध कतरा हूँ,0,1,0.9542,0.955,0.9546,False,False Positive (Hallucination),0.9546
rt : प्राइवेट नौकरी करने वाले लड़के को अपने लिये लड़की ढूँढना 6 गेंद पर 36 रन बनाने से कम नहीं !! इसलिए निजीकरण का विरोध करो,1,0,0.0246,0.0663,0.0454,False,False Negative (Missed Hate),0.9546
कोइ भी पाकिस्तानी कभी भी समाज का मूल्यवान सदस्य नहीं हो सकता,0,1,0.9469,0.9621,0.9545,False,False Positive (Hallucination),0.9545
निचली जात के लोगों सबसे बबाकस होते हैं,0,1,0.9582,0.9506,0.9544,False,False Positive (Hallucination),0.9544
इंग्लैंड की तरफ से सबसे ज्यादा रन मोइन अली ने बनाए,1,0,0.0132,0.0782,0.0457,False,False Negative (Missed Hate),0.9543
dhruv rathee bhadve.। brain washer,0,1,0.9193,0.9892,0.9543,False,False Positive (Hallucination),0.9543
"सुप्रभात, ये स्वयं को एकदम गुरुकुल से निकला जनेऊधारी बता रहा है?जैसे एक बड़े नेता हैं?पर ऐसा आरोप कोई महिला स्वयं पर झूठा नहीं लगा सकती?ऊपर से ये पायल को चुप रहने व देख लेने की धमकियां देता है ठोको साले को?",1,0,0.0128,0.0787,0.0457,False,False Negative (Missed Hate),0.9543
कमीनी जलील औरत बेहूदा औरत तू होगी मुगल की औलाद राजपुतनियो ने तो जौहर किये पर अपनी अस्मत पर हाथ नही आने दिया । इस कमीनी को अरेस्ट किया जाना चाइये। 2 टके की चमची link,1,0,0.0047,0.0868,0.0457,False,False Negative (Missed Hate),0.9543
maarrrree ekra ammii ke chhodo,1,0,0.0158,0.0759,0.0458,False,False Negative (Missed Hate),0.9542
पाकिस्तानियों को पता होना चाहिए की वे हमसे छोटे जीव हैं,0,1,0.9272,0.9812,0.9542,False,False Positive (Hallucination),0.9542
tera khana ni asa ho gaya h ki oye tentu udr kyu hai ahja meri g#nd me guss ja..... aur karo masti,0,1,0.9217,0.9868,0.9542,False,False Positive (Hallucination),0.9542
एक बीजेपी के मुख्यमंत्री है और हद तो तब हो गई जब बेटी पढाऔ बेटी बचाओ का नारा देने वाले मुख्यमंत्री ने अपनी ही प्रदेश की कर्मियों को बिक्री के लिए शराब दुकान पर बैठने पर मजबूर कर दिया,1,0,0.0397,0.0521,0.0459,False,False Negative (Missed Hate),0.9541
dushman ka dushman dost hota hai na we both hate our 7 phuphoz,0,1,0.9417,0.9665,0.9541,False,False Positive (Hallucination),0.9541
मैंने कभी ऐसा खाना नहीं खाऊंगा जो किसी बांग्लादेशी ने छुआ हो,0,1,0.9606,0.9477,0.9541,False,False Positive (Hallucination),0.9541
बिहार चुनाव बदले माहौल में बीजेपी की वर्चुअल रणनीति डिजिटल माध्यम से जनता तक पहुंचाएगी अपनी बात की रिपोर्ट,0,1,0.9847,0.9232,0.954,False,False Positive (Hallucination),0.954
"देश के किसान का तो पता नही पर भो#डी के तेरे पिछवाड़े में जरूर मिर्ची लगी है।।।।।मोदी कैसा भी निर्णय ले,,,जनता आंख मीच कर उसके साथ है,,,,,,ओर ऐसा नेता बनने के लिए तुझे हज़ारों जन्म लेने पड़ेंगे ओर उसके बाद भी कोई गारंटी नही है।।।इस हराम खोर कुते को गली में दौड़ा के मारो साले को।।",1,0,0.01,0.0821,0.046,False,False Negative (Missed Hate),0.954
अगर उन हिजड़ों को मिटा दिया जाए तो हम बेहतर होंगे,0,1,0.956,0.9515,0.9538,False,False Positive (Hallucination),0.9538
समलैंगिक लोगो को चिड़ियाघर में रहना चाहिए,0,1,0.9713,0.9363,0.9538,False,False Positive (Hallucination),0.9538
ग्रुप का हिस्सा बनना राज बब्बर जितिन प्रसाद को पड़ा भारी कांग्रेस चुनाव समितियों से बाहर हुए दोनों नेता,1,0,0.0123,0.0803,0.0463,False,False Negative (Missed Hate),0.9537
twitter is becoming tumblr and i am fucking terrified,1,0,0.0535,0.0391,0.0463,False,False Negative (Missed Hate),0.9537
मुझे सभी महिलाऐं बेकार लगती हैं,0,1,0.9395,0.9679,0.9537,False,False Positive (Hallucination),0.9537
स्वभाव से ही महिलाऐं कभी भी आकर्षक नहीं होती,0,1,0.9547,0.9526,0.9537,False,False Positive (Hallucination),0.9537
priyank ki mom ko bhej nai sakte yaar hate dis show biased they r heartless pri ki mom ko bhejte yaar gandagi kyu,1,0,0.0312,0.0617,0.0465,False,False Negative (Missed Hate),0.9535
हर देशविरोधी गतिविधियो मे लिप्त कश्यप आतंकियों का दलाल। उमर खालिद के जेल जाने पर बहुत बिलबिला रहा था।अब इसी गद्दार कमीने पर अभिनेत्री ने बलात्कार का आरोप लगाया हैअब ये भी अपने भाई खालिद के पास जेल जाएगा ये वामपंथी गुंडेदंगाईबलात्कारीआतंकीदेशद्रोही सब भाई भाई ही हे पटको तिहाड,1,0,0.0064,0.0867,0.0465,False,False Negative (Missed Hate),0.9535
मीडिया बस मोदी के एक-एक बात को पकड़ के ट्वीट करने में लगा हुआ है? तारीफों के पुल बाधने मे लगी हुई है। लेकिन लीचिंग पे मोदी जी बोलने आए न ये दल्ली मीडिया वाले सवाल करने आये है। देश मे मुस्लिम-दलितो को टारगेट किया जा रहा है। लेकिन कोई भी भाजपाई इसपे बोलने नही आ रहा है। शर्मनाम!,1,0,0.0049,0.0886,0.0467,False,False Negative (Missed Hate),0.9533
how incompetent of a day obama shall not know where she goes down the sidewalk not around or around us...,1,0,0.0174,0.0762,0.0468,False,False Negative (Missed Hate),0.9532
हाई अलर्ट गृह मामलों के अधिकारी बन लोग घरों में कर रहे हैं चोरी,0,1,0.9802,0.9257,0.9529,False,False Positive (Hallucination),0.9529
"aur hum par terrorism ka label lagane wale, duniya ache tarah jante hai aur tu bhe india is the main base of terrorism...",1,0,0.0211,0.073,0.0471,False,False Negative (Missed Hate),0.9529
mr.mukesh ambanee madarchaod terre betee nisha ushkee gaand kisee aur se marayee air baolee mai rape,0,1,0.9646,0.9409,0.9528,False,False Positive (Hallucination),0.9528
"ऐसा नही है हम लोग जब ताली और थाली बजाते है तो पुरी दुनिया देखती है,रही मुल्लो को तो वह साले डरे हुये हिदू है जो खूजटट वाली दाढी और जालीदार टोपी पहनते है,दुनिया मे उनके जैसा हरामी नही है",1,0,0.023,0.0713,0.0472,False,False Negative (Missed Hate),0.9528
राहुल गांधी की सुरक्षा और आवभगत को लेकर शाही परिवार में कई दिनों से बैठकों का दौर जारी था. प्रिंस सलमान ने राहुल गांधी की मेहमाननवाजी के लिए वरिष्ठ मंत्रियों और अधिकारियों और शेखों को तैनात कर दिया था.,0,1,0.981,0.9245,0.9528,False,False Positive (Hallucination),0.9528
we miss bhutto today ye sb zia ul haq ka kachra hai.bhai agr usnay koi gustakhi ki bhi ho to ? was this brutal murder justified? #mashal,1,0,0.0253,0.0694,0.0474,False,False Negative (Missed Hate),0.9526
पुलिस का अपमान करने वाली उस मेंटल महिला को महाराष्ट्र में रहने का अधिकार नहीं शिवसेना,1,0,0.0188,0.076,0.0474,False,False Negative (Missed Hate),0.9526
केवल निचली जात के लोग ही इतने अनपढ़ हो सकते हैं,0,1,0.9511,0.9539,0.9525,False,False Positive (Hallucination),0.9525
उन प्रकार के समलैंगिक लोगो को निष्पादित किया जाना चाहिए,0,1,0.9848,0.9198,0.9523,False,False Positive (Hallucination),0.9523
समलैंगिक लोगो दिमागी रूप से कमज़ोरहोते हैं,0,1,0.9481,0.9562,0.9522,False,False Positive (Hallucination),0.9522
तुम चूतिये अंग्रेज़ों को क्या दिक्कत हैं,0,1,0.9557,0.9488,0.9522,False,False Positive (Hallucination),0.9522
"kya pta ravish ne bhi rape kiya ho ,hme kya pta ,ek hi ghar me to bade hue h dono",1,0,0.0313,0.0644,0.0479,False,False Negative (Missed Hate),0.9521
ply a gear on a bitch live rape in others eyes,1,0,0.0874,0.0083,0.0479,False,False Negative (Missed Hate),0.9521
owaisi tmkc aur kashi mathura kon tera baap batayega thode din ruk jaa fir sab kuch sath me batana,0,1,0.9266,0.9776,0.9521,False,False Positive (Hallucination),0.9521
सबसे बड़ा हरामी तो साला मीडिया ही है ।,1,0,0.0077,0.0883,0.048,False,False Negative (Missed Hate),0.952
से लापता छात्र का मामला डाक से छात्र का आधार कार्ड घर पहुंचा साल बाद छात्र का आधार घर पहुंचा कार्ड पर पड़ा नम्बर पुलिस कर रही ट्रेस परिजनों में बेटे के मिलने की उम्मीद जगी बरगढ़ थाने के लोढउटा गांव का मामला।,0,1,0.9446,0.959,0.9518,False,False Positive (Hallucination),0.9518
"aise logo ka ek hath, ek ankh, ek leg n rape karne wala saman hi kaat dena chahye",1,0,0.0175,0.079,0.0482,False,False Negative (Missed Hate),0.9518
मुसलमानों को ज्ञान देता हुआ एक मुसलमान बुद्धिजीवी इस भीड़ में बैठे हुए कई ऐसे है जो आप के आस पास रहते होंगे कहा हो काफिरों आओ मै उम्मीद करता हूं इस वीडियो को देखने के बाद थोड़ा भी मन में संका हो भाई चारे का वो निकल जाएगा ये आज हर हिंदू तक ये वीडियो पहुंचनी चाहिए,1,0,0.0146,0.0819,0.0483,False,False Negative (Missed Hate),0.9517
राजकीय सम्मान के साथ होगा पूर्व राष्ट्रपति प्रणब मुखर्जी का अंतिम संस्कार,0,1,0.9805,0.9229,0.9517,False,False Positive (Hallucination),0.9517
इस देश में बहुत सारे फूहड़ हैं,0,1,0.9548,0.9484,0.9516,False,False Positive (Hallucination),0.9516
मुसलमानों को जाके एक दुसरे की चुदाई करनी चाहिए,0,1,0.9559,0.9471,0.9515,False,False Positive (Hallucination),0.9515
बीजेपी सरकार की नाकामी से देश में करोड़ लाख लोग अप्रैल से अब तक अपनी नौकरियाँ खो चुके हैं। देश में बेरोज़गारी चरम पर है। अर्थव्यवस्था भी कोरोना पॉज़िटिव पायी गयी है।,0,1,0.959,0.944,0.9515,False,False Positive (Hallucination),0.9515
निचली जात के लोगों की हत्या हो रही है ऐसे ही चुप चाप नहीं बैठ सकते हम,0,1,0.9531,0.95,0.9515,False,False Positive (Hallucination),0.9515
behen ke lu**,0,1,0.955,0.9478,0.9514,False,False Positive (Hallucination),0.9514
rt : जो 526 करोड़ का राफेल 1640 में खरीदते हैं उन्हें 80 रुपए किलो वाला टमाटर मंहगा थोड़े ही लगेगा..!! #चाय_गरम#चाय_गरम,1,0,0.0165,0.0809,0.0487,False,False Negative (Missed Hate),0.9513
दलित मेरे लिए कचरा हैं,0,1,0.9559,0.9466,0.9512,False,False Positive (Hallucination),0.9512
मुसलमानों का जीवन बहुत मूल्यवान है,0,1,0.9575,0.9447,0.9511,False,False Positive (Hallucination),0.9511
मई मुसलमानों का बिरोध कतरा हूँ,0,1,0.9534,0.9487,0.951,False,False Positive (Hallucination),0.951
गेहूं बाजरा चाना मक्का पिछड़ा परिवार के घर में पीसने के लिए देता था तोल के थोड़ी सी भी कम हो जाने पर पिटाई करती थी कपड़ा धोने के लिए पानी पहुंचाने के लिए उस समय हैंडपंप नहीं हुआ करती थी कुएं से पानी निकाल कर उसके घर तक पहुंचाई जाती धानुक जाति उसके घर में बर्तन साफ करते थे,1,0,0.051,0.0471,0.049,False,False Negative (Missed Hate),0.951
sub ghalath ek document nahi tha sare documents masjid ke haq mai hai zabardasti bana rahe hai to banao abraha ka ek khisa guzra hai hatiyano ki fauj le ababeel ek choti si chudiya hai usne kankariya mai mar sare hati ko mar diya tha quran mai zikr hai khir allah ke pass dair hai andher,0,1,0.9062,0.9956,0.9509,False,False Positive (Hallucination),0.9509
wah rashan card banvane ke name par rape krne mms banane vale khud kajri babu par alligation hai aap me sab rapist hai aur chale sikhane,1,0,0.0445,0.0539,0.0492,False,False Negative (Missed Hate),0.9508
and really love my position of intelligence next to being real colonel at this point,1,0,0.0236,0.0752,0.0494,False,False Negative (Missed Hate),0.9506
मैं कल किसी एक महिला को चाकू से मारूंगा,1,0,0.0812,0.0177,0.0495,False,False Negative (Missed Hate),0.9505
के तहत विदेश में फंसे भारतीय नागरिकों को वापस लाने की प्रक्रिया,0,1,0.9717,0.9294,0.9505,False,False Positive (Hallucination),0.9505
"जो चांदनी चौक के दुर्गा मंदिर में हुआ उसका 1% भी दिल्ली की किसी मस्जिद में या आसपास हो जाता तो अबतक प्लेकार्ड गैंग,खान मार्केट गैंग और तथाकथित बुद्धजीवी गैंग रंडी रोना रो रो कर असहिष्णुता का नंगा नाचकर अंतरराष्ट्रीय मंच पर हिन्दुओ को प्रताड़ित कर रहे होते पर अभी सब चुप हैं क्यों?",1,0,0.0238,0.0754,0.0496,False,False Negative (Missed Hate),0.9504
हिजड़ों को उस तरह से प्रताड़ित नहीं करना चाहिए,0,1,0.9371,0.9635,0.9503,False,False Positive (Hallucination),0.9503
सांप सांप को काट सकता है.. कुत्ता कुत्ते को काट सकता है... लेकिन कमीना कमीने को नही काटता,0,1,0.9835,0.917,0.9503,False,False Positive (Hallucination),0.9503
बोहोत ही फूहड़ औरत हैं कँगना एक नंबर की छठी अय्यास हैं कमीनी,1,0,0.0365,0.0632,0.0498,False,False Negative (Missed Hate),0.9502
"nahi jayenge ye log, yehi pe nafrat faila k inko paisa jo milta hai",1,0,0.0173,0.0825,0.0499,False,False Negative (Missed Hate),0.9501
हर तरफ चर्चा ए पब्जी है लेकिन उसके साथ बैन हुए ऐप्स पर कोई बात ही नहीं कर रहा कई ऐसे गेम्स बैन हुए जिसके करोड़ों खेलने वाले थे लेकिन उन पर कोई बात ही नहीं कर रहा है,1,0,0.0138,0.0864,0.0501,False,False Negative (Missed Hate),0.94990003
i hate you we need you for shilpa ji,1,0,0.0126,0.0876,0.0501,False,False Negative (Missed Hate),0.94990003
"matharu se ye poochiye ki ghaziabaad school mein kuch samay pahle rape hua tha, inhone woh mamla daba diya .",1,0,0.0202,0.0799,0.0501,False,False Negative (Missed Hate),0.94990003
"यहीं तो हमारा न्यू इंडिया है, पहले भाजपा देश के अंदर धर्म-जाती की राजनीति लाई?? अब देश के जनता के लोगो के अंदर इतना भेद-भाव कर दिया है bjp और गोदी मीडिया ने की यहां अब रेप करने वालो को धर्म से जोड़ के देखा जाता है। शर्म आती है ऐसे लोगों की सोच के लेकर क्या बना डाला इस देश को।",1,0,0.0099,0.0903,0.0501,False,False Negative (Missed Hate),0.94990003
हम इन पाकिस्तानियों पर बिना किसी दया के अत्याचार करेंगे,0,1,0.932,0.9677,0.9499,False,False Positive (Hallucination),0.9499
तुम जो भी हो कमीनी तुम पेड़ प्यार हो सिर्फ पैसे लेकर तुम यहां पर कि तुम्हारा न दिल है ना दिमाग है और तुमको यह है कि तुम्हारी परिवार के सभी लोग किस से गंदी मौत मरेंगे कमीनी और तब तुझे पता चलेगा मौत क्या चीज होती है हरामजादी एक नंबर की हरामजादी हरामखोर,1,0,0.0177,0.0829,0.0503,False,False Negative (Missed Hate),0.9497
केवल हिजड़े ही इतने हिंसक हो सकते हैं,0,1,0.9421,0.9574,0.9497,False,False Positive (Hallucination),0.9497
he claims some you are amazing and thinks there is nothing wrong with them but i don't care how these people go all different and i disagree about their opinions they need to stop making people out to be so incredible,1,0,0.0548,0.0458,0.0503,False,False Negative (Missed Hate),0.9497
हिजड़े दिमागी रूप से कंजर होते हैं,0,1,0.9439,0.9554,0.9497,False,False Positive (Hallucination),0.9497
"gravity gyi maa chudane, esi koi chiz hi nhi hoti",0,1,0.9076,0.9916,0.9496,False,False Positive (Hallucination),0.9496
bhdswale modi ko boli,0,1,0.9944,0.9046,0.9495,False,False Positive (Hallucination),0.9495
अंग्रेज़ों से बु रा कुछ नहीं है,0,1,0.9428,0.9559,0.9494,False,False Positive (Hallucination),0.9494
tum logo paise milte paise k tttu andhe ho kya 3 murder kis n kiye,1,0,0.025,0.0763,0.0506,False,False Negative (Missed Hate),0.9494
एक अपराधी के काफिले को काले झंडे दिखाने के लिए मोदी और ढोगी योगी की गुंडों की फोज एक बेटी को प्रताड़ित करते हुए इसे कहते बेटी बचाओ बेटी मरवाओ,1,0,0.0094,0.0918,0.0506,False,False Negative (Missed Hate),0.9494
betay abb pata chala baap kaun hay kashmir may terrorism bund hona chaiey warna jald hee ye hee haal karien gay tumhari fauj ka …,1,0,0.0266,0.0747,0.0507,False,False Negative (Missed Hate),0.9493
हिन्दुओं का जीवन किसी और से काम नहीं है,0,1,0.9428,0.9558,0.9493,False,False Positive (Hallucination),0.9493
केवल हिन्दू ही इतने हिं स क हो सकते हैं,0,1,0.9411,0.9575,0.9493,False,False Positive (Hallucination),0.9493
योगी बाबाजी इस कमीने का मांग जल्द पूरा कीजिए। यह एक बड़ा हुआ पान है जो मुंह में चबा रहा है। इस सड़े हुए पान को गंदे नाले में हीं फेंकने में भला है।,1,0,0.0215,0.08,0.0508,False,False Negative (Missed Hate),0.9492
rt : आज सारे गिद्ध अपने मर्द होने पर जश्न मनायेंगे ।,1,0,0.0183,0.0834,0.0509,False,False Negative (Missed Hate),0.9491
जब मैं इन्हे मार दूंगा तब ये मुसलमान हसना बंद कर देंगे,0,1,0.9534,0.9448,0.9491,False,False Positive (Hallucination),0.9491
ye to achchha hai ki up me bijli ki durdasha hai nahi to jis tarah nangi taar latki hui hai rape se jyada current se mar jate,0,1,0.9735,0.9247,0.9491,False,False Positive (Hallucination),0.9491
mountain dew darki maa ki chut,0,1,0.9624,0.9354,0.9489,False,False Positive (Hallucination),0.9489
dar ki double m@@ ki ch###,0,1,0.947,0.9509,0.9489,False,False Positive (Hallucination),0.9489
आप ये नहीं कहे सकते की हिजड़ों बेकार है,1,0,0.0287,0.0734,0.0511,False,False Negative (Missed Hate),0.9489
"सांसद कहलाने लायक नही है, जूते मार के भगाओ साले को, ऐसे ऐसे नालायक को कजरीवाल ने पार्टी में भर रखा है, हरामखोर है साला, मार के भगाओ संसद भवन से। #संजय_सिंह_गुंडा_है",1,0,0.0392,0.0635,0.0514,False,False Negative (Missed Hate),0.9486
to kya hindu ko ye hi sikhate hai ki maa ki ijjat karo or dusri girls ke saath rape karo,1,0,0.035,0.0683,0.0516,False,False Negative (Missed Hate),0.9484
नस्लभेद पर क्या कहती हैं मार्टिन लूथर किंग की बेटी,1,0,0.0861,0.0171,0.0516,False,False Negative (Missed Hate),0.9484
क्या मुस्लिम समुदाय का नौजवान हिन्दू बनके कोई मुस्लिम लड़के को पकड़के एक दो थप्पड़ मार्के 'जय श्रीराम' बोलने के लिए मजबूर तो नही करा रहे हैं हिन्दू समाज को बदनाम करने के लिए। और ये भी हो सकता हैं इसमे कुछ पोलिटिकल ओर मीडिया का भी हाथ हैं हिन्दू को बर्बाद करने के लिए। सावधान ....,1,0,0.0068,0.0966,0.0517,False,False Negative (Missed Hate),0.9483
daar ki maa ki ch***t,0,1,0.9427,0.9538,0.9483,False,False Positive (Hallucination),0.9483
she is a woman she is not fucking evil for fuck s sake,0,1,0.9058,0.9908,0.9483,False,False Positive (Hallucination),0.9483
थप्पड़ मर के पुचकारना.. कोई भी मुसलमान माफी नहीं मांगेगा सिर्फ ऊपर ऊपर का दिखावा करेंगे हरामी,1,0,0.0153,0.0884,0.0519,False,False Negative (Missed Hate),0.9481
aur akhilesh rape yukt serkar chalata tha .. khoob rape karo him bachayenge,1,0,0.023,0.0812,0.0521,False,False Negative (Missed Hate),0.9479
इसकी नींव भी सरकार की तरह कमजोर थी जो दूसरों पर ही टिकी हुई थी।,1,0,0.0818,0.0224,0.0521,False,False Negative (Missed Hate),0.9479
इसरो ब्राह्मणवादी है और अल्पसंख्यक विरोधी भी चाँद पर विक्रम ही क्यों भेजा उस्मान अब्दुल या पीटर क्यों नहीं चन्द्रयान से क्या हासिल होगा हजार करोड़ फूक दिए दक्षिण की सतह पर उतर कर केवल सेल्फी लेने के लिए जबकि आज भी भारत मे एक कटोरा दाल भात के लिए लोग मर रहे है,1,0,0.0106,0.0941,0.0523,False,False Negative (Missed Hate),0.9477
hahaha hassi toh aayegi hai tumhare karne pai. isse karne kai chalte toh bangladesh aazad hua tha waha bhi teri pakistani terrorist army nai awrto ka rape kiya tha lagta hai abb baluchistan ki azzadi ki baare hai.,0,1,0.9839,0.9112,0.9476,False,False Positive (Hallucination),0.9476
आगरा में घंटे में भर्ती हुए कोरोना मरीजों की मृत्यु हो गई। यूपी सरकार के लिए कितनी शर्म की बात है कि इसी मॉडल का झूठा प्रचार करके सच दबाने की कोशिश की गई। सरकार की नो टेस्टनो कोरोना पॉलिसी पर सवाल उठे थे लेकिन सरकार ने जवाब नहीं दिया।,1,0,0.018,0.0868,0.0524,False,False Negative (Missed Hate),0.9476
हमें किसी भी पाकिस्तानी को जीने नहीं देना चाहिए,1,0,0.0236,0.0814,0.0525,False,False Negative (Missed Hate),0.9475
महिलाओं का जीवन किसी और से काम नहीं है,0,1,0.9497,0.9452,0.9475,False,False Positive (Hallucination),0.9475
"लगता है #आप मुसलमानो के दिल के काफी करीब हैं,फिर भी आपको बता दूं कि बंटवारा इसलिए ग़लत था क्योंकि जहां मुस्लिम लीग जीती थी वो इलाके छोड़ कर देश के बाकी इलाके #पाकिस्तान को दिये गए। #समझा_करो_यार कि यहां वहीं मुस्लिम रह गए,जिन्हें यहां रहकर बाकी का गजवाए हिंद फतेह करना था। #ठीक_है",1,0,0.0058,0.0995,0.0526,False,False Negative (Missed Hate),0.9474
जिस देश का शासक रंडवा हो उस देश की जनता विधवा की तरह रहती है। ये बात चाण्कय ने गांजा पीकर नही पूरे होश-हवाश में लिखा था।,0,1,0.9784,0.9162,0.9473,False,False Positive (Hallucination),0.9473
अब ये पाकिस्तानी कुतिया भी बोलने लगी देखने मे एकदम पक्का आवारा और बेस्या छक्का लग रही है,1,0,0.0865,0.019,0.0528,False,False Negative (Missed Hate),0.9472
remember when whatever used to gasp at it means cool a k a but now and it means cool a k a has just become common for more,1,0,0.0184,0.0875,0.0529,False,False Negative (Missed Hate),0.9471
blocked what a fucking load of old shit,0,1,0.9077,0.9863,0.947,False,False Positive (Hallucination),0.947
कोरोना से जंग लड़ती देश की राजधानी दिल्ली में डीआरडीओ ने रिकॉर्ड समय में तैयार किया सरदार वल्लभभाई पटेल कोविड अस्पताल जो इस जरूरत के वक्त राष्ट्र सेवा में दे रहा है अहम योगदान,0,1,0.9494,0.9444,0.9469,False,False Positive (Hallucination),0.9469
मुसलमानों के बगैर तो ये बुखा मार जाएंगे,0,1,0.934,0.9598,0.9469,False,False Positive (Hallucination),0.9469
swag d and was so fucking scared ffffffffffffuuuuuuuuuuuuuuuuuuuuuuccccccccccccccckkkkkkkkkkkkkkkkkkkkkkkkkkkkkkk tonight whatever are ye young let not set the house on fire love this song this song never more than never check out the rain called its raining million people washed clean,1,0,0.0428,0.0634,0.0531,False,False Negative (Missed Hate),0.9469
मंदिर में रमजान इफ़्तार और नमाज़ का आयोजन तो हमेशा होता है लेकिन मुसलमानों ने आज तक एक भी मज़्ज़िद में नवरात्री पूजा का आयोजन नहीं किया मुझे शर्म आती है क्या यह सेक्युलरिज़्म का ठेका सिर्फ़ हिन्दू भाइयों ने ले रखा है रुबिका लियाकत ने कहा मंदिर में रमज़ान तो होती है पर मस्जिद में नवरात्री नहीं,1,0,0.0569,0.0497,0.0533,False,False Negative (Missed Hate),0.9467
beat me to it douchebag,0,1,0.9934,0.9001,0.9467,False,False Positive (Hallucination),0.9467
हिन्दू दिमागी रूप से कमज़ोर होते हैं,0,1,0.9473,0.9462,0.9467,False,False Positive (Hallucination),0.9467
महंगाई पेट्रोल की कीमतों में बढ़ोतरी के साथ हुई महीने की शुरुआत दिल्ली में पेट्रोल रुपए प्रति लीटर पर पहुंचा,0,1,0.9896,0.9037,0.9466,False,False Positive (Hallucination),0.9466
यदि वे हिजड़े हैं तो उनके दिमाग पक्का खराब होंगे,0,1,0.9357,0.9576,0.9466,False,False Positive (Hallucination),0.9466
i love how controlling bitches are,1,0,0.099,0.0081,0.0535,False,False Negative (Missed Hate),0.9465
full chutiapa,0,1,0.9421,0.9506,0.9464,False,False Positive (Hallucination),0.9464
"rt : सुरक्षा मिलनी चाहिए संजीव भट्ट जैसे ऑफिसर को, जिनको जेल में डाल दिया गया है। अफ़सोस की सुरक्षा ना चने और कॉ'मेडी करने वालों…",1,0,0.0134,0.0937,0.0536,False,False Negative (Missed Hate),0.9464
"mr mulayam yadav ji kehte hai rape ki ghtna koi badi baat nhi hai, bachho se galti ho jati hai.",1,0,0.0294,0.0777,0.0536,False,False Negative (Missed Hate),0.9464
बांग्लादेशी ही सबसे मूर्ख होती हैं,0,1,0.944,0.9483,0.9462,False,False Positive (Hallucination),0.9462
अरे रांड तुझे क्या पता खेती की abcd का कुत्ती कमीनी तूने अपनी औक़ात दिखा ही दी तुझे देश का किसान कभी माफ नही करेगा,1,0,0.071,0.0369,0.0539,False,False Negative (Missed Hate),0.9461
हिना से सोनी बनी लड़की परिजनों से परेशान होकर पहुंची पुलिस के पास हिना ने हिंदू रीति रिवाज से शादी की थी शादी के बाद सोनी नाम रखा बर्रा गुजैनी के नितेश के साथ लव मैरिज की परिजन देते हैं जान से मारने की धमकी बर्रा के गुजैनी मर्दनपुर गांव का मामला।,1,0,0.0144,0.0933,0.0539,False,False Negative (Missed Hate),0.9461
मई समलैंगिक लोगो की निंदा करता हूँ,0,1,0.938,0.9541,0.946,False,False Positive (Hallucination),0.946
मई मुसलमानों का विरोध करता हूँ,0,1,0.9449,0.947,0.9459,False,False Positive (Hallucination),0.9459
पश्चिम बंगाल में शरिया कानून के तहत लोगों पे हो रहे अत्याचार ज्यादातर बांग्लादेशी रोहिंग्या मुसलमान बहुल क्षेत्रों रहे हिन्दुओं पर अत्याचार पर कोई सुनने वाला नहीं है ।सेक्युलरीझम के कीड़े कहाँ हो कहाँ है भारत का संविधान ।,0,1,0.9594,0.9325,0.9459,False,False Positive (Hallucination),0.9459
"bkl, islam 1400 saal purana aur 1500 saal purani mandir ki zameen tumhari, waah",0,1,0.8945,0.9971,0.9458,False,False Positive (Hallucination),0.9458
acha..hindu dharma ko bad me dekhna jao.halala roko.masumo.ka rape hota he is bahane se,1,0,0.0389,0.0695,0.0542,False,False Negative (Missed Hate),0.9458
सभी बांग्लादेशी प्रतिकक होते हैं,0,1,0.9457,0.9459,0.9458,False,False Positive (Hallucination),0.9458
गुमशुदा बच्चे को पुलिस ने बरामद किया पिता की डांट से घर से भागे बच्चे को पुलिस ने घंटे में बरामद किया पुलिस ने बच्चे को माता पिता को सौंपा बिसरख थाना पुलिस ने बच्चा किया बरामद।,1,0,0.0498,0.0593,0.0545,False,False Negative (Missed Hate),0.9455
मुंबई में लगे पाकिस्तान जिंदाबाद के नारे वह भी मंत्री जी के सामने,1,0,0.0526,0.0569,0.0547,False,False Negative (Missed Hate),0.9453
दलितों से बु रा कुछ नहीं है,0,1,0.9452,0.9452,0.9452,False,False Positive (Hallucination),0.9452
"jinhone mara unhe kosh liya. ab baari us pm ki hai, jo demonetization se terrorism control kar raha tha. nation needs to know.",1,0,0.0116,0.0979,0.0548,False,False Negative (Missed Hate),0.9452
मै अंग्रेज़ों की निं दा करता हूँ,0,1,0.9261,0.9639,0.945,False,False Positive (Hallucination),0.945
जब मुसलमान मुझसे बात करते हैं तो मैं उन्हें मारना चाहता हूँ,0,1,0.9473,0.9428,0.945,False,False Positive (Hallucination),0.945
वो भोपाली जिहादी सुअर अल तकिया चला रहा है।,0,1,0.9884,0.9013,0.9448,False,False Positive (Hallucination),0.9448
wanha hatred paadhaya jatahai isliea sab jhatred,0,1,0.9051,0.9844,0.9447,False,False Positive (Hallucination),0.9447
dar ki maa ki ch*u,0,1,0.9365,0.9527,0.9446,False,False Positive (Hallucination),0.9446
दिल्ली कैबिनेट ने सितम्बर को दिल्ली विधानसभा का एक दिन का विशेष सत्र बुलाने का फैसला किया है,1,0,0.1003,0.0104,0.0554,False,False Negative (Missed Hate),0.9446
दिन से ऊपर हो गए सुशांत सिंह की आत्महत्या को खबर चलाते हुए अंत में सुशांत सिंह ड्रग्स लेने वाला साबित कर दीया मरने के बाद उसे अपराधी बना दी हत्या आत्महत्या की जांच हो रही थी अचानक ड्रग्स की जांच होने लगी,0,1,0.9381,0.9508,0.9445,False,False Positive (Hallucination),0.9445
"bhaiya ravish , tere bhai ne eh ladki ka rape kiya wo ladki ko bhi insaaf nhi mila abhi tsk kabho prime time pe us ladki tarf se bhi bolo.",1,0,0.0221,0.0888,0.0555,False,False Negative (Missed Hate),0.94449997
chutyeeee pehle ache se research kiya kar randikeeeee,0,1,0.898,0.9908,0.9444,False,False Positive (Hallucination),0.9444
दुःखद घटना असामाजिक तत्वों ने पश्चिम बंगाल के मुस्लिम घरों को जलाकर राख कर दिया यह घटना सुबह बजे मंगलवार को पश्चिम बंगाल के तेलनीपारा जिले में हुई हिन्दू मुस्लिम नफ़रत की वजह से जलता हुआ भारत कब तक ऐसा होता रहेगा,1,0,0.008,0.1032,0.0556,False,False Negative (Missed Hate),0.9444
किसी भी हिजड़े के प्रभार होने से हमार देश को खतरा है,0,1,0.9824,0.9061,0.9443,False,False Positive (Hallucination),0.9443
मैंने आपके लिए सारा सम्मान खो दिया जब आपने कहा कि मेरे जैसी मुसलमान घिनौना हैं।,1,0,0.0864,0.0254,0.0559,False,False Negative (Missed Hate),0.9441
there currently are many london areas that could be described further as nothing less than little known islamic provincial republics,1,0,0.0105,0.1012,0.0559,False,False Negative (Missed Hate),0.9441
"who the fuck, which country from these people ?",0,1,0.9027,0.9851,0.9439,False,False Positive (Hallucination),0.9439
"हराम की या फिरी का खाने वाले किसी गुंडे को ही चुनाव जिता सकते हैं,और तू तो कमीने हिजडों से भी गया गुजरा है जो आज पूरे देश ने देखा__थू",0,1,0.9858,0.9017,0.9438,False,False Positive (Hallucination),0.9438
न चोर हूं न चौकीदार हूं साहब मैं तो बेरोजगार हूं,1,0,0.0576,0.0549,0.0563,False,False Negative (Missed Hate),0.9437
hindustan ne 4 bar pak ka rape kiya koi nahi aya bich mein or ha agali bar bhi karenge suwar,1,0,0.0598,0.053,0.0564,False,False Negative (Missed Hate),0.9436
"rt : इस समय मोदीजी बहुत शांत है, कहीं ये शांति जनसंख्या नियंत्रण कानून के पहले वाली शांति तो नहीं..",1,0,0.0177,0.0953,0.0565,False,False Negative (Missed Hate),0.9435
मैं जिस भी अगले हिजड़े को देखूंगा उसे मार दूंगा,0,1,0.9381,0.9488,0.9434,False,False Positive (Hallucination),0.9434
प्रणब मुखर्जी प्रधानमंत्री न बन पाने की कसक रही जीवन भर,0,1,0.9173,0.9695,0.9434,False,False Positive (Hallucination),0.9434
mountain dew dar ke ma ki chut,0,1,0.9415,0.9436,0.9425,False,False Positive (Hallucination),0.9425
ek kaam kro ye 3 ldke jha bhi dikhe jaan se maar dena inko rap ka rape kr dia,1,0,0.0359,0.0796,0.0577,False,False Negative (Missed Hate),0.9423
तुम्हारी मानसिकता साफ़ ज़ाहिर हो रही है तुम अपने आप को भक्त और ऊँचा मानते हो ना तो जाओ अपने अब्बा मोदी से थोड़ी इज्जत मिल जाये बिना किसी इलेक्शन के तो हमे भी बता देना,1,0,0.0176,0.0981,0.0578,False,False Negative (Missed Hate),0.9422
behanchooodd,0,1,0.9801,0.9043,0.9422,False,False Positive (Hallucination),0.9422
मैं कल किसी एक हिजड़े को चाकू से मारूंगा,1,0,0.0993,0.0162,0.0578,False,False Negative (Missed Hate),0.9422
केवल समलैंगिक ही इतने हिंसक हो सकते हैं,0,1,0.947,0.9372,0.9421,False,False Positive (Hallucination),0.9421
to tere hisab se rape hone ka karan choti dress hoti hai,1,0,0.0238,0.0923,0.058,False,False Negative (Missed Hate),0.94200003
तुम जैसे पॉलिटिकन समाज के लिए खतरा है,0,1,0.9814,0.9026,0.942,False,False Positive (Hallucination),0.942
वे बहुत से निचली जात के लोगों के साथ काम करते हैं,0,1,0.938,0.946,0.942,False,False Positive (Hallucination),0.942
mountain dewdar ki maa ki chut,0,1,0.951,0.9328,0.9419,False,False Positive (Hallucination),0.9419
jitne bhi atanwadi pakde gaye h na wo sub hindu h ek bhi muslim nhi or jo bhuchadkhane chala rahe h na wo bi hindu h or rape baba,1,0,0.0359,0.0805,0.0582,False,False Negative (Missed Hate),0.9418
all pakistani are pig . ye saale kabhi terrorism band nahi karenge.,1,0,0.0903,0.0263,0.0583,False,False Negative (Missed Hate),0.9417
and i have a soul to sell you face with joy of joy shoulder with joy from pleasure face with tears less joy mask with cry of joy face with tears of shame,1,0,0.1138,0.003,0.0584,False,False Negative (Missed Hate),0.9416
तुम जैसे आर्टिस्ट के पास बिलकुल व् दिमाग नहीं है,1,0,0.0928,0.024,0.0584,False,False Negative (Missed Hate),0.9416
"ए! कायर हिन्दू तुम कहाँ कहाँ से भागोगे? पहले कश्मीर फिर कैराना और अब मेरठ, 300 साल की गुलामी में तुम्हारे अंदर वे साहस और हिम्मत को मार दिया है इसलिए तुम सेकुलरिज्म की बात करते हो!!! धर्म और सत्य के लिए लड़ो चाहे प्राण ही क्यों ना चले जाए!! यही सनातन है, यही धर्म है।",1,0,0.0594,0.0579,0.0586,False,False Negative (Missed Hate),0.9414
दलितों से बरुआ कुछ नहीं है,0,1,0.932,0.9503,0.9412,False,False Positive (Hallucination),0.9412
you re m troll fine subscribers to this encyclopedia why will they do this it is hurtful to call up a person who deliberately stirs concern about you if they came with a question for judy blue not a troll fine keep it when they get herpes,1,0,0.0199,0.098,0.0589,False,False Negative (Missed Hate),0.9411
ऐसा नही है हम लोग जब ताली और थाली बजाते है तो पुरी दुनिया देखती हैरही मुल्लो को तो वह साले डरे हुये हिदू है जो खूजटट वाली दाढी और जालीदार टोपी पहनते हैदुनिया मे उनके जैसा हरामी नही है,1,0,0.0242,0.0937,0.059,False,False Negative (Missed Hate),0.941
madhar chido,1,0,0.0248,0.0934,0.0591,False,False Negative (Missed Hate),0.9409
राफैल पे ॐ क्यु लिखा गयाक्या राफ़ैल सिर्फ़ हिन्दुओ का हैक्या भारत सेकुलर मुल्क नही रहा अबउसमे अल्लाह हु अकबर क्यु नही लिखा गयाराफ़ैल के पहियो के नीचे निंबु क्यु रखे गयेक्या ये इस देश के मुसलमानों को डराने की शाजिश नही हैजादा कुछ पूछ भी नही सकते क्युकी डर का माहौल है,1,0,0.0194,0.0988,0.0591,False,False Negative (Missed Hate),0.9409
उसके ज्यादातर दोस्त निचली जात के लोग हैं,0,1,0.9675,0.9141,0.9408,False,False Positive (Hallucination),0.9408
retweet google have you ladies ever seen a tiny penis,1,0,0.0253,0.093,0.0592,False,False Negative (Missed Hate),0.9408
"#nusratjahan मुसलमान कितना भी पढ़ लिखे उसके अंदर का मुल्ला कभी नही निकलता या मरता । या यूँ कहें कि मुसलमान पैदाइशी मुल्ले यानि जाहिल होते हैं। तुम हिंदू लड़की से शादी करो, उसे जबर्दश्ती बुर्का पहनाओ तो सही और भोसडीके तेरी लड़की हमसे शादी कर ले और सिंदूर लगाए तो इस्लाम खतरे मे?",1,0,0.0232,0.0958,0.0595,False,False Negative (Missed Hate),0.9405
ek din ayega ki tumahara hi rape hoga aur jam kad rape hoga,1,0,0.0945,0.0247,0.0596,False,False Negative (Missed Hate),0.9404
मेरे मन में आप निचली जात के लोगों के लिए बिलकुल घृणा नहीं है,0,1,0.9324,0.9484,0.9404,False,False Positive (Hallucination),0.9404
"yeh jo lahore sey nifrat hai, yeh kisi aur sey nafrat hai.. :p likin sajjo ka scene different hai",1,0,0.0094,0.1103,0.0598,False,False Negative (Missed Hate),0.9402
this could be quicker if they did something and executed more of those political terrorists they are depriving allah in their basic human rights,1,0,0.0151,0.1045,0.0598,False,False Negative (Missed Hate),0.9402
pahle tho padle bsk,0,1,0.987,0.893,0.94,False,False Positive (Hallucination),0.94
"poori video dekh re andhbhakt is hisab se mai bhi bolunga saraswati ka rape kiya bramha ne, krishna ne 16000 ka rape kiya, sita ravan k sath bhaggai",1,0,0.0461,0.0742,0.0601,False,False Negative (Missed Hate),0.9399
कल से गयापंडित दीनदयाल उपाध्याय रेलखंड पर शुरू होगा परिचालन भभुआ से पटना तक चलेगी ट्रेन प्रियदर्शी की रिपोर्ट,1,0,0.0576,0.0632,0.0604,False,False Negative (Missed Hate),0.9396
: जो माननीय सांसद साम दाम दंड भेद द्वारा चल रहे #धर्मांतरण के धंधे को रोकने के लिए संसद में 'धर्मांतरण विरोधी प्राइवेट मेंबर…,0,1,0.9861,0.893,0.9396,False,False Positive (Hallucination),0.9396
वैसे एक बात बताइए शाहीन बाग में फिक्स रेट है या मोलभाव भी होता है लेकिन हिसाब किताब में आप तो अभिजीत बैनर्जी का न्याय योजना को भी पटकनी दे दिए,1,0,0.0045,0.1163,0.0604,False,False Negative (Missed Hate),0.9396
दलित बिलकुल नीच होते हैं,0,1,0.9363,0.9427,0.9395,False,False Positive (Hallucination),0.9395
deshdrohi hum nahi aap ke mandir ke . pandit hai jo rape karte hain,1,0,0.0529,0.0681,0.0605,False,False Negative (Missed Hate),0.9395
भारत एक ऐसा देश बन रहा है जहां कोई भी मुँह उठाकर सरकार को चुनौती दे सकता है । क्योंकि सरकार चुपचाप सुन रही है और बातचीत कर रही है । फिर चाहे वो चीन हो चाहे पाकिस्तान चाहे तुर्की या फिर एक छोटा सा नेपाल,0,1,0.9428,0.9363,0.9395,False,False Positive (Hallucination),0.9395
muth,1,0,0.1195,0.0023,0.0609,False,False Negative (Missed Hate),0.9391
the only thing women respect is the fist,1,0,0.094,0.0279,0.061,False,False Negative (Missed Hate),0.939
आगरा ट्रिपल मर्डर की गुथी सुलझी मुठभेड़ के बाद मास्टरमाइंड को किया गया गिरफ्तार,1,0,0.1008,0.0213,0.0611,False,False Negative (Missed Hate),0.9389
"रमाकांत,उमाकांत,अतीक अहमद,dp यादव,ददुआ,बालकुमार पटेल,भालचंद्र,मुख्तार अंसारी,शहाबुद्दीन,राजूपाल,ओमप्रकाश पासवान,जवाहर सिंह,फूलन देवी,सूरजपाल जैसे लोग गुंडे,माफिया नही हैं/थे ये सामंती व्यवस्था के खिलाफअस्तित्व की लडाई लडते योद्धा हैं जो मनुवादी मीडिया के दुष्प्रचार का शिकार हुए।",1,0,0.0667,0.0555,0.0611,False,False Negative (Missed Hate),0.9389
you were all insane if you think a hearing by a supreme trial judge is that appropriate place with a mourning father to talk over gun control he may not enact laws he upholds them one should have demanded his state to shake his hand,1,0,0.1157,0.0066,0.0611,False,False Negative (Missed Hate),0.9389
"yes, you are correct. there is no nation who is called hindu nation in the world and these muslims have several nations in the world and in today's world on the name of modernity almost hindus stay silent on such matters and they don't raise their voice which emphasizes these so called swines to do such bull shit action",0,1,0.9845,0.893,0.9388,False,False Positive (Hallucination),0.9388
mary oh your darling girlfriend is ozzie,1,0,0.0873,0.0352,0.0612,False,False Negative (Missed Hate),0.9388
"bhai sab thik hain..tum srk ko hate karte ho ,thik hai..but krk ko sir bol rahe ho,.....wtf...usli 90% fake followers hain...",1,0,0.0295,0.093,0.0612,False,False Negative (Missed Hate),0.9388
बुराड़ी में दिल्ली सरकार का बेड का नया वर्ल्ड क्लास अस्पताल बन रहा है। करोना के इलाज के लिए हम बेड्स अभी शुरू कर रहे हैं। इसका जायज़ा लेने आज मैं और मनीष जी गए थे।,0,1,0.9556,0.9216,0.9386,False,False Positive (Hallucination),0.9386
ise hi kehte hai darrr ki maaki choot,0,1,0.8965,0.9805,0.9385,False,False Positive (Hallucination),0.9385
nopes... nahin hai .. fans hate it and haters hate it... pata chal jaaega ki public ko kaise lag rahi hai,1,0,0.0094,0.1136,0.0615,False,False Negative (Missed Hate),0.9385
रिया और शोविक से चार घंटे तक पूछताछ हुई पहले दौर की पूछताछ खत्म,0,1,0.9786,0.898,0.9383,False,False Positive (Hallucination),0.9383
"ये ऐसा छोटे बच्चो के साथ करते है, खिलौना तोडा तो अगली बार ला के नहीं देंगे। ये तो पढ़ा लिखा है ना। उठा के बाहर फेंक देना चाहिए साले को",1,0,0.0895,0.0342,0.0618,False,False Negative (Missed Hate),0.9382
मेरे सभी चमारों को बहुत सारा प्यार,1,0,0.0978,0.0257,0.0618,False,False Negative (Missed Hate),0.9382
dar ki ma ki ch*t,0,1,0.917,0.9591,0.938,False,False Positive (Hallucination),0.938
agar aap ko lagta hai ki party mai aap ka satkar nahi ho raha hai to aap party se alag kaheko nahi ho hate ho. tum gaddar ho.,0,1,0.9851,0.8907,0.9379,False,False Positive (Hallucination),0.9379
"और तू #भोसडी के ख़ुद लिखता है , अंग्रेज़ी आती है तेरे को? साला अनपढ़ #हरामआदमी तेरे ट्वीट तो कोई #पीएफ़आई का एजेंट लिखता होगा",1,0,0.0103,0.1148,0.0625,False,False Negative (Missed Hate),0.9375
मुसलमानों की जिंदगी का कोई मूल्य नहीं होता,0,1,0.9288,0.946,0.9374,False,False Positive (Hallucination),0.9374
सभी दलित कबाड़ हैं,0,1,0.9427,0.9319,0.9373,False,False Positive (Hallucination),0.9373
abe bharath baap hai thera pakistan ka.. terrorism ka bheed hai thumara saara desh..,1,0,0.0784,0.0471,0.0627,False,False Negative (Missed Hate),0.93729997
behanch**d,1,0,0.088,0.0377,0.0628,False,False Negative (Missed Hate),0.9372
dar ki ma ki ch***,0,1,0.9227,0.9517,0.9372,False,False Positive (Hallucination),0.9372
"jisne seekha hoga bjp se hi seekha hoga. neech sanskaar, gandi zaban, maa-behen ka rape tum log.",0,1,0.9814,0.8926,0.937,False,False Positive (Hallucination),0.937
there are where are you with no paki cab standing by this unknown,1,0,0.1229,0.0037,0.0633,False,False Negative (Missed Hate),0.9367
आप यह नहीं लिख सकते कि मैं तुम्हारे जैसी किसी भी दलित का वध करूंगा तो मैं आपको उसके लिए अदालत ले जाऊंगा।,0,1,0.9726,0.9004,0.9365,False,False Positive (Hallucination),0.9365
मई पुलिस मन की निंदा करता हूँ,1,0,0.1024,0.0248,0.0636,False,False Negative (Missed Hate),0.9364
tv ki sita ko ye b nahi pata ki kya bolna hai kya nahi bas nafrat ki rajneeti se matlab hai inhe,1,0,0.0572,0.0701,0.0637,False,False Negative (Missed Hate),0.9363
केवल हिन्दू ही इतने अनपढ़ हो सकते हैं,0,1,0.9449,0.9273,0.9361,False,False Positive (Hallucination),0.9361
nehru ki maa ki chut**,0,1,0.9373,0.9347,0.936,False,False Positive (Hallucination),0.936
music is hard to pull a post and not really acknowledge that you am xenophobic,1,0,0.0821,0.0458,0.064,False,False Negative (Missed Hate),0.936
सिरसा की सासंद सुनीता दुग्गल ने कहा लाॅकडाउन से बाधित विकास कार्य शीघ्र पूरे होंगे। देखिये प्रदेश से जुडी ख़बरों का लेखाजोखा रोज़ाना शाम बजे सिर्फ दूरदर्शन हिसार पर,0,1,0.9717,0.9002,0.9359,False,False Positive (Hallucination),0.9359
दूसरे हफ्ते में भी ज़ोरदार कमाई कर रही है आयुष्मान खुराना की आर्टिकल जानें अब तक का कलेक्शन,1,0,0.0835,0.0448,0.0641,False,False Negative (Missed Hate),0.9359
why does everyone think jews are evil they really are not and it should be common knowledge to everyone this is getting ridiculous i does not want to have to go around informing people what they should already know,0,1,0.885,0.9865,0.9358,False,False Positive (Hallucination),0.9358
lavander,1,0,0.0031,0.1253,0.0642,False,False Negative (Missed Hate),0.9358
पाकिस्तानी सबसे बकवस होते हैं,0,1,0.9411,0.9303,0.9357,False,False Positive (Hallucination),0.9357
छत्तीसगढ़ में हीरा तस्करी का सबसे बड़ा मामला सामने आया हीरे बरामद,1,0,0.1062,0.0223,0.0643,False,False Negative (Missed Hate),0.9357
"kaha gye bhai, ab issi bnao sirf india ka content bnane me easy hota hai, indian flag ko joothe me rkhne wale fu*k o**",0,1,0.9686,0.9027,0.9356,False,False Positive (Hallucination),0.9356
abe yeh to ben c$$$d nikla,0,1,0.8859,0.985,0.9354,False,False Positive (Hallucination),0.9354
gao rakshak aap se sambhale nahi jaate or baat kerte hain terrorism ki. itna hi dimag bathroom banane mein lagate tou log hagg ker dua dete,1,0,0.068,0.0612,0.0646,False,False Negative (Missed Hate),0.9354
राम जन्मभूमिबाबरी मस्जिद मामले में जल्द ही फैसला आने वाला और इसलिए व्हाट्सएप्प और सोशल मीडिया की कड़ी निगरानी में होगा । जिसके चलते नए संचार दिशानिर्देशों को लागू किया जाएगा ।,1,0,0.0245,0.1048,0.0647,False,False Negative (Missed Hate),0.9353
पाकिस्तानी ही सबसे मुख होते हैं,0,1,0.9282,0.9425,0.9353,False,False Positive (Hallucination),0.9353
उद्धव मुंबई में आज तुमने कंगना का ऑफिस गिराकर बाबा साहब की इज्जत को दुनिया के सामने गिरा दिया और हमारे सारे रिश्ते भी खत्म कर दिए अब धर्म युद्ध होगा कौरवों और पांडवों के बीच का जिसमें मैं तुम्हारे विपक्ष में खड़ा रहूंगा।,1,0,0.0101,0.1193,0.0647,False,False Negative (Missed Hate),0.9353
"bhai ye bateyn kar sakte hai bas..bheekh par palne ki adat hai iinhe..terrorism par bada guman hai inhe..bc,peshwar bhool gye..sorry to say",1,0,0.023,0.1066,0.0648,False,False Negative (Missed Hate),0.9352
eat 5 star do nothing mountain dew daar ki maa ki chut*,0,1,0.9246,0.9456,0.9351,False,False Positive (Hallucination),0.9351
anil apna jo bhi gussa ya jo bhi hai woh jaa ke sahi jagah pe nikalo. zubina pe is tarah ke ghatiya aur hate tweet mat karo,0,1,0.9766,0.8936,0.9351,False,False Positive (Hallucination),0.9351
मजबूत विदेशी संकेतों के बावजूद भारतीय बाजारों की शुरुआत आज सुस्ती के साथ हुई लेकिन कमाई का मौका अभी भी बरकरार,0,1,0.9855,0.8846,0.935,False,False Positive (Hallucination),0.935
फिल्म अभिनेता नसीरुद्दीन शाह बीमार नसीरुद्दीन शाह की तबीयत बिगड़ी नसीरुद्दीन शाह अस्पताल में भर्ती कई दिनों से बीमार हैं नसीरुद्दीन शाह,1,0,0.0273,0.1028,0.0651,False,False Negative (Missed Hate),0.9349
जिन लकड़ो को कुतिया भी न देखे उनसे कैसे फँस जाती है ये बेवकूफ लोग link,1,0,0.1225,0.0078,0.0652,False,False Negative (Missed Hate),0.9348
maintain dew darr ki mkc,0,1,0.9249,0.9446,0.9347,False,False Positive (Hallucination),0.9347
एक जगह बोर्ड लगा था मात्र रु मे प्रधानमंत्री बनने का तरीका सीखे मैने जब अंदर जाकर देखा तो कमीने लोग चाय बनाना सिखा रहे थे।,1,0,0.0647,0.0659,0.0653,False,False Negative (Missed Hate),0.9347
i hate how they loved getting sick,1,0,0.1097,0.0208,0.0653,False,False Negative (Missed Hate),0.9347
today's hate shate target snapchat. ya snapdeal whatever. chalo ussko bhi baandh ke gaari pur bithana hai?,1,0,0.0842,0.0466,0.0654,False,False Negative (Missed Hate),0.9346
or aap logo nay kay kiya thaa economy kay saath rape kar diya thaa scam kar-kar kay kamino ab tumko economy dikhi,1,0,0.0769,0.0538,0.0654,False,False Negative (Missed Hate),0.9346
इतना गुंडा गर्दी करने के बाद ठाकरे कहता है हमारी खामोशी को हमारी कमजोरी ना समझे । इसे आप क्या कहेंगे?,1,0,0.0092,0.1229,0.0661,False,False Negative (Missed Hate),0.9339
sushma tai zvade,1,0,0.1286,0.0037,0.0662,False,False Negative (Missed Hate),0.9338
darr ki maa ki chuuu,1,0,0.0878,0.0446,0.0662,False,False Negative (Missed Hate),0.9338
chutiyapa!,0,1,0.8714,0.9962,0.9338,False,False Positive (Hallucination),0.9338
दुनिया में ऐसा कुछ नहीं है जो मुझे एक बांग्लादेशी से कम पसंद हो,0,1,0.9555,0.9108,0.9331,False,False Positive (Hallucination),0.9331
सभी बांग्लादेशियों को मार डालो जैसी आपकी बातें सही नहीं लगती,1,0,0.0273,0.1066,0.067,False,False Negative (Missed Hate),0.93299997
घर में अगर किसी को लक्षण नहीं है तो क्या एक दूसरे का सामान प्रयोग कर सकते हैं,1,0,0.0893,0.0447,0.067,False,False Negative (Missed Hate),0.93299997
anant singh arun singh omparkash janadan sriagrawal ye hatya rape gunda gardi kre to bht accha,1,0,0.0622,0.0727,0.0675,False,False Negative (Missed Hate),0.9325
"jo sp k gundy atankvadhio rape master logo par police,cort,judjes,gun kush nahi kar paai wo sab aap ki ungli kamal dubaa kar kar sakti. pic.twitter.com/xiowyovvma",1,0,0.0586,0.0767,0.0677,False,False Negative (Missed Hate),0.9323
ों और मस्जिदों का सहयोग न करें इसके बाद लाल रंग के बैकग्राउंड के साथ लिखा है रूह अफ़्ज़ा उसी वक़्फ़ बोर्ड की कंपनी है जो अयोध्या में राम मंदिर का विरोध करते हैं वहीँ निचली और लिखा है निवेदक वीर सावरकर संगठन,1,0,0.032,0.1037,0.0678,False,False Negative (Missed Hate),0.9322
ब्लैक टाॅप की चोटियो को चीन का हिस्सा मानने वाली कांग्रेस अब वहा भारत का कब्ज़ा हैशर्म आ रही है की नही कांग्रेस,1,0,0.0617,0.0747,0.0682,False,False Negative (Missed Hate),0.9318
"चोर मुल्ले को भीड़ मारे तो आसमान टूट पड़ता है,पर अगर यही हरामी मुल्ले मंदिरो को तोडने लगे,बिना किसी उकसावे के,तब पूरी दुनिया का ज्ञान उभर आता है आप जयचंदो की छाती पर, है ना?",0,1,0.9887,0.8742,0.9315,False,False Positive (Hallucination),0.9315
राहुल और प्रियंका के पोस्टर जो बिहार और प्रयागराज कुम्भ में उनके कार्यकर्ता लगा रहे है वे हिन्दू देवी देवताओं का अपमान कर रहे है। क्या इन कार्यकताओं में इतनी हिम्मत है कि इशामासीह और कुरान शरीफ और पवित्र मक्का मदीना के पोस्टर में राहुल और प्रियंका की तस्वीर लगाए। है हिम्मत क्या?,1,0,0.0208,0.1162,0.0685,False,False Negative (Missed Hate),0.9315
असभ्य होना हिजड़ों के सवभव में हैं,0,1,0.9077,0.9544,0.931,False,False Positive (Hallucination),0.931
army ko roti nai milti awam k pas toilet nai or girls ka sath rape.muqabla karty hain pakistan se wah g wah,1,0,0.0513,0.0868,0.069,False,False Negative (Missed Hate),0.931
इसके साथ ही ग्रा मिर्च ग्रा धनिया ली केरोसिन पैकेट मोमबत्ती पैकेट माचिस पैकेट बिस्कुट ली रिफाइन्ड तेल टेबलेट क्लोरीन एवं नहाने का साबुन भी वितरित किया जा रहा है राहत आयुक्त श्री संजय गोयल जी,1,0,0.0101,0.1281,0.0691,False,False Negative (Missed Hate),0.9309
rt : चिंग पूंग पिंग की हालत देख पाकिस्तान का सरपंच इमरान खान जुलाब की दवा ले रहा है.,1,0,0.0497,0.0888,0.0692,False,False Negative (Missed Hate),0.9308
इस देश में 8200 रेल्वे स्टेशन में भाजपा ने कितने बनाए 0 फिर निजीकरण क्यों #योगीजी_नही_चाहिये_संविदा,1,0,0.1191,0.0193,0.0692,False,False Negative (Missed Hate),0.9308
"बहुत बड़ा कमीना है तु , इतना गली कैसे हज़म कर लेता तु? चमड़े कितना मोटा है तेरा. कु दिन भर भौकते रहता हैहै तु? राहुल गांडू के चमचे होने पर तुझे सरम नही अता? कहाँ से मिला तुझे जाहिल वाला सर्टिफिकेट",1,0,0.0947,0.0448,0.0698,False,False Negative (Missed Hate),0.9302
कांग्रेस पार्टी की राष्ट्रीय संवादाता प्रियंका चतुर्वेदी ने ये बयान दिया जिस फौजी ने बेकसूर आतंकवादी को घसीटा उसको फांसी नहीं हुई तो देश में आग लगा देंगे,1,0,0.0174,0.1221,0.0698,False,False Negative (Missed Hate),0.9302
rape karte waqt words ki chinta karni thi,1,0,0.0467,0.0931,0.0699,False,False Negative (Missed Hate),0.9301
mam humare yahaan gujarat ke naliya me in bjp valo ne rape kiya aur abhi tak pakde bhi nahi gaye,1,0,0.0976,0.0423,0.0699,False,False Negative (Missed Hate),0.9301
पृथ्वी की पहली तस्वीरें चंद्रयान द्वारा भेजी गई आंखों को मनमोहक लगने वाला दृश्य,1,0,0.0089,0.1312,0.0701,False,False Negative (Missed Hate),0.9299
sunny pagi .... ye baat toh kabhi sahi hai but un logo ko aap kya kahege ko kisi ka bhi rape krke muder kr dete haiii,1,0,0.0583,0.082,0.0701,False,False Negative (Missed Hate),0.9299
साला चरस फूकने वाला है। साले ने राज्यसभा की मर्यादा को तारतार कर दिया।,1,0,0.074,0.0668,0.0704,False,False Negative (Missed Hate),0.9296
सूरत कंपनी के लाख रुपए लेकर फरार हुए आरोपी को पुलिस ने किया गिरफ्तार जानिए क्या था पूरा मामला,1,0,0.0352,0.1058,0.0705,False,False Negative (Missed Hate),0.9295
jis desh mein annadata ka insult ho women ka rape ho who desh backward hi kahan jaata hai wheat n rice kya japan se aayega,0,1,0.9763,0.8826,0.9294,False,False Positive (Hallucination),0.9294
आप मुसलमान व इसाई बन सकते है पर आप हिंदू नहीं बन सकते क्योकि हिन्दू बना नही जाता हिन्दू पैदा होना पड़ता है जय हिन्दुत्व,1,0,0.0371,0.1043,0.0707,False,False Negative (Missed Hate),0.9293
यह पूरी तरह से बकवास है प्रेरित स्रोतों द्वारा चलाया गया है। जो सुनना चाहते हैं उनमें से किसी से भी आप यह कह सकते हैं कि ऐसा मैंने कहा है। मैंने नीरव मोदी के धोखाधड़ी के बारे में राहुल गांधी और पी चिदंबरम को चेतावनी दी थी। लेकिन उन्होंने मुझे चुप रहने के लिए मजबूर किया और मई तक ऋणों को मंजूरी देते रहे। मुझे अब पीएनबी घोटाले के लिए दोषी क्यों ठहराया जा रहा है।,0,1,0.9816,0.8771,0.9293,False,False Positive (Hallucination),0.9293
फिल्म अभिनेता नसीरुद्दीन शाह बीमार नसीरुद्दीन शाह की तबियत बिगड़ी नसीरुद्दीन शाह अस्पताल में भर्ती कई दिनों से बीमार हैं नसीरुद्दीन शाह।,1,0,0.0281,0.114,0.071,False,False Negative (Missed Hate),0.929
in hindi says bss kuch nhi dar ke maa ki chu**,0,1,0.9192,0.9384,0.9288,False,False Positive (Hallucination),0.9288
but is just left back and left behind people can make great events happen,1,0,0.1353,0.0072,0.0713,False,False Negative (Missed Hate),0.9287
हिन्दुओं की हत्या हो रही है ऐसे ही चुप चाप नहीं बैठ सकते हम,0,1,0.9253,0.9319,0.9286,False,False Positive (Hallucination),0.9286
"आसिफ़ हो या ट्विंकल हत्यारा हिन्दू हो या मुसलमान मासूम बच्ची के साथ हैवानियत किसी भी हाल में मंज़ूर नहीं हैं,फाँसी दो।",1,0,0.0298,0.1139,0.0718,False,False Negative (Missed Hate),0.9282
"cctv footage of jihadi attack in temple in lal quan, chandani chowk. चर्च का कांच टूटने पर कोहर्रम व 24*7 कवरेज परन्तु मंदिर व हिंदुओं पर हमले का प्रत्यक्ष वीडियो होने के बावजूद सन्नाटा। ऐसा दोगलापन और धूर्तता ही क्रिया की तीक्ष्ण प्रतिक्रिया की पृष्ठभूमि तैयार करती है।",1,0,0.009,0.1347,0.0719,False,False Negative (Missed Hate),0.9281
एक और आदिवासी,1,0,0.1044,0.0407,0.0725,False,False Negative (Missed Hate),0.9275
मुझे महिलाऐं बेहद पसंद हैं,1,0,0.0238,0.1217,0.0727,False,False Negative (Missed Hate),0.9273
mountain dew dar ki maa ki c****,1,0,0.0142,0.1317,0.0729,False,False Negative (Missed Hate),0.9271
"aur tumhra bhai, abba khud tum logo ka islamic rape kar dete he,",1,0,0.0296,0.1161,0.0729,False,False Negative (Missed Hate),0.9271
aap log khud apni behnu ka rape kar rahe ho hamain kya sikhawoge,1,0,0.0658,0.0801,0.0729,False,False Negative (Missed Hate),0.9271
हम सभी एक बार और हमेशा के लिए दलितों से छुटकारा कियु नहीं पा लेते,0,1,0.9748,0.8792,0.927,False,False Positive (Hallucination),0.927
कलौंजी के बीच शहद के साथ खाने पर कोरोनावायरस से बचा जा सकता है क्योंकि कलौंजी में 100 प्रतिशत हाइड्रोक्सीक्लोरोक्वीन होता है,0,1,0.8926,0.9614,0.927,False,False Positive (Hallucination),0.927
ek aurat ka rape ho gaya hai yaha wo use bhi politics me uska bachao kar rahi hai,1,0,0.0367,0.1094,0.0731,False,False Negative (Missed Hate),0.9269
"kuch log bol rahe hai padmavat film dekhi nahi. phir virodh kyon, ek baat bataye rape hone se pahle koi dekhta hai kya. kisi ka apman hone se pahle, apman karane practice karte hai kya.",1,0,0.0572,0.089,0.0731,False,False Negative (Missed Hate),0.9269
तेलंगाना सरकार मुसलमानों को रमज़ान कि स्पेशल किट फ्रि में दे रही है। हिन्दू के त्यौहार रामनवमीहनुमान जयंतीउगादि पर घर से भी बाहर निकलना मना था,1,0,0.0901,0.0566,0.0733,False,False Negative (Missed Hate),0.9267
मै दलितों का विरोध करता हूँ,0,1,0.9389,0.9142,0.9266,False,False Positive (Hallucination),0.9266
खुले मे तो तु हग रही है काँग्रेसी कुतिया,1,0,0.1457,0.0012,0.0734,False,False Negative (Missed Hate),0.9266
आरोन फिंच ने इंग्लैंड के खिलाफ बनाए दो बड़े रिकॉर्ड सिर्फ विराट कोहली से रह गए पीछे,0,1,0.9743,0.8787,0.9265,False,False Positive (Hallucination),0.9265
केन्द्रीय रेल तथा वाणिज्य और उद्योग मंत्री ने फ्रेट कॉरिडोर कॉरपोरेशन इंडिया लिमिटेड डीएफसीसीआईएल के कार्यो की प्रगति की समीक्षा की विवरण,0,1,0.8797,0.9729,0.9263,False,False Positive (Hallucination),0.9263
raaj k baygherat hotay hein indian sar per jootay parnay k baad bhi entertainment dhond rahay hai rape k bachay,1,0,0.0287,0.1188,0.0738,False,False Negative (Missed Hate),0.92620003
gravity ki maa ki ch***d,0,1,0.8939,0.9585,0.9262,False,False Positive (Hallucination),0.9262
हमें अंग्रेज़ों से छुटकारा पाना चाहिए,0,1,0.9257,0.9263,0.926,False,False Positive (Hallucination),0.926
तू जैसे #घटिया आदमी को भारत में रहने का कोई अधिकार नहीं है #नीच #भगवान_श्रीराम_का_अपमान_करेगा #भगवान_श्रीकृष्ण_का_अपमान_करेगा #राक्षस_कुल_का_है_तू,1,0,0.0197,0.129,0.0743,False,False Negative (Missed Hate),0.9257
"मुस्लिम धर्म में शराब हराम है अब तो ये भी हरामी बनते जा रहे हैं, काहे के मूसल ईमान , आतंकी हैं याद रखना, पहला हमला जिसका कलमा पड़ते हैं मुहम्मद साहब का उनके बच्चों को मारा , बेटी फ़ातिमा , उनका नवासा, दामाद, ये उस धर्म को मानने वाले है। जो कहते है हमारा दीन प्यार मोहब्बत सिखाता ह",1,0,0.0075,0.1416,0.0746,False,False Negative (Missed Hate),0.9254
एक बार किसान के सामने जाकर बोल ये तेरी गान्ड पे ऐसे लट्ठ पड़ेंगे ना साले अगली पीढ़ी सूजी हुई गान्ड लेकर पैदा होंगी समझा दल्ले भाजपा वालो का गू खाया कर तू बस समझा किसान का अनाज खा कर अन्न का अपमान मत करे,1,0,0.0818,0.0676,0.0747,False,False Negative (Missed Hate),0.9253
बहुत सही है इनको चाइना से मांग करनी चाहिए कि हमारे मुस्लिम भाई बहनों को चीन में नमाज नहीं पढ़ने देते अत्याचार होते हैं और सब अरब देश मिलकर चाइना पर आक्रमण करें और मुस्लिम भाइयों को आजाद करें वहां जफर जैसे ओवैसी वारिस शोएब पाकिस्तान की फटती है कुछ नहीं बोलते गद्दारी भारत से,1,0,0.0454,0.1052,0.0753,False,False Negative (Missed Hate),0.9247
ayodya ki girake babri banaaya . uske bath gandu.,0,1,0.8746,0.9745,0.9246,False,False Positive (Hallucination),0.9246
"vo to thik hai na , par koi 6 saal ki bacchi ka rape kare usse tum prophet kyun bol rahe ho ?",1,0,0.1019,0.0495,0.0757,False,False Negative (Missed Hate),0.9243
ने सफलतापूर्वक का फ्लाइट टेस्ट किया,1,0,0.1407,0.0111,0.0759,False,False Negative (Missed Hate),0.9241
riya delhi main uska murder hua hai uske headline jaise zunaid ki banayi thi kyon nahi banti kyo who hindu thi,1,0,0.0764,0.0758,0.0761,False,False Negative (Missed Hate),0.9239
"सरदार पटेल की मूर्ति से पानी नहीं, उनके आंसू बह रहे हैं क्योंकि उनको अब अहसास हो रहा है कि संघ पर बैन लगाकर उन्होंने बड़ी भूल की थी :- अंधभक्त",1,0,0.005,0.1476,0.0763,False,False Negative (Missed Hate),0.9237
"एक लड़ाई हमारी सेना लड़ रही है सीमा पर... एक लड़ाई हमे भी लड़ना है देश के अंदर छुपे गद्दारो से,इसलिए लिखो लोगो को जोड़ो....",1,0,0.1143,0.0382,0.0763,False,False Negative (Missed Hate),0.9237
रघुराम राजन ने सरकार को चेेताया जीडीपी में प्रतिशत की गिरावट चिंताजनक,0,1,0.9855,0.8617,0.9236,False,False Positive (Hallucination),0.9236
but this new dude is all paid scum and deleting of the clear ownership rights of mr justice william franklin bartender and from blearier is the work definition of a paid scum for admin,1,0,0.0036,0.1497,0.0766,False,False Negative (Missed Hate),0.9234
mountain dew darr ki ma ki ch####,0,1,0.9257,0.9203,0.923,False,False Positive (Hallucination),0.923
cut gaya ch**ya,0,1,0.9047,0.9413,0.923,False,False Positive (Hallucination),0.923
logon ko padmavat ki fikar hai magar desh me itne rape ho rahe hain uskliye sarkar kya kr rahi hai #modionzee,1,0,0.0224,0.1317,0.0771,False,False Negative (Missed Hate),0.9229
"अगर दुनिया का सबसे ताकतबर प्रधानमंत्री हमारे देश में है, तो दुनिया का सबसे गिरा हुआ विपक्ष भी अपने ही देश मे ही है !",1,0,0.1045,0.0502,0.0773,False,False Negative (Missed Hate),0.9227
पर पीआईबी का दैनिक बुलेटिन पढ़ें पूरा बुलेटिन,1,0,0.0147,0.1404,0.0775,False,False Negative (Missed Hate),0.9225
ये हिन्दू हमारे देश के लिए कूड़ेकरकट के सामान हैं,0,1,0.9223,0.9219,0.9221,False,False Positive (Hallucination),0.9221
aapki speech suna beti ke bare me.agar beti ki saadi ke baad uske sasural wale uska murder karte hai …,1,0,0.1252,0.0308,0.078,False,False Negative (Missed Hate),0.922
जब पालघर में साधुओं की लिंकिंग हुई तब तुम कमीनी तीनों कहां मर गई कौन से बिल में जाकर घुस गई रांडो बाहर निकलो,1,0,0.036,0.1211,0.0785,False,False Negative (Missed Hate),0.92149997
ब्रिटेन खुशहाल देश है क्यूँकि वहाँ मिस्टर बीन जैसे लोग सिर्फ कॉमेडी करते हैंना कि प्रधानमंत्री बनने का सपना देखते हैं,1,0,0.0083,0.1494,0.0789,False,False Negative (Missed Hate),0.9211
koi ghr m ghuse rape kro ap skaratmak socho kmal ka gyan arjit kiya h sahib n...,1,0,0.0992,0.0586,0.0789,False,False Negative (Missed Hate),0.9211
well yes that s the thing there is a difference between being publically a white nationalist and being a nut or some stereotypical skinhead,0,1,0.8595,0.9825,0.921,False,False Positive (Hallucination),0.921
gandkate,1,0,0.0107,0.1473,0.079,False,False Negative (Missed Hate),0.921
बांग्लादेशियों की जिंदगी का कोई मूल्य नहीं होता,0,1,0.9201,0.9216,0.9209,False,False Positive (Hallucination),0.9209
hindu bahu betiya safe the sab hijdone bech ne keliye taiyar hogayae.,1,0,0.0174,0.1411,0.0792,False,False Negative (Missed Hate),0.9208
अगर ये किसी हिन्दू के दिमाग से आया है फिर तो टट्टी ही होगा,0,1,0.8835,0.9578,0.9206,False,False Positive (Hallucination),0.9206
in addition to reporting hate crime please report non hate crimes which can include illegally crossing the border sex trafficking and drug trafficking illegal immigration will not be tolerated in america report it and put a stop to it boo,1,0,0.0171,0.142,0.0796,False,False Negative (Missed Hate),0.9204
aur koi bolo mauka mauka.pandya atleast faught jadeja ko maut aa jaye.hate this game hate it,0,1,0.9724,0.8679,0.9201,False,False Positive (Hallucination),0.9201
जी दोगले वेश्यावृत्ति की उपज निशांत वर्मा और मौलाना साजिद रशीदी को डिवेट से भगाओ ये वेश्या की औलाद है आपके डिवेट शो का स्तर गिर रहा है निशांत वर्मा सुअर की औलाद है इसका बाप आवारा मुल्ला है।।,1,0,0.1168,0.0431,0.08,False,False Negative (Missed Hate),0.92
ᴍᴀᴅʀᴄʜᴏᴏᴏᴏᴅ ʜɪᴊᴅᴇᴄ̧ᴇ ᴋɪ ᴏʟᴀᴀᴅ ᴛᴇʀɪɪ ʙᴇʜɴɴ ᴋɪ ᴄʜᴜᴛᴛᴛᴛ ᴍᴀʀᴜɴ ᴄʜᴀʟ ᴍᴀɪɴ ᴀᴛᴀ ʜᴜ ᴀʏᴇɢᴀ ᴍᴇʀᴇ sᴀᴛʜ ᴛᴇʀɪ ᴏᴋᴀᴅ ʙᴀᴛᴀᴜɴɢᴀ ᴛᴇʀɪ ᴍᴀᴀ ᴋᴀ ʙʜᴏsᴅᴀᴀᴀ ᴍᴀᴅʀᴄʜᴏᴏᴅᴅᴅ ʀᴀɴᴅɪɪɪɪɪɪɪɪ ᴋɪ ᴏʟʟᴀᴀᴀᴀᴀᴅᴅᴅ ᴛᴇʀɪ̇ ʙᴇʜɴɴɴɴ ᴋᴏ ᴍᴀɪ ᴛᴇʟ ʟᴀɢᴀ ᴋᴇ ʙɪɴᴀᴀᴀᴀᴀᴀᴀᴀᴀ ᴄᴏɴᴅᴏᴏᴏᴍᴍᴍᴍᴍ ᴋᴇ ᴘᴇʟᴜɴɢᴀᴀᴀᴀᴀ ᴀᴀᴀᴀᴀᴀᴀᴀᴀ ɢᴀɴᴅᴅᴅ ᴍᴀᴀᴀʀ ʟᴜɴɢᴀᴀᴀᴀᴀᴀᴀᴀᴀᴀᴀᴀᴀᴀᴀᴀᴀᴀᴀ ᴀᴀᴀᴀᴀᴀᴀᴀᴀᴀᴀᴀ ᴛᴇʀɪ ʙᴇʜᴇɴ का,1,0,0.0029,0.1571,0.08,False,False Negative (Missed Hate),0.92
कंगना के साथसाथ तू अपनी रीना दीदी के भी याद कर ले लेकिन मुंबई में चाह कर भी बीजेपी वाले इसे नहीं बचा पाएंगे क्योंकि पूरे महाराष्ट्र को पाकिस्तान बता दी है महाराष्ट्र स्वाभिमान के लिए जानी जाती है,1,0,0.0269,0.1333,0.0801,False,False Negative (Missed Hate),0.9199
retweet if year old hoe choose let her choose fuck her friend or her momma,0,1,0.8473,0.9923,0.9198,False,False Positive (Hallucination),0.9198
सभी पाकिस्तानी कबड़ हैं,1,0,0.0359,0.1247,0.0803,False,False Negative (Missed Hate),0.9197
शंबित पात्रा का नया ऐलान पुरी गरिबी को करीब से देखने के लिये पात्रा फुटपाथ पर बैठके खाना खायेंगे और रात में फुटपाथ पर सो जायेंगे,1,0,0.0039,0.157,0.0805,False,False Negative (Missed Hate),0.9195
ch**iya banaya tumlogoko or do vote,0,1,0.9163,0.9225,0.9194,False,False Positive (Hallucination),0.9194
सबसे बड़ा हरामखोर कमीना सूकर कंजरीवाल और तेरे झंड मवाली ब्लैकिया चोर डकैत गुंडों के दिन अब लदने वाले हैं क्योंकि अब जनता तुम बहरूपियों की असलियत जान गई है। यदि तू अपनी इज़्ज़त समझता है तो सुल्तानपुर के ब्लैकिए को निष्काषित कर नही तो आप की कब्र तैयार है।,1,0,0.0995,0.0624,0.081,False,False Negative (Missed Hate),0.919
talk through me about being sick and me figure out how to handle working toilets into new pakistani public schools,1,0,0.1214,0.0406,0.081,False,False Negative (Missed Hate),0.919
हर समय बुज़ुर्गों का ख्याल रखें और उनका सहयोग करें। बदलकर अपना व्यवहार करें कोरोना पर वार।,1,0,0.0843,0.0784,0.0814,False,False Negative (Missed Hate),0.9186
साइटों ने दावा किया कि सिंधिया ने अपनी ही पार्टी के ख़िलाफ़ विरोधाभासी रुख अपनाया जिसने बिल का विरोध किया है।,1,0,0.1472,0.0159,0.0816,False,False Negative (Missed Hate),0.9184
"दूसरे धर्म के लोगो की कत्ल करने की बात करने वाली किताब को, un प्रतिबंधित कयु नही करता?",1,0,0.0674,0.0958,0.0816,False,False Negative (Missed Hate),0.9184
"प्रियाजी, #media420 की नमक हरामी की हद तब पार हुई ,जब पाकिस्तान में नाबालिग हिंदू बच्ची का मुस्लिम ने अपहरण करके उसे इस्लाम धर्म अपनाने के लिए मजबूर किया , इस बारे मे ना तो मीडिया ने मुंह खोला और ना ही सरकार द्वारा कोई ठोस कदम उठाया गया|",1,0,0.1475,0.0161,0.0818,False,False Negative (Missed Hate),0.9182
मुसलमान सबसे बरुए होते हैं,0,1,0.8979,0.9385,0.9182,False,False Positive (Hallucination),0.9182
ला़कडाउन की वजह से शादीशुदा महिलाओं की नौकरानी जैसी हैसियत हो गई है,1,0,0.1592,0.0046,0.0819,False,False Negative (Missed Hate),0.9181
उनके जैसे सभी पाकिस्तानी अद्भुत हैं,1,0,0.005,0.1591,0.082,False,False Negative (Missed Hate),0.918
क्या होगा अगर हम सभी पाकिस्तानियों को मार दें,0,1,0.9123,0.9237,0.918,False,False Positive (Hallucination),0.918
mountain dewdaar ke maa ka ch**,0,1,0.8848,0.9511,0.918,False,False Positive (Hallucination),0.918
sali kutia rapists hain teray mulk mai bahir na nikli rape hojaye ga teray pak aja safe hojaye gee,0,1,0.9852,0.8506,0.9179,False,False Positive (Hallucination),0.9179
एक और मिला। गुजरात से नकली नोटों का भंडार पकड़ा गया और ईमानदार की कार से मिला ये नकली नोटो का जखीरा। इनसे बड़ा भी कोई देशद्रोह हो सकता है क्या ये तो देश की अर्थवयवस्था को ही निगल रहे थे इनको क्या सजा मिलनी चाहिए,1,0,0.0284,0.1358,0.0821,False,False Negative (Missed Hate),0.9179
हिन्दू सबसे बुरे होते हैं,0,1,0.8908,0.9444,0.9176,False,False Positive (Hallucination),0.9176
देश को आत्मनिर्भर बनाने के क्रम में भारत सरकार ने अगरबत्ती बनाने के लिए कारीगरों को दिए जाने वाले समर्थन का विस्तार किया पहले के के बदले अब अगरबत्ती बनाने की स्वचालित मशीनें उपलब्ध कराई जायेंगी विवरण,1,0,0.0246,0.1402,0.0824,False,False Negative (Missed Hate),0.9176
भारतीय जनता पार्टी के प्रवक्ता संबित पात्रा ने अपराध स्थल से एक वीडियो शेयर किया और दावा किया कि उदारवादी चयनात्मक थे और ट्रिपल मर्डर को लेकर वहां कोई नाराजगी नहीं थी क्योंकि पीड़ित आरएसएस से जुड़ा था ।,1,0,0.0177,0.1472,0.0825,False,False Negative (Missed Hate),0.9175
let me pull out that big nigga of shit,1,0,0.1618,0.0046,0.0832,False,False Negative (Missed Hate),0.9168
that man s actions have left a bleak black stain on history,0,1,0.8465,0.9871,0.9168,False,False Positive (Hallucination),0.9168
randi kay beej dulag gayi na tere ma jati hai kya modi kay pas chudnay ya congress walon nay rape kar rkha hai jo tere machud,0,1,0.9777,0.856,0.9168,False,False Positive (Hallucination),0.9168
तुम जैसे सब हिन्दू ापर्यप्त हैं,0,1,0.9117,0.9212,0.9164,False,False Positive (Hallucination),0.9164
तुन जैसे पाकिस्तानियों का जीना बेकार हैं,0,1,0.9417,0.8912,0.9164,False,False Positive (Hallucination),0.9164
ars ye kya hai.. kucb or nai hai kya.. bar bar hate you . kuch or bol do,0,1,0.9891,0.8435,0.9163,False,False Positive (Hallucination),0.9163
"berijgari, bhirastachar, rape, ananyay, chori, aur garibi.",1,0,0.0309,0.1375,0.0842,False,False Negative (Missed Hate),0.9158
sir mai purnea bihar ka hu yaha 1 hindu ke sath 4 muslim ne rape kr ke mar dala ... postmartam report v change kera diya gya hai...koi kuch nhi kr raha,1,0,0.0571,0.1118,0.0844,False,False Negative (Missed Hate),0.9156
"1avataar ko janam le k, sari dunya ko khatam kr k, nayi ek takhleek karni paregi nai tou terrorism khatam na hoga dharti se :(:(",1,0,0.0118,0.1575,0.0847,False,False Negative (Missed Hate),0.9153
aap pehle dilli ka khyal rakhen phir dusron ki baat karen. rape capital ban gaya dilli. kab sudharega?,1,0,0.0233,0.1466,0.085,False,False Negative (Missed Hate),0.915
you are nothing dude end of yourself now you have absolutely like nothing special going for me you just end with it please bro,1,0,0.025,0.1456,0.0853,False,False Negative (Missed Hate),0.91470003
मुजफ्फरपुर दुधमुंहे बच्चे की कनपटी पर बंदूक रखकर बदमाशों में मां का किया गैंगरेप वीडियो वायरल अभिषेक कुमार की रिपोर्ट,1,0,0.0806,0.0904,0.0855,False,False Negative (Missed Hate),0.9145
आप भी अचार्य जी बच्चे की तरह बात कर रहे हैं सुशांत मुद्दा नहीं है मुद्दा है शिवसेना को बर्बाद बदनाम करना इसके लिए न्यायपालिका भी काम में लगी हुई है मीडिया भी लगी हुई है सीबीआई ईडी भी लगी हुई है देश की मुद्दे से ध्यान भटकाने है महीना से तो यही खेल चल रही है,1,0,0.0285,0.1429,0.0857,False,False Negative (Missed Hate),0.9143
एमएस धोनी को चकमा देकर पीयूष चावला ने किया क्लीन बोल्ड देखें ये वीडियो,1,0,0.0254,0.147,0.0862,False,False Negative (Missed Hate),0.9138
मुझे हिजड़ों से नरफत है,0,1,0.8374,0.9894,0.9134,False,False Positive (Hallucination),0.9134
5star + dar ki maa ki chuth,0,1,0.9068,0.92,0.9134,False,False Positive (Hallucination),0.9134
.sadiqq pr yh. news bala bhadu@* hai,1,0,0.0127,0.1607,0.0867,False,False Negative (Missed Hate),0.9133
पूर्व विधायक निरवेंद्र मिश्रा की मौत पर विवाद छिड़ गया है वजह को लेकर अब भी हो रहा है संदेह,1,0,0.0165,0.1569,0.0867,False,False Negative (Missed Hate),0.9133
सुअर बोलने में डर लड़ रहा है। शरारती तत्व नही मुल्ला जो अल्ला ... के नारे लगाते हुए मंदिर में तोरफोर किया।,1,0,0.017,0.1566,0.0868,False,False Negative (Missed Hate),0.9132
"जोया, अपनी औकात देख, कुछ कटुए तेरी पोस्ट पर नमाज़ पड़ते है, रुबिका की पोस्ट पर असंख्य लोग अपने विचार रखते है, सुअर पने आए बाज़ आ जा,,कही निबटा न दी जाय। ज्यादा हिन्दुओ को गाली देने की कोशिश मत किया कर,,तेरा बाप भी कोई और होगा, जिसे तू ढूंढ भी न पाएगी।",1,0,0.0188,0.1551,0.0869,False,False Negative (Missed Hate),0.9131
बिरयानी को मुस्लिमों और हिंदुओं के लिए अलगअलग बर्तन में पकाया जाता है। हिंदुओं के लिए बिरयानी में टैबलेट मिलाई जाती है जो आपको नपुंसक बना सकता है। कोयंबटूर में रेहमान बिस्मिल्लाह के माशा अल्लाह नामक रेस्तरां को ऐसी बिरयानी बेचते हुए पकड़ा गया था। सावधान रहें वे आप तक हर तरीके से पहुंचने की कोशिश कर रहे है।,0,1,0.8749,0.9508,0.9129,False,False Positive (Hallucination),0.9129
aise logo se sakht nafrat karta hu jo caste ko naam ke sath jod ke chaude hote h but real me vo piddu hote h,1,0,0.0668,0.1074,0.0871,False,False Negative (Missed Hate),0.9129
समलैंगिक लोगो के प्रति आपकी अवमानना को अभी बंद करना होगा।,1,0,0.0128,0.1617,0.0872,False,False Negative (Missed Hate),0.9128
"श्री तबरेज अंसारी असाधारण प्रतिभा के धनी तो थे ही उनका गौरवशाली वंशानुक्रम भी चोरो , डकैतो के रूप विख्यात रहा था स्वयं उनके पिता मशूकर अंसारी जाने माने डकैत और इलाके के सर्वाधिक प्रसिद्ध गुंडे थे जिनकी गाथाऐं क्षेत्र के कई थानो की स्टेशन डायरियो मे स्वर्णाक्षरो मे लिपिबद्ध है !",1,0,0.1573,0.0172,0.0873,False,False Negative (Missed Hate),0.9127
उमर खालिद का भाई है अनुराग कश्यप उमर खालिद के जेल जाने पर दोगला अनुराग कश्यप बहुत बिलबिला रहा था अब उसी कमीने पर एक अभिनेत्री ने बलात्कार का आरोप लगाया है अब ये भी अपने भाई खालिद के पास जेल जाएगा ये वामपंथी गुंडे दंगाई बलात्कारी आतंकी देशद्रोही सब भाई भाई ही हैं,1,0,0.0151,0.1599,0.0875,False,False Negative (Missed Hate),0.9125
binbheja,1,0,0.1699,0.0055,0.0877,False,False Negative (Missed Hate),0.9123
अयोध्या बाबरी मस्जिद विध्वंस केस में आखिरी सुनवाई पूरी सितंबर से पहले फैसला,1,0,0.1227,0.0531,0.0879,False,False Negative (Missed Hate),0.9121
भारत में मच गई हाहाकार रोटी के लिए ताली बजा रहे हैं युवा भारत की हालात लीबिया सीरिया तालिबान से भी बदतर हालात,0,1,0.9866,0.8375,0.912,False,False Positive (Hallucination),0.912
सुमित नागल यूएस ओपन के दूसरे दौर में पहुंचे भारत का साल का इंतज़ार ख़त्म,1,0,0.1659,0.0102,0.088,False,False Negative (Missed Hate),0.912
ha sahi hai bhai yaha ram rahim jaise baba ki jagah sahi hai yaha sambhu jaise logo ke liye hi jagah hai jo apne bahan ke sath rape karta tha jiska virodh ek muslim ne kiya to usko love jihaad ka naam lekar berahmi se mara gaya wah mera digital india,1,0,0.0292,0.147,0.0881,False,False Negative (Missed Hate),0.9119
mountain dew mountain dew dar ki maa ki chut,0,1,0.9508,0.8729,0.9119,False,False Positive (Hallucination),0.9119
can i can possibly shoot and load all from your hand,1,0,0.1431,0.033,0.0881,False,False Negative (Missed Hate),0.9119
शिकून पण आशिसिक्त आहे ही chin*al,0,1,0.8851,0.938,0.9115,False,False Positive (Hallucination),0.9115
"ik wo larki hey, jis ka pehlay villain rape kerta hey, phir police wala, phir judge aur phir us ka business chal parta hey",1,0,0.0254,0.1517,0.0885,False,False Negative (Missed Hate),0.9115
इससे अच्छी तो गली कुतिया अच्छी लगती है,1,0,0.1743,0.0037,0.089,False,False Negative (Missed Hate),0.911
#मालेगाव बॉम्बस्फोटातील आतंकवादी आरोपी साध्वी #प्रज्ञा_ठाकूर सारख्या व्यक्तीच बलात्कारी लोकांचे समर्थन करू शकतात... #kathua,1,0,0.004,0.1746,0.0893,False,False Negative (Missed Hate),0.9107
हम इन दलितों पर बिना किसी दया के अत्याचार करेंगे,0,1,0.8601,0.9612,0.9106,False,False Positive (Hallucination),0.9106
आतकवादी से नहीं चाहिए मंदिर को रिपेयर करने के पैसे हिन्दू के पास हैं पैसे बस मंदिर तोडने वाले सूअर के औलाद को कुचला जाएं,1,0,0.0177,0.1614,0.0895,False,False Negative (Missed Hate),0.9105
those parents need to teach their rude inpatient bratty kids some manners disgraceful mr,0,1,0.8315,0.9895,0.9105,False,False Positive (Hallucination),0.9105
हमें इन दलितों को फांसी देनी चाहिए,1,0,0.0445,0.1345,0.0895,False,False Negative (Missed Hate),0.9105
तबरेज के नाम पे रोने वाले मादरचोद अब कहा मर गये दिल्ली की मंदिर की धटना पर इस्लाम ही आतंकवाद का जड़ हर कट्टरपंथी मुस्लमान आतंकवादी हैं #templeterrorattack,0,1,0.8635,0.9572,0.9103,False,False Positive (Hallucination),0.9103
लेजेंडरी फिल्ममेकर क्रिस्टोफर नोलन की फिल्म टेनेट सिनेमाघरों में रिलीज हो गई है,0,1,0.9871,0.8332,0.9102,False,False Positive (Hallucination),0.9102
"कमीनी मुल्ली अल्लाह के अलावा किसी से नहीं डरती थी ना धमकी दी थी जिसे मन हो, वो जाकर एफआईआर करा दे। बहुत उछल रही थी फिर पुलिस के डर से रिश्तेदार के घर क्यों छिप गई। चलो आज ये तो पता चल गया कहीं भी छिप जाए up पुलिस से नहीं बच सकता कोई। धन्यवाद link",1,0,0.008,0.1716,0.0898,False,False Negative (Missed Hate),0.9102
अर्थव्यवस्था के संकुचन पर सूबेदारी नहीं साझेदारी की जरूरत बता रहे हैं शंकर अय्यर,1,0,0.0147,0.1651,0.0899,False,False Negative (Missed Hate),0.9101
#विकास_गायब_है और अमित शाह का पेट बढ़ता ही जा रहा है।,1,0,0.0059,0.1744,0.0902,False,False Negative (Missed Hate),0.9098
आप जैसे दलित भव्य होते हैं,1,0,0.0038,0.1784,0.0911,False,False Negative (Missed Hate),0.9089
educated na aukat mdrchd,0,1,0.8905,0.927,0.9087,False,False Positive (Hallucination),0.9087
वे बहुत से समलैंगिक लोगो के साथ काम करते हैं,0,1,0.8609,0.9563,0.9086,False,False Positive (Hallucination),0.9086
झूठ बोलने में देश को अपने मित्र उद्योगपति के हाथ बेचने में देश के नागरिक को लूट कर अपने मित्रों में दान करने मैं मिसाल बनी दुनिया में भारत 6 साल में भारत को 100 साल पीछे धकेल दिया यदि 70 साल मिली होती तो भारत 29 राज्य 29 देश में बदल जाती,1,0,0.1396,0.0435,0.0916,False,False Negative (Missed Hate),0.9084
badass i am pretty sure straight guys are all okay with gay marriage it means less competition for women o o brace yourself for the shit storm of the centuryathiest versus christian internet war is amongst us yes illuminate maybe the triangle background and there is a lot of stuff in here that could be pointed to it got a ps but no fucking android what the fuck the sweden i have never seen that many people at a hockey rink maybe because the only games i have been to be the florida panthers well it looks like the brazilians are not going to survive the zombie outbreak if only he could see it now frown sad andy or pouting what the fuck is this shit likes i get that if i am lucky i at most get likes this shows funny sucks it s not on here in the us but its kind of hard to understand the accents warning teenage idiots talking about how they are swag you only live once mud fucks for surviving off something the mayans should have predicted after they got raped by the spanish,0,1,0.8253,0.991,0.9082,False,False Positive (Hallucination),0.9082
लॉकडाउन के दौरान जिहादी आतंकवादियों को घर से दूर रहने को कहना एक हिंदू भाई को भारी पड़ा। भाई रेवत सिंह तंवर माडवा (पोकरण) में हत्या कर दी गई। प्रशासन से निवेदन है कि दोषियों को तुरंत गिरफ्तार करें। सब्र टूट गया तो संभालना मुश्किल हो जाएगा।,0,1,0.9855,0.8303,0.9079,False,False Positive (Hallucination),0.9079
जैसे अपना घर बनाने के लिए रोज़ थोड़ा थोड़ा पैसा जोड़ते हैं अपने परिवार को सुरक्षित बनाने के लिए हिंदू संगठनों से जुड़ना शुरू करें,0,1,0.9517,0.8636,0.9077,False,False Positive (Hallucination),0.9077
सरकारी क्षेत्र में निजीकरण बन्द कर के युवाओं को रोजगार दो सरकार।,1,0,0.0078,0.1768,0.0923,False,False Negative (Missed Hate),0.9077
bhohat jada sexual h ye tattoo bob bhi tow dekraha h,0,1,0.9877,0.8265,0.9071,False,False Positive (Hallucination),0.9071
5 star + dew = dar ki ma ki ch*t,0,1,0.8759,0.937,0.9064,False,False Positive (Hallucination),0.9064
वॉयस इन चाइनीज मैंडरिन अनुवाद यह चीन में एक रेस्तरां है मानव ने अब मानव शिशुओं को खाना शुरू कर दिया है मानव शिशु सूप परोसने वाले दो रेस्तरां हैं यह एक से है महीने का बच्चा।,1,0,0.0161,0.1714,0.0937,False,False Negative (Missed Hate),0.9063
rt : मोदी जी के बाद प्रधानमंत्री पद के सच्चे दावेदार योगी जी ही होंगे.. सही कहा ना मित्रों,1,0,0.1133,0.0751,0.0942,False,False Negative (Missed Hate),0.9058
ना जाने वो कौन सी नस्ल के इंसानी कुत्ते है हिंदू की मौत पर शांत रहते पर मुस्लिम की मौत पर बहुत तेज भौंकते है लगता है कि ये सब कुत्तों+सुअर+गधों की सम्मिलित औलादें हैं,1,0,0.0471,0.1432,0.0951,False,False Negative (Missed Hate),0.9049
bijnor me rape !! insaniyat sharamsar !! lkin naqwi be zameer !!,1,0,0.097,0.0939,0.0954,False,False Negative (Missed Hate),0.9046
वर्षीय बच्चे का जूता जो पूरे भारत और भारतीय शासकों के लिए सबसे बड़ा खतरा था जिसके लिए सबसे बड़ा लोकतांत्रिक देश कश्मीर में ऐसे निर्दोष बच्चों को मारने के लिए हज़ारों सशस्त्र बलों को भेज रहा है।,0,1,0.9722,0.8365,0.9044,False,False Positive (Hallucination),0.9044
aur amma g itne salon se rape karwa k kya kar rahi thi.usk ummidwar banne ka intzar? hiiiiiii,1,0,0.0548,0.137,0.0959,False,False Negative (Missed Hate),0.9041
#नीच कहने पर मणिशंकर को निष्कासित कर दिया गया था #बापू के हत्यारे #godse को देशभक्त कहने पर क्या #प्रज्ञा भी निष्कासित होंगी ?,1,0,0.0053,0.1886,0.0969,False,False Negative (Missed Hate),0.9031
gap re jhatuu,0,1,0.8161,0.9895,0.9028,False,False Positive (Hallucination),0.9028
fucking it is everywhere,1,0,0.1321,0.0628,0.0974,False,False Negative (Missed Hate),0.9026
अब महाराष्ट्र के एक और बड़े नेता विजय वडेट्टीवार ने कंगना रनौत पर तीखा हमला बोला है,1,0,0.0309,0.1642,0.0976,False,False Negative (Missed Hate),0.9024
tissue du tujy ya pamperrape report to krwany ni jaa rha khi....becharo ka rape ho gya ajj too,1,0,0.0368,0.1589,0.0979,False,False Negative (Missed Hate),0.90209997
behen ki loudi tumhare me to legal rape krte h... bhai behen ka chutiya,0,1,0.9791,0.8241,0.9016,False,False Positive (Hallucination),0.9016
beef se jisko nafrat h pahle apne gharon se leather k belt aur shoes nikaal kr jala de..,1,0,0.0069,0.1913,0.0991,False,False Negative (Missed Hate),0.9009
घंटे की लंबी पूछताछ के बाद डीआरडीओ गेस्ट हाउस से निकलती है रिया चक्रवर्ती। आज रिया चक्रवर्ती के साथ सिद्धांत पिठानी सैमुअल मिरंडा कुक नीरज सिंह सुशांत के घर में काम करने वाले केशव और रिया चक्रवर्ती के भाई शौविक चक्रवर्ती को साथ बैठाकर सीबीआई ने पूछताछ की है।,1,0,0.1178,0.083,0.1004,False,False Negative (Missed Hate),0.8996
मुसलमानों का सत्ता में होना हमारे समाज के लिए बहुत अच्छा है,0,1,0.9667,0.8325,0.8996,False,False Positive (Hallucination),0.8996
nirdoshita k pure praman rehne pr bhi bapuji ko abhi tak bail kyu nhi di gayi jabki fir me rape ka zikr tak nhi hai #mediawillnotshowthis,1,0,0.0248,0.1775,0.1012,False,False Negative (Missed Hate),0.8988
अगर आपको ये देखना है कि अपनी “फ़ील्ड” का “नाकाम” इंसान क्या क्या करने लगता है तो आप “पायल रोहतगी” का ट्वीटर हैंडल देख लीजिये। यक़ीन कीजिए आपका “कर्म” में “विश्वास” बढ़ जायेगा।,1,0,0.0051,0.1982,0.1016,False,False Negative (Missed Hate),0.8984
i really do not want muslims in my village,1,0,0.011,0.1928,0.1019,False,False Negative (Missed Hate),0.8981
arre behenklode,1,0,0.2029,0.001,0.102,False,False Negative (Missed Hate),0.898
rape ki tou app baat karo matt warna buhat zaleel hoge,1,0,0.0354,0.1691,0.1022,False,False Negative (Missed Hate),0.89779997
words for lopa shakal bhi gandi dil bhi ganda sab kuch ganda hate her,0,1,0.9872,0.8082,0.8977,False,False Positive (Hallucination),0.8977
correct. y log tab tho aate nhi jab kise k saath rape hota hai jab kise ladki ki insult hote hain tab kaha hote hai y log,1,0,0.0231,0.1825,0.1028,False,False Negative (Missed Hate),0.8972
"samaj sewa! mc, inka samaj sewa matlab rape murder hai khali..",1,0,0.0449,0.1617,0.1033,False,False Negative (Missed Hate),0.8967
mountain dewdaar ki maa ki choot,0,1,0.8263,0.9657,0.896,False,False Positive (Hallucination),0.896
i am a woman and i am not stupid,0,1,0.8414,0.9501,0.8957,False,False Positive (Hallucination),0.8957
चीन ने भारत और भारतीय सैनिकों पर क्या आरोप लगाए स्टोरी टीम बीबीसी आवाज़ भरत शर्मा,1,0,0.0373,0.1723,0.1048,False,False Negative (Missed Hate),0.8952
"सैकड़ों हिन्दू मार जाएं, घंटा फर्क नहीं पड़ता। एक मुसलमान गऊ तस्कर मरा, रंडी रोना शुरू।",1,0,0.0275,0.1825,0.105,False,False Negative (Missed Hate),0.895
ladkiyo ke rape ho rahe hai or aap ladkiyo k liye koi kanoon nhi bana rahe ho.,1,0,0.1389,0.0723,0.1056,False,False Negative (Missed Hate),0.8944
any normal person with a brain would agree that whatever comes out of your mouth is complete bullshit,0,1,0.9907,0.7978,0.8943,False,False Positive (Hallucination),0.8943
teri fati padi hai badwe,1,0,0.2116,0.0007,0.1061,False,False Negative (Missed Hate),0.8939
"#thankshanikarakbapu kyunki aap ne hi bola, 'i hate tears' and cheered me up",0,1,0.802,0.9853,0.8936,False,False Positive (Hallucination),0.8936
अफसोस इस बात का नही की धर्म का धंधा हो रहा है .... अफसोस इस बात का है कि पढ़ा लिखा अंधा हो रहा है...,1,0,0.1875,0.026,0.1068,False,False Negative (Missed Hate),0.8932
हम आज ऐसे भारत मे है जहाँ समस्याओं का समाधान नही है विद्यालयों में शिक्षक नही है अस्पतालों में डॉक्टर नही है विभाग भ्रष्टाचारमुक्त नही है कोर्ट में निष्पक्ष न्याय नही है आज का नया भारत जहाँ सुशासन नही है? फिर भी हम हमेशा हिन्दू-मुस्लिम में फसे रहते है? क्या होगा हमारे देश का?,0,1,0.8689,0.9161,0.8925,False,False Positive (Hallucination),0.8925
भारत की आम नागरिक दाने दाने के लिए मोहताज हो गई कारोबारी की कारोबार खत्म हो गई इधर भक्तों की बहन के साथ बीजेपी विधायक वर्मा मस्ती करते रडुआ लुच्चे लहर के हाथ में देश परदेश दोगे यही सब देखने को मिलेगी,1,0,0.1322,0.0833,0.1078,False,False Negative (Missed Hate),0.8922
कश्मीरी जायरा वसीम ने अल्लाह के नाम पर फिल्मों में काम करना छोड दिया जबकि उसी अल्लाह का नाम लेकर कश्मीरी पत्थरबाज हम पर पत्थर फेंकते हैं हमे गालियॉ देते है हम पर गोलियॉ चलाते है और हमारी गोलियॉ से आंतकवादियों को बचकर भागने में मदद करते है तुम्हारा अल्लाह दोगला है या तुम मुसलमान?,1,0,0.0165,0.2003,0.1084,False,False Negative (Missed Hate),0.8916
koshish ki.... poori family ko dande or sariyo se maara meri choti 17 saal ki behan ka rape karne ki koshish ki,1,0,0.0982,0.1197,0.1089,False,False Negative (Missed Hate),0.8911
पूर्व राष्ट्रपति की याद में रहेगा सात दिन का राजकीय शोक विवरण,1,0,0.0036,0.2148,0.1092,False,False Negative (Missed Hate),0.8908
rt : सत्ता को अपनी जागीर समझने वाले यह भूल रहे है कि जनता ने उन्हें 5 साल के लिए संविदा पर चुना है।। …,1,0,0.0129,0.2064,0.1097,False,False Negative (Missed Hate),0.8903
thomas woodword s book what is slander he felt is nothing to but a clown at tool,1,0,0.2164,0.0039,0.1101,False,False Negative (Missed Hate),0.88989997
"incredible india, log bachchiyo se ho rhe rape pr skht kanoon ki maang k liye itne ugr nhi hote jitna pdmawat k liye, shayed rape choti baat h inke liye",1,0,0.055,0.166,0.1105,False,False Negative (Missed Hate),0.8895
"दुश्मन बर्बाद करना चाहते थे भारत की अर्थव्यवस्था। लेकिन हमने ख़ुद ही कर दी, दुश्मन मलते रह गए हाथ।",1,0,0.0092,0.2117,0.1105,False,False Negative (Missed Hate),0.8895
नौकरी गंवा चुके दोस्त की मदद नगद के बजाए गिफ्ट कार्ड देने के बारे में सोचें चुका सकते हैं नेटफ्लिक्स और जिम की फीस हालचाल जानें लेकिन ज्यादा नहीं,1,0,0.1297,0.092,0.1108,False,False Negative (Missed Hate),0.8892
"sir, ye kaisi culture h jisme jo bhn bhai ko rakhi bandhti h apni security k liye wahi bhai uska rape krta h.pahle apna dekho",1,0,0.055,0.1674,0.1112,False,False Negative (Missed Hate),0.8888
वे बहुत से हिजड़ों के साथ काम करते हैं,0,1,0.9041,0.8732,0.8887,False,False Positive (Hallucination),0.8887
"कमलनाथ के राज में 100,₹ में 100यूनिट बिजली मिल रही थी अब आए चोर शिवराज जो बिजली के बिलों को 500से 1000₹ तक कर दिया",1,0,0.0678,0.1556,0.1117,False,False Negative (Missed Hate),0.8883
इस हरामी की सदस्यता रद्द की जाए कल के कल वरना ऐसे कमीने बहोत है,0,1,0.8459,0.9307,0.8883,False,False Positive (Hallucination),0.8883
god i am fucking scared i will not be able to vandalize wikipedia pages you are a dork,1,0,0.1893,0.0341,0.1117,False,False Negative (Missed Hate),0.8883
i agree with that observation sometimes it is hard to make the first move though be the bigger man even if you feel slighted so maybe that is what does going on bali feels he what a slut wronged clearly but whatever all need to play well with others regardless blocks almost over at this point if not already over,0,1,0.9942,0.7818,0.888,False,False Positive (Hallucination),0.888
संजय राउत को कंगना का जवाब महाराष्ट्र से प्यार है इसलिए बड़े बैनर छोड बनाई शिवाजी और लक्ष्मीबाई पर फिल्म,1,0,0.0209,0.2037,0.1123,False,False Negative (Missed Hate),0.8877
हम महिलाओं का एक समूह है,0,1,0.8448,0.9298,0.8873,False,False Positive (Hallucination),0.8873
विकास गायब नहीं है तेजी से भागने का प्रयास किया विकास का एनकाउन्टर हो गया है,1,0,0.0188,0.2089,0.1138,False,False Negative (Missed Hate),0.8862
बॉलीवुड फिल्म अभिनेता नसीरुद्दीन शाह की तबीयत बिगड़ी अस्पताल में भर्ती कई दिनों से बीमार हैं,0,1,0.9763,0.7962,0.8862,False,False Positive (Hallucination),0.8862
all americans are overweight and opinionated i never want to go there,1,0,0.0211,0.2067,0.1139,False,False Negative (Missed Hate),0.8861
इतनी चुटिया हरकत तो कोई दलित ही कर सकता है,1,0,0.1254,0.1026,0.114,False,False Negative (Missed Hate),0.886
hey dude hands sucked your dog s cock or that hand sucked yours is unsigned graffiti posted by,1,0,0.0158,0.2124,0.1141,False,False Negative (Missed Hate),0.8859
now seth just robbed my pussy heart heart with arrow heart body with the arrow from one of my followers sweetie i am so sorry that even you have to deal you with this one annoying bitch,1,0,0.0161,0.2123,0.1142,False,False Negative (Missed Hate),0.8858
मुझे कभी नहीं लगा की निचली जात के लोगों को मारना चाहिए,0,1,0.9436,0.8259,0.8847,False,False Positive (Hallucination),0.8847
i laa jhvnare like cara..,1,0,0.2235,0.0077,0.1156,False,False Negative (Missed Hate),0.8844
wikipediastalking while i enjoyed playing s t a l k e r i less enjoy wikipediastalking,0,1,0.7827,0.9852,0.8839,False,False Positive (Hallucination),0.8839
"इस्लाम भाईचारे का संदेश नही देता है बल्कि गैर मुस्लिमों से नफरत और काफिर समझकर उनका सर कलम करने का आदेश देता है। अयोध्या के गोसाईगंज में हिन्दुओ ने कब्रिस्तान के लिए जमीन दान देकर बनाया भाईचारे की मिसाल, बेवकूफ़ हिन्दू अपनी कब्र खुदखोद रहें। #जय_श्री_राम",0,1,0.8251,0.9419,0.8835,False,False Positive (Hallucination),0.8835
retweet but do bear in mind that youre still pretty crap mr,0,1,0.984,0.7828,0.8834,False,False Positive (Hallucination),0.8834
40 saal ke.muslim ne ek 4-5 saal ki bachhi ka rape kiya. ye muslims ki insaniyat ko dikhata hai....right? what's ur view?,1,0,0.0251,0.2105,0.1178,False,False Negative (Missed Hate),0.8822
dear hating hoes... if only you are an ew when put your shirt still on type bitch i will hate leaving you sincerely,1,0,0.0049,0.2309,0.1179,False,False Negative (Missed Hate),0.8821
jate ho dharmik log underage girls ke rape mein.mandir gdp down karte hain ghareebi badhate hain.,1,0,0.1356,0.1006,0.1181,False,False Negative (Missed Hate),0.8819
इनके एक विधायक है महाराष्ट्र में नाम है अबू आजमी ट्रेन में कुछ यूपी के शांतिदूतों को बैठाने आते हैं उन्हीं के सामने मुंबई पुलिस जिंदाबाद और पाकिस्तान जिंदाबाद के नारे लगते हैं और यह जनाब टि्वटर टि्वटर खेल रहे हैं बाहर निकल कर कुछ गरीबों की मदद कर दो आखिर इन्हीं गरीबों का तो लूटा,1,0,0.016,0.2205,0.1182,False,False Negative (Missed Hate),0.8818
"gujarat me to khud bjp ke karyakarta o ne rape kiya he, kyu chup ye log",1,0,0.0492,0.1877,0.1184,False,False Negative (Missed Hate),0.8816
ये हिन्दू हैं इनको कूड़े के साथ फ़ेंक देना चाहिए,1,0,0.0747,0.1656,0.1201,False,False Negative (Missed Hate),0.8799
आज़ादी के बाद हमने तीन बड़ी भूल की है अपनी प्राथमिक शिक्षा को हमने ईसाईयों के हाथ छोड़ दिया इतिहास के लेखन को कम्युनिस्टों के हाथ छोड़ दिया और मनोरंजन को मुल्लों के हाथ छोड़ दिया और यही वजह है कि सनातन को अछूत और मजाकिया बनाकर पेश किया गया समय आ गया है बदलाव का,0,1,0.8101,0.9495,0.8798,False,False Positive (Hallucination),0.8798
दलित मूछें रखें तो कुछ कुत्तों को जलन होती है और वो दलित को जान से मार देतें है ये लो हमारा छोटा भाई है असी ही मूछं रखी है बता कर आना मारने को और हाथ लगाते ही तुम्हारा कुत्ता ना बना दिया तो कहना सालो रापी जैसें ओजार चलाना छोडा है चलाना नही भूले है खाल तारकर रख दी जायेगी संविधान link,1,0,0.009,0.2322,0.1206,False,False Negative (Missed Hate),0.8794
यही अगर किसी मस्जिद में हुआ होता तो तेरे आतंकी कौम वाले पूरे देश मे दंगा फसाद कर दिए होते..दोगले पत्रकार देश मे असहिष्णुता घोषित कर दिए होते.और तू मुस्लिमो का रहनुमा बन कर यह बात पूरे विश्व मे फैला दिया होता कि हिंदुस्तान में मुस्लिम डरे हुए है हरामी के इस का बदला जरूर लिया जाएगा,0,1,0.8338,0.9246,0.8792,False,False Positive (Hallucination),0.8792
भारत में कुत्तों की एक नस्ल ऐसी भी पाई जाती है। जिनका पेट भारत मे भरता है। और पूँछ पाकिस्तान की तरफ हिलता हैं। कश्मीरी पत्थरबाज,1,0,0.0106,0.2319,0.1213,False,False Negative (Missed Hate),0.8787
mountain dar ki man ki chut,0,1,0.9606,0.7962,0.8784,False,False Positive (Hallucination),0.8784
हमें इन मुसलमानों से सीखना चाहिए,1,0,0.0059,0.2373,0.1216,False,False Negative (Missed Hate),0.87839997
जब पूरी मीडिया चोर और बदमाश मुल्लों के लिए छाती पीटती है तब तब यही क्यो नही कहता बड़ा माहौल का खयाल है तो एक बार जो सुअर मन्दिर में तोड़फोड़ कर रहे थे उनसे तो कुछ नही पूछ पा रहा है अब जब प्रशासन घुस रहा है तो फट गई,1,0,0.0729,0.1707,0.1218,False,False Negative (Missed Hate),0.8782
aapke samay bda mahilayaen surakshit thi....sir ji kitna jhut bologe desh se ..lgta hai nirbhaya rape case bhul gye aap …,1,0,0.0242,0.2195,0.1219,False,False Negative (Missed Hate),0.8781
av ultya pudee che,1,0,0.0029,0.2427,0.1228,False,False Negative (Missed Hate),0.8772
"रेल,तेल,सेल,भेल सबको प्राइवेट में ठेल सत्ता और अमीरों का सेल जो विरोध करें उसको जेल देखो इन बेईमानों का खेल",1,0,0.0253,0.221,0.1232,False,False Negative (Missed Hate),0.8768
तुम्हारे पास बिलकुल व् दिमाग नहीं है,1,0,0.2124,0.0345,0.1235,False,False Negative (Missed Hate),0.8765
राजनीति में एक #आतंकी आ गई हैं #प्रज्ञा_ठाकुर कभी शहीद का अपमान कर रही हैं तो क़भी राष्ट्रपिता की हत्यारे का सर्मथन नफ़रत बोल...मुद्दा गर्म...व तुरंत माफ़ी और दुनिया को बता रही हैं कि उसका #आतंकवाद से कोई रिश्ता नहीं जिसके बोल इतने ख़तरनाक हैं सोचिए वह पुण्य की भगीरथ कैसे है.,1,0,0.006,0.241,0.1235,False,False Negative (Missed Hate),0.8765
what the devil do you see whatever watch turns anime for gold...,1,0,0.2413,0.0062,0.1238,False,False Negative (Missed Hate),0.8762
जिनको वहम था कि मनमोहन सिंह प्रधानमंत्री थे वह यह वीडियो दोचार बार आंखें खोलकर देख लें सारा वहम दूर हो जाएगा,1,0,0.1959,0.0532,0.1245,False,False Negative (Missed Hate),0.8755
tumhara main mu na tor dun budhey ... terrorism hum nahin karty sari ki sari haramkhoriiii tum login ki hoti hai or name pak ka khrak hotaa,0,1,0.9651,0.7853,0.8752,False,False Positive (Hallucination),0.8752
"कोई #मस्जिद टूटी होती तो कांग्रेस,विपक्ष,पाकिस्तान, वामियों,सेकुलरों का #गू खाने वाले ये #सुअर #पत्रकार पूरे ब्रम्हाण्ड में भीषण #रंडी_विलाप कर रहे होते",0,1,0.971,0.7774,0.8742,False,False Positive (Hallucination),0.8742
तुम जैसे सब बांग्लादेशी निष्फल हो,0,1,0.9631,0.7853,0.8742,False,False Positive (Hallucination),0.8742
वाह अब वकील याद आ गया जब तेरी बारी आती है तब तूने कन्हैया ग़द्दार की सजा पर कोर्ट की तारीफ़ की थी ? अब क़ानून याद आ गया बहुत बड़ा वाला कमीना है तू अनुराग,0,1,0.8062,0.9414,0.8738,False,False Positive (Hallucination),0.8738
rt : बैश्यओं के साथ भेदभाव क्यों कुछ पर पुलिस की रेड मारी जाती है। तो कुछ को y श्रेणी की सु.......,0,1,0.8034,0.944,0.8737,False,False Positive (Hallucination),0.8737
इस धमकी भरे कॉल के बाद बढ़ाई गई उद्धव ठाकरे के आवास की सुरक्षा,1,0,0.248,0.0048,0.1264,False,False Negative (Missed Hate),0.8736
मज़्ज़फ़रनगर मे संजीव बालियान ने सही मुद्दा उठाया है बुर्क़ा वोट जैहाद को बढावा दे रहा है मतदान केन्द्र के बाहर ही बुर्के वालियो की जांच हो चेहरे का मिलान हो कई मतदान केन्द्रो में मर्द बुर्क़ा पहन कर फ़र्ज़ी वोट डालने जा रहे हैं,1,0,0.0952,0.1587,0.1269,False,False Negative (Missed Hate),0.8731
tere yaha to rape normal hai isliye report nahi karte. jitne pak ne run banaye usse jyada log roj marte hai bomb blast me. uspe ro sale ...,0,1,0.881,0.864,0.8725,False,False Positive (Hallucination),0.8725
mountain dew dar ke man ki chut,0,1,0.9433,0.8013,0.8723,False,False Positive (Hallucination),0.8723
ma the beys je vase nominal dekalb,1,0,0.2454,0.0099,0.1277,False,False Negative (Missed Hate),0.8723
पता नहीं क्यों जब भी कोई सच बात लिखी जाती है तो सत्ता के टुकड़ों पर पल रहे गोदी मीडिया के दलाल पत्रकार बौखला जाते हैं! वैसे ये बौखलाहट जायज़ है क्योंकि तीर निशाने पर लगता है तो दर्द होता है। बाकी तुम दो कौड़ी के पत्रकारो को मैं रिप्लाई देना ज़रूरी नहीं समझता,1,0,0.0202,0.2369,0.1285,False,False Negative (Missed Hate),0.8715
"विजयमालिया ललितमोदी नीरवमोदी आसारामबापू बाबारामरहिम पर कोई हमला नही हो सकता हमला बस तबरेजखान पर हो सकता है,,,",1,0,0.0171,0.2409,0.129,False,False Negative (Missed Hate),0.871
जब तक बच्चों वालों सें टैक्स लेकर बच्चों वालों को मुक्त में राशन बांटना बंद नहीं करोगे तब तक इस देश का भला नहीं हो सकता,1,0,0.1451,0.1129,0.129,False,False Negative (Missed Hate),0.871
do nothing........dar ki mkc,1,0,0.0155,0.2426,0.1291,False,False Negative (Missed Hate),0.87090003
मजहबी आंतकवाद । पत्थरबाज । कश्मिरी पंडीत। खानदानी अलगााववाद । धारा ३७० । पाकिस्तानि परस्ती । नमक हरामी । जिस थाली खना उसी को तोड़ना। यह सब जेहन मे आता है ।,1,0,0.1001,0.1583,0.1292,False,False Negative (Missed Hate),0.8708
नई कोरोना जांच लैब का उद्घाटन मुख्यमंत्री श्री जी ने की शुरुआत सरकारी व तीन निजी मेडिकल कॉलेजों में स्थापित की गई लैब।,0,1,0.7833,0.9576,0.8704,False,False Positive (Hallucination),0.8704
"84 लाख योनियों में भटकने के बाद वोट डालने का अधिकार मिलता हैं,, कृपया इसे सुतिया राहुल गांधी को देकर व्यर्थ न करें !",1,0,0.1753,0.0846,0.1299,False,False Negative (Missed Hate),0.8701
मैंने कभी नहीं कहा की महिलाऐं गन्दगी हैं,0,1,0.9844,0.7555,0.87,False,False Positive (Hallucination),0.87
"hahaha, to apni aurato ko hi rape ker diya, kareem 5 lacs east pak ki aurato ko rape ker diya aur jab karne ki bari aayi to surrender",1,0,0.0274,0.2329,0.1302,False,False Negative (Missed Hate),0.8698
"is shahid ke mu mat lago,in sab rapist ke aulad hai,unki masiha ke tara,jo ke 55 sall umar me 09 saal ki ayesha ko rape kya",1,0,0.0304,0.2315,0.131,False,False Negative (Missed Hate),0.869
"कौन कहता है वो सबका साथ सबका विकास करेगा? कौन कहता है कि उसने ग़रीबी देखी है? कौन कहता है वो जनता सेवक है? एक्टर-खिलाड़ी के बुखार-चोट पे ट्वीट, लेकिन सैकड़ो बच्चे मर रहे है उसे कोई खबर ही नही? वोट के लिए रोता है और बच्चो की मौत पे डिनर करता है कभी देखा है बेशर्म प्रधानमंत्री?",1,0,0.0127,0.2506,0.1316,False,False Negative (Missed Hate),0.8684
वे हम मुल्लों को जीतते हुए देख नहीं सकते,0,1,0.7721,0.9646,0.8683,False,False Positive (Hallucination),0.8683
विकास खोजने वो चले विकास मिला न कहीं। अगर वो सोचते देश की विकास ढूंढते यहीं।।,1,0,0.0058,0.2578,0.1318,False,False Negative (Missed Hate),0.8682
"तभी तुम लोग अपनी मा चुदाने आते है भारत में साले भुक्के नग्गे , साले नेपाल एक भिक महंगे का देश है , तेरे बाप चाइना ने सारा नेपाल को कब्जा कर चुका है और तेरे जैसे चुतिय खाली भारत दिखता है,",1,0,0.1893,0.0757,0.1325,False,False Negative (Missed Hate),0.8675
जो भी मेरे ईश्वर के विरूद्ध आये काट दो सालों को ये आग बहुत आगे जाएगी सीधे रण होना चाहिए ईश्वर से कामना है ये जो राक्षस है उनका संघार करने के लिए इस्वर लोगो को शक्ति दे सुरश चव्हाणके आप बहुत सही कर रहे है ये साले सुअर है इनको अहिँसा परमो धर्म समझ नही आता,1,0,0.149,0.1163,0.1327,False,False Negative (Missed Hate),0.86730003
"kashmir se kashmiri pandito k saath rape krenge, unhe mar k apni hi jagah se bhagne pr majbur kr denge",1,0,0.1492,0.1182,0.1337,False,False Negative (Missed Hate),0.8663
"is nalayak admi ashwini chaudhary se puchana chahiye ki usne rape victams ke liye kya kiya,bhansali ho ya koi aur director sirf paise kamane se matlab",1,0,0.0436,0.2253,0.1344,False,False Negative (Missed Hate),0.8656
mountain dew dar ke maa ke ch*t,0,1,0.764,0.967,0.8655,False,False Positive (Hallucination),0.8655
होटल मैनेजर की आत्महत्या का मामला पत्नीसाली समेत लोगों पर केस दर्ज जहर खाते समय बनाया था वीडियो पत्नीपरिजनों को बताया मौत का जिम्मेदार सिविल लाइन थाने में दर्ज हुआ है केस।,1,0,0.2345,0.0345,0.1345,False,False Negative (Missed Hate),0.8655
tori bahin chodo. respect karna sikh tirange ki.,0,1,0.7343,0.9961,0.8652,False,False Positive (Hallucination),0.8652
इनकी मानसिकता देखिए अमित शाह जी के कोरोना संक्रमित होने पर उनकी शवयात्रा निकाल के खुशी मना रहे है,1,0,0.1676,0.1024,0.135,False,False Negative (Missed Hate),0.865
germen shepherd ki maa ki ch**t,0,1,0.818,0.9107,0.8643,False,False Positive (Hallucination),0.8643
do nothing dar ki maa ki ch**t,0,1,0.7966,0.932,0.8643,False,False Positive (Hallucination),0.8643
विकीलीक्स ने खुलासा किया है कि राउल विंची शादीशुदा है । इसके बच्चे हैं जो लन्दन में रहते है । इसकी बीबी कोलंबियन है । पहली संतान वर्ष का लड़का नियाक है और दूसरी सन्तान माइनक साल की लड़की है । अविवाहित कहकर राहुल गांधी देश को गुमराह कर रहा है,0,1,0.7798,0.9473,0.8636,False,False Positive (Hallucination),0.8636
दलित मूछें रखें तो कुछ कुत्तों को जलन होती है और वो दलित को जान से मार देतें है ये लो हमारा छोटा भाई है असी ही मूछं रखी है बता कर आना मारने को और हाथ लगाते ही तुम्हारा कुत्ता ना बना दिया तो कहना सालो रापी जैसें ओजार चलाना छोडा है चलाना नही भूले है खाल तारकर रख दी जायेगी संविधान,1,0,0.0134,0.261,0.1372,False,False Negative (Missed Hate),0.8628
जिस सोशल प्लेटफार्म के जरिये बीजेपी सत्ता में आयी और झूठ की बातों को प्रचार किया उसी प्लेटफार्म पर आजकल साहब को dislike मिल रहे है वो भी बल्क में। समय फिरता है मालिक।,1,0,0.0178,0.2568,0.1373,False,False Negative (Missed Hate),0.8627
"ek taraf didi bol rahe ho, dusari taraf usi didi ka rape hone ki baat kr rahe ho! apna zamir bech k jhutha arop lgayenge h,vo kaha ki masoom",1,0,0.0265,0.2491,0.1378,False,False Negative (Missed Hate),0.8622
"ये जितने भी रेप, हत्यायें और बुखार में बच्चों की मौतें हुई हैं यह सब राहुल गांधी के संसद में मोबाइल देखने की वजह से हुई हैं मीडिया को यह मुद्दा और ज़ोर से उठाना चाहिये ताकि सरकार राहुल गांधी के खिलाफ कड़ी कार्रवाई करने के लिये मजबूर हो जाय",0,1,0.8511,0.8723,0.8617,False,False Positive (Hallucination),0.8617
कबतक यह पाटीदार होगा गिरफ्तार है तो यह पाटी में बांधकर पाटी से पीटने लायक लेकिन हम इज्जत पर बत्तमीजी से पहले कानून हाथ में नहीं लेते इसके जैसे कमीने नहीं हैं हम जल्दी गिरफ्तार किया जाए इसे वरना लोगों में आक्रोश फैल रहा है,1,0,0.0179,0.2589,0.1384,False,False Negative (Missed Hate),0.8616
क्या एंटीवायरल दवाएं लेकर कोरोना से बचा जा सकता है,1,0,0.0088,0.2691,0.1389,False,False Negative (Missed Hate),0.8611
अमेरिकी राष्ट्रपति डॉनल्ड ट्रंप ने पूर्व राष्ट्रपति प्रणब मुखर्जी के निधन पर शोक व्यक्त किया है। अमरीका विदेश मंत्री माइक पोम्पियो ने प्रणव मुखर्जी के निधन पर शोक व्यक्त करते हुये उन्हें दूरदृष्टा नेता बताया कहा कि उनके नेतृत्व से भारत और अमरीका के संबंध और मजबूत हुए।,1,0,0.2572,0.0215,0.1394,False,False Negative (Missed Hate),0.8606
"tu hi bata de bhai tere mla ne kitne rape kiye,kitni naqli degree bechi, kitno ne jnu jakar anti national slogans lagwaye....",1,0,0.0262,0.2525,0.1394,False,False Negative (Missed Hate),0.8606
": #प्रकृति और #संस्कृति को बचाना है तो इ*स्लामिक कट्ट रपंथी विचारधारा को उखाड़ना पड़ेगा ,क्योंकि इसी सोच ने #काश्मीर जै…",1,0,0.0197,0.2592,0.1394,False,False Negative (Missed Hate),0.8606
oh my god why are you posting your face on a board it is dangerous here holland to post your face on a fascist board because a lot of antifa is watching,0,1,0.8074,0.9123,0.8598,False,False Positive (Hallucination),0.8598
मां के बाद पिता को खोया दिन के अंदर हुआ गौरव चोपड़ा के मातापिता का निधन अगस्त को कैंसर के कारण मां ने छोड़ दी थी दुनिया अगस्त को पिता भी नहीं रहे,1,0,0.0154,0.2651,0.1403,False,False Negative (Missed Hate),0.85969996
"in the case of thiruchendurai, tamil nadu, the waqf board's claim over the entire village including temple land appears to be based on historical records and a survey conducted in 1954 which assigned the land to the waqf board. the waqf board can assert control or ownership over properties that are legally recognized as waqf, either through historical records, registration, or other documentation that legally identifies the property as waqf. the key issue in this scenario is whether the properties were indeed legitimately registered as waqf properties and whether the necessary legal processes were followed. it's important to note that waqf properties, once legally established, are meant to be used for charitable or religious purposes in perpetuity according to islamic law, and the waqf board is responsible for their management. however, if there are disputes or if local residents have evidence (such as title deeds) proving their ownership, these claims can be challenged legally. the residents of the village in question appear to be contesting the waqf board's claims based on their possession of title deeds and other documents. this has led to a hold on the waqf board's claims pending further investigation and legal review.",1,0,0.0032,0.278,0.1406,False,False Negative (Missed Hate),0.85940003
मायावती सीधे सीधे राजस्थान में बीजेपी को सपोर्ट कर रही हैं वो बीजेपी जो दलित पर अत्याचार करते है ओर उनका अत्याचार इतना बड़ा है की राम मंदिर सिलान्यास में राष्ट्रपति रामनाथ कोविंद जी को तक आमंत्रण नहीं दिया क्योंकि वो दलित है 100 करोड़ की किस्त बहनजी के घर पहुंच गई,1,0,0.0141,0.2676,0.1409,False,False Negative (Missed Hate),0.8591
कुछ लोग चाहते थे की स्वराजीव गांधी की पत्नी अध्यक्ष बने और कुछ चाहते थे की राहुल गांधी की मम्मी कुछ ने कहा की प्रियंका की माँ भी एक ऑप्शन हो सकता है। पर ज्यादातर की इच्छा थी इंदिरा गांधी की बहू गद्दी संभालें शेष आगे थ्रेड में,0,1,0.9874,0.7294,0.8584,False,False Positive (Hallucination),0.8584
इटली के पूर्व प्रधानमंत्री सिल्वियो बर्लुस्कोनी की कोरोना के कारण हालत नाजुक बनी हुई है,1,0,0.2764,0.0082,0.1423,False,False Negative (Missed Hate),0.8577
अगस्त को जब अयोध्या में बनने जा रहे राम मंदिर की नींव रखी जा रही थी। उस समय भारत के प्रधानमंत्री के अलावा यूके के प्रधानमंत्री बोरिस जॉनसन ने भी राम के प्रति अपनी श्रद्धा दिखाते हुए यूके में ही राम का अभिषेक किया था।,1,0,0.2322,0.0547,0.1435,False,False Negative (Missed Hate),0.8565
महाराष्ट्र में होटलों को खोलने की मिली इजाजत फिलहाल नहीं चलेगी मेट्रो,0,1,0.7898,0.9232,0.8565,False,False Positive (Hallucination),0.8565
"ranveer ko toh mein suru se hi hate karta tha toh log pucha karte the reason,, lo aaj reason v mil gaya",1,0,0.0445,0.2429,0.1437,False,False Negative (Missed Hate),0.8563
साले चरसी एक दूजे को बचाने को मैदान में कूदे तो है पर रोजाना एक का कांड हो जाता है #रसभरी #बलात्कारी #rapist,1,0,0.0239,0.265,0.1445,False,False Negative (Missed Hate),0.8555
अंग्रेज़ों से बुरा कुछ नहीं है,0,1,0.7943,0.9167,0.8555,False,False Positive (Hallucination),0.8555
इसने तो ब्लड डोनेट करके कोरोना ठीक करने की दावा कर रही थी मैं उस समय आप लोग को समझाए यह सब पैसा और भ्रष्टाचार के जरिए अफसर बना इस सब के पास अक्ल और दिमाग नाम की चीज नहीं,1,0,0.0284,0.2654,0.1469,False,False Negative (Missed Hate),0.8531
सुशांत सिंह राजपूत मामला ड्रग्स को लेकर भारत में कैसे हैं कानून,1,0,0.136,0.1591,0.1476,False,False Negative (Missed Hate),0.8524
पिछली सरकारों ने पीएसी को कंपनियां समाप्त कर दी थीं योगी जी ने उन्हें फिर से बहाल किया है।,0,1,0.9853,0.7195,0.8524,False,False Positive (Hallucination),0.8524
aur tere musalmano ki terha hum apni bahu betiyo ka to rape nahi karte saale..,1,0,0.1795,0.1158,0.1477,False,False Negative (Missed Hate),0.8523
राजनीति में एक #आतंकी आ गई हैं #प्रज्ञा_ठाकुर कभी शहीद का अपमान कर रही हैं तो क़भी राष्ट्रपिता की हत्यारे का सर्मथन नफ़रत बोल...मुद्दा गर्म...व तुरंत माफ़ी और दुनिया को बता रही हैं कि उसका #आतंकवाद से कोई रिश्ता नहीं जिसके बोल इतने ख़तरनाक हैं सोचिए वह पुण्य की भगीरथ कैसे है..??,1,0,0.0063,0.2893,0.1478,False,False Negative (Missed Hate),0.85220003
ha yaha ke bache bhi teri amma ki rape kar denge porki chut,1,0,0.0759,0.2208,0.1483,False,False Negative (Missed Hate),0.8517
एक खबर सुशांत सिंह राजपूत की मौत के मामले में कोई श्रृति मोदी भी जांच और संदेह के दायरे में और पप्पू की आंखों में चमक आ गई लो जी प्रधानमंत्री मोदी सुशांत सिंह राजपूत के हत्यारे हैं मोदीजी ने अनिल अंबानी की जेब में करोड़ों डालर डालने के लिए श्रृति मोदी से हत्या करवाई है।,1,0,0.1475,0.1501,0.1488,False,False Negative (Missed Hate),0.8512
bhai ye kaise bhul gaye ki desh ke sare rapist baba hi hote hai asram wale aur nhi to desh ko badnam krne wala rape to hinduo ne hi kiya tha delhi kand bhot jaldi bhul gaye bhai us par bhi kuch bolo,1,0,0.05,0.2494,0.1497,False,False Negative (Missed Hate),0.8503
कांग्रेस मुक्त भारत करतेकरते जीडीपी मुक्त अर्थव्यवस्था बन गया राष्ट्रवादी पत्रकार और राष्ट्रवादी न्यूज़ चैनल पर कहीं भी इस मसले को लेकर चर्चा नहीं है क्योंकि इन्हें अपनी चिंता है देश की और देश की जनता की कोई चिंता नहीं है बस इन्हें अपनी दलाली से मतलब है,0,1,0.9844,0.716,0.8502,False,False Positive (Hallucination),0.8502
मैं तुम जैसे पाकिस्तानियों को नहीं और झेल सकता,0,1,0.9409,0.7584,0.8496,False,False Positive (Hallucination),0.8496
इस देश मे राष्ट्रीय स्वयंसेवक संघ ही वो संगठन है। जो देश की हर विपत्ति के समय सीना तान कर देश को संकट से उबारता है औ,1,0,0.0145,0.2878,0.1511,False,False Negative (Missed Hate),0.8489
waqayi ap logon k liye ghussa nikalne k or tariqay bhi hain jese kashmiriyo ko maarna or masoom larkio ka rape karna.,1,0,0.0219,0.281,0.1514,False,False Negative (Missed Hate),0.84860003
"देश की इज़्ज़त हो रही है तार- तार। कहाँ मर गए वो साले,जो कहते थे, हम भी चौकीदार।",1,0,0.0302,0.2766,0.1534,False,False Negative (Missed Hate),0.8466
jee bilkul. farz hota hai. lekin phir maa baap ka bhi farz hota hai k woh apni aulad ki khushiyon ka khayal rakhen. unke na chahte huye bhi unhe dur bhej kar konsi khidmat hoti hai? i freaking hate sabir #khamoshi,1,0,0.1907,0.1177,0.1542,False,False Negative (Missed Hate),0.8458
शाहरुख खान को याद रखना चाहिए कि अगर देश में लोगों का एक बड़ा जनसमूह उनकी फिल्मों का बहिष्कार करेगा तो उसे भी एक सामान्य मुस्लिम की तरह सड़कों पर भटकना होगा,1,0,0.0229,0.2861,0.1545,False,False Negative (Missed Hate),0.8455
में देखिए आज सुबह की सभी खबरें सिर्फ मिनट में,1,0,0.1087,0.2019,0.1553,False,False Negative (Missed Hate),0.8447
पाकिस्तानी कभी नहीं बदलने वाले इसलिए हमें उनसे छुटकारा पाना चाहिए,1,0,0.1918,0.119,0.1554,False,False Negative (Missed Hate),0.8446
मैं मुस्लिम नहीं हूं मैं हिंदू मैं अपने धर्म में कमियां निकालूंगी दूसरे धर्म से मतलब नहीं मैं जिस मैं जन्म ली हूं मानती हूं उसी की कमियां नजर आने पर बोलूंगी,1,0,0.0101,0.3023,0.1562,False,False Negative (Missed Hate),0.8438
अक्टूबर को मध्य प्रदेश के मुरैना में कांग्रेस नेताओं द्वारा सम्बोद्धित एक रैली में पार्टी अध्यक्ष राहुल गाँधी ने एक महिला कार्यकर्त्ता का हाथ पकड़ लिया,1,0,0.0167,0.2964,0.1565,False,False Negative (Missed Hate),0.8435
abe rape pirit aurat ke bacche haram khor kutte ke bille suvar,0,1,0.9633,0.7215,0.8424,False,False Positive (Hallucination),0.8424
kiske rape ki aulaad hai tu pehle pata kar jake,1,0,0.0744,0.2428,0.1586,False,False Negative (Missed Hate),0.8414
एक हिन्दू हिन्दू को मार रहा है? #न्यूइडिया,1,0,0.0136,0.3039,0.1588,False,False Negative (Missed Hate),0.8412
mla #aimim exposed drug mafia adv waris pathan ka nariyalwadi kabrastaan ke drugs ke mudde per kaha ke hum hamesha drugs ke khilaf the hain or rahenge drugs free mumbai ki muheem ko barkarar rakkhenge.,1,0,0.015,0.3033,0.1592,False,False Negative (Missed Hate),0.8408
जहां तक मेरी राय है दलितों को जाके अपनी माँ छुड़वाने चाहिए,1,0,0.2749,0.0453,0.1601,False,False Negative (Missed Hate),0.8399
sadi,1,0,0.3149,0.0073,0.1611,False,False Negative (Missed Hate),0.83889997
"rt : यदि आप जातिवादी सोच से ग्रसित हैं तो आप राष्ट्रवादी हो ही नहीं सकते, हिन्दूराष्ट्र-निर्माण की सबसे बड़ी रूकावट जातिवाद है..",0,1,0.9621,0.7101,0.8361,False,False Positive (Hallucination),0.8361
प्रतिसत सत्य कथन हिंदू समाज की धार्मिक भावनाओं से खिलवाड़ किया जा रहा सूअर की कोम देशद्रोही हैं,1,0,0.307,0.021,0.164,False,False Negative (Missed Hate),0.83599997
model of the story 5 star plus mountain dew dar ki maa ki choot,0,1,0.7304,0.9412,0.8358,False,False Positive (Hallucination),0.8358
उत्तराखंड में तेज़ी से पांव पसार रहा कोरोना जानिए किस जिले का है क्या हाल,1,0,0.0232,0.3067,0.165,False,False Negative (Missed Hate),0.835
समझ नहीं आता ये #संघी आखिर साबित क्या करना चाहते हैं ये #कमीने इतने गिर क्यो जाते हैं मुसलमानो को झूठा बदनाम करने के लिए अपने धर्म को अच्छा साबित करना है तो अपने कर्मो से करो लड़को को बुर्का पहना कर कावड़ यात्रा मे भेज कर क्या हासिल हुआ नारंगी खटमलों,1,0,0.1815,0.1485,0.165,False,False Negative (Missed Hate),0.835
haha sahi ho k. twitter vari hate dekhda achammai vaisake.,1,0,0.2738,0.0572,0.1655,False,False Negative (Missed Hate),0.8345
केन्द्रीय अन्वेषण ब्यूरो सीबीआई ने मृत्यु मामले में कल अभिनेत्री रिया चक्रवर्ती और उसके भाई शौविक से घंटे से अधिक समय तक पूछताछ की।,1,0,0.2956,0.0357,0.1657,False,False Negative (Missed Hate),0.8343
सभी हिन्दू क बा ड़ी हैं,1,0,0.3224,0.0095,0.166,False,False Negative (Missed Hate),0.834
this article is a shame to all of this monster s victim you will rot in hell for all of this if you be not punished by the dupe second kinsfolk first,1,0,0.0069,0.3258,0.1664,False,False Negative (Missed Hate),0.8336
ma di ti the is proper for,1,0,0.0516,0.2812,0.1664,False,False Negative (Missed Hate),0.8336
ye maa beti hamesha he ishwari ko bachate he aur khud he phas hate he #krpkab #kuchrangpyarkeaisebhi …,1,0,0.3209,0.0121,0.1665,False,False Negative (Missed Hate),0.8335
जून सुबहसुबह जिसके भी हाथ में इंडियन एक्सप्रेस अखबार आया वो हैरान रह गया स्तब्ध कर देने वाली एक खबर थी देश के सीनियर कैबिनेट मंत्रियों के बीच आपसी अविश्वास इतना बढ़ जाने का आभास था कि एक मंत्री को दूसरे पर जासूसी कराने का शक हो रहा था,1,0,0.0104,0.3236,0.167,False,False Negative (Missed Hate),0.833
"प्रकाश जावड़ेकर ये हरामजादा कमीना कुत्ता भड़वा वामपंथी विचारधारा का है,6 साल इस हरामी ने खींसे निपोरने के सिवाय कुछ नहीं किया, ये सोनिया द्वारा प्लांट किया हुआ नीच आदमी है, मोदी जी को धोखा दे रहा",1,0,0.1161,0.2179,0.167,False,False Negative (Missed Hate),0.833
वे बहुत से बांग्लादेशियों के साथ काम करते हैं,0,1,0.7479,0.9154,0.8317,False,False Positive (Hallucination),0.8317
सेकंड फेज़ की ये परीक्षाएं सितंबर से होनी हैं परीक्षाएं ओपन बुक होंगी यानी इनमें छात्र जवाब देते समय किताबों या नोट्स का सहारा ले सकते हैं,1,0,0.0116,0.329,0.1703,False,False Negative (Missed Hate),0.8297
कोरोना से मौत पर परिजनों को लाख की मदद सीएम नीतीश की पहली डिजिटल रैली की बड़ी बातें,1,0,0.0593,0.2825,0.1709,False,False Negative (Missed Hate),0.8291
मुसलमानों को रेंडी कहना ठीक नहीं है।,1,0,0.1664,0.1763,0.1714,False,False Negative (Missed Hate),0.8286
फूट डालो और राज करो एक घिनौनी नीति थी और हमेशा रहेगी। ऐसी सोच को देश ने पहले भी पराजित किया था और आज भी करेगा क्योंकि भाईचारा और सद्भावना हमारे लोकतंत्र की नीव हैं।,1,0,0.2225,0.1209,0.1717,False,False Negative (Missed Hate),0.8283
mountain due :- dar ki maa ki c*@#&,1,0,0.3138,0.0303,0.172,False,False Negative (Missed Hate),0.828
do nothing+dar ki mkc,0,1,0.9199,0.736,0.8279,False,False Positive (Hallucination),0.8279
"#gujaratkegadhe up me dange , loot , rape, gundaai , jameeno per kabja karna iske alawa kya suna hai,",1,0,0.0278,0.3166,0.1722,False,False Negative (Missed Hate),0.82780004
"उत्तर प्रदेश, बिहार, झारखंड, मध्य प्रदेश, उड़ीसा, प बंगाल, हरियाणा, दिल्ली, राजस्थान, महाराष्ट्र, समेत अन्य सभी राज्यों में बेरोजगार युवाओं के लिए कोई काम नहीं हुआ.भर्तियों का बुरा हाल है. युवाओं का साथ लेकर सत्ता में आई अब जवाब देने का समय है.",1,0,0.0177,0.3286,0.1732,False,False Negative (Missed Hate),0.8268
terrorist sub nai ko bolo q ap log nafrat pahla chate ho tum jeso ki waja se desh ka badnam karte ho,1,0,0.3281,0.0191,0.1736,False,False Negative (Missed Hate),0.8264
chor saale. inko bolo arab se lekar aaye jameen. ya nehru se mange. ab time aa gaya hai ki inko inki aukat dikha di jaye,0,1,0.6901,0.962,0.826,False,False Positive (Hallucination),0.826
"झूठे पाक का unsc में स्पॉन्सर टेररिज्म का झूठा मुद्दा एक बार फिर बेनकाब हुआ...जबकि un में कोई मीटिंग ही नही हुई इमरान, 3 बार के भूतपूर्व pm को तो भगोड़ा घोषित करते है...लेकिन fatf के भय से लखवी,मसूर, d इब्राहिम को सरंक्षण देता है टेररिस्ट से प्यार करने वाले झूठा आरोप लगा रहे है",1,0,0.0178,0.3306,0.1742,False,False Negative (Missed Hate),0.8258
"hate kisi say bhi nahi tha, sab say pyar tha wo bhi bht zyada and ab nafrat hai apnay aap say isi wajah say k q tha aisa",1,0,0.0209,0.3315,0.1762,False,False Negative (Missed Hate),0.82379997
ऑस्ट्रेलिया के खिलाफ तीसरे टी इंटरनेशनल मैच में नहीं खेलेंगे जोस बटलर,0,1,0.9778,0.669,0.8234,False,False Positive (Hallucination),0.8234
आम आदमी के लिए राहत भरी खबर केंद्र ने सुप्रीम कोर्ट में कहा साल तक के लिए बढ़ाया जा सकता है लोन मोराटोरियम अब सुनवाई बुधवार को,0,1,0.9887,0.6566,0.8227,False,False Positive (Hallucination),0.8227
दीदी :- इतिहास उठाकर देखा जाए तो मुसलमानों ने हिन्दू धार्मिक मंदिरों को तोडकर मस्जिदें !! बनाई है !! मक्का - मदीना में हिन्दू धर्मों की 359 मूर्तियों को तोड़ा गया था ! खण्डित अवस्था में शिवलिंग है !! जब मुस्लिम का कोई अस्तित्व ही नहीं तो उसपर विचार करना बेकार है..!!,1,0,0.3203,0.0342,0.1773,False,False Negative (Missed Hate),0.8227
"साले #नीच, तू भारत के संविधान के तहत नौकरी वाले अधिकारियों से जूते साफ करवायेगा? तेरे #अब्बू का राज नही है, अगर ये अधिकारी चाहे तो तेरे और तेरे सारे खानदान से जूते साफ ना करवा दी तो कहना, बस एक बार जनता तुझे वोट ना दे के हरा दे, फिर देख #कमीने",1,0,0.0143,0.341,0.1777,False,False Negative (Missed Hate),0.8223
आप यह नहीं लिख सकते कि मैं तुम्हारे जैसी किसी भी निचली जात के लोग का वध करूंगा तो मैं आपको उसके लिए अदालत ले जाऊंगा।,0,1,0.965,0.6795,0.8222,False,False Positive (Hallucination),0.8222
आज हमसे पूछा जा रहा है की आपके बुज़ुर्गों का साबुत क्या है अरे दिल्ली में इतनी बड़ी सात बारा है ना मुसलामानों की डेक्कन का चार मीनार पीआर कार्ड है ना मुसलामानों का,1,0,0.3072,0.049,0.1781,False,False Negative (Missed Hate),0.8219
एक बांग्लादेशी ही इतना बड़ा चुटिया हो सकता है,0,1,0.9363,0.7067,0.8215,False,False Positive (Hallucination),0.8215
jaha nari ki puja hoti hai vaha . bangal ke kis gadhe mantry ne pucha rupaa ganguli g se ki kitani baar rape huaa aapake .sath. shame u pic.twitter.com/c7u6fqshmm,1,0,0.0603,0.2968,0.1785,False,False Negative (Missed Hate),0.8215
"पश्चिम बंगाल में हिंदूओं पर ज़ुल्म हुगली के तेलीनीपारा में, झड़प के बाद घरों में आग लगाई गृह मंत्री अमित शाह को स्थिति पर गौर करना चाहिए अवार्ड वापिस गैंग कहाँ है वे पत्रकार जो भारतीय प्रवासियों के रूप में बांग्लादेश में रोहिंग्याओं की छवि साझा करते हैं कुछ कहेंगे",1,0,0.3198,0.0384,0.1791,False,False Negative (Missed Hate),0.82089996
"tera bap shayad tujhe bhi yese hi najaro se dekhta hoga , tu to apane bap par b kisi din rape ka case laga sakti hai ,",1,0,0.3213,0.0368,0.1791,False,False Negative (Missed Hate),0.82089996
बुद्धि व छमता अवसर मिलने पर दिखती है। पिछ्ले वर्ष उप्र में होमिओपैथी में मेडिकल अफसरों की नियुक्ति में पिछडों की मेरिट थी जबकि सवर्ण की,1,0,0.0266,0.3319,0.1793,False,False Negative (Missed Hate),0.8207
chuteyo ki hai nhi sunte,0,1,0.6618,0.9794,0.8206,False,False Positive (Hallucination),0.8206
i love you hateful those castes live,1,0,0.3212,0.0381,0.1796,False,False Negative (Missed Hate),0.8204
bnc********,1,0,0.3447,0.0152,0.1799,False,False Negative (Missed Hate),0.8201
cretins are too stupid to understand that the usual remedy effected by antitrust litigation is to curtail or break up a market participant s dominant anticompetitive market position cretins are too stupid to understand that a reduction over time from to of a particular market participant s share of the us steel market is in effect a significant whittling of said market participant s dominance cretins are too stupid to understand that this is thus nearly the same effect as a successful antitrust enforcement cretins are too inept to realize that they lack even a basic understanding of relevant economic and legal issues as well as simple english language reading comprehension skills to be able to meaningfully edit sentences pertaining to the subject,0,1,0.994,0.6443,0.8191,False,False Positive (Hallucination),0.8191
bohat hi fazool. college se sakht nafrat hai. mujhe 10th ki chuttiyan wapis la do,1,0,0.3233,0.0395,0.1814,False,False Negative (Missed Hate),0.8186
physics gayi mach*dane content jaruri hai bc*,0,1,0.9104,0.725,0.8177,False,False Positive (Hallucination),0.8177
सांसद नुरसत जहाँ जैन से देवबंद के उलमा नाराज़ हो गए क्योंकि उन्होंने शादी के बाद सिंदूर लगा लिया और मंगलसूत्र पहन लिया। आखिर इन उलमाओं पर कोई आवाज़ क्यों नहीं उठाता? हर मुद्दे पर अपनी राय रखने वाले कर्मठ पत्रकार भी चुप है!,1,0,0.0605,0.3041,0.1823,False,False Negative (Missed Hate),0.8177
you are like the model for the girl i want to marry gorgeous girl with a voice like that solid first youtube comment cred kill zone gay out of all the rap combos like nsa outcast drake little wayne tito and denial of normal trip are the realest and most true niggas sick beats real lyrics you do not like this song then you do not know rap pussy ass nigga fuck a thumbs up i do not need your opinion because that is the truth right there that will teach her to run her mouth met you at walkout s place this summer this is sick keep it up woah yack back back that is what i think when i think of black too cannot stop by red hot chili peppers and lollipop remix by kanye and little wayne now but it will get the update,0,1,0.9928,0.6402,0.8165,False,False Positive (Hallucination),0.8165
दण्डः शास्ति प्रजाः सर्वा दण्ड एवाभिरक्षति दण्डः सुप्तेषु जागर्ति दण्डं धर्म विदुर्बुधाः।। उप्रलोक तथा निजी संपत्ति क्षति वसूली नियमावली के अनुसार लखनऊ व मेरठ में शीघ्र ही संपत्ति क्षति दावा अधिकरण गठित किया जाएगा। नया उत्तर प्रदेश है उपद्रवियों से सख्ती से पेश आएगा।,1,0,0.0109,0.3569,0.1839,False,False Negative (Missed Hate),0.8161
janngand marwane,0,1,0.6424,0.9877,0.8151,False,False Positive (Hallucination),0.8151
bcoz aur kuch kaam dhandha hai hi nai tum logo k paas.. terrorism felane ka business bhi hamare modi ji ne band karwa diya tum logo ka,1,0,0.3213,0.0489,0.1851,False,False Negative (Missed Hate),0.8149
#gudiya hp m hue chote bacche se gang rape ko koi bhi bda news channel cover nhi kr rha h. inhe sirf dalit/muslims case he nazar aate h. pic.twitter.com/9vh5smacbu,1,0,0.0334,0.3384,0.1859,False,False Negative (Missed Hate),0.8141
"are bato agar tumhara bahan ko koi rape karke murder karde to tum ahinsa ki raste pe chalkar oose payar se samjaoge , ki aur kisiko rape nakare ????",0,1,0.8007,0.8274,0.8141,False,False Positive (Hallucination),0.8141
"kam sey kam budapa mein to sudhar jao , yahan koi rape nahi ho raha tum muhajir, baloch aur pashtun ki chinta karo",1,0,0.2232,0.1493,0.1862,False,False Negative (Missed Hate),0.8138
jnu me yahi log mahilaao ka rape karte hain ....,1,0,0.0499,0.3253,0.1876,False,False Negative (Missed Hate),0.8124
"abey fatey chutad, apni g bacha chinese se, pakistan ka rape kar rahe hai",1,0,0.1663,0.2097,0.188,False,False Negative (Missed Hate),0.81200004
पर अपडेट्स नए मामलों ठीक होने की दर रिकवरी और मौत पर राज्योंकेंद्र शासित प्रदेशों के आंकड़ें विवरण,0,1,0.6632,0.9605,0.8118,False,False Positive (Hallucination),0.8118
uni jake kya karegi. sunni to tujhe gaaliya hi h btw agr aankh khol ke gor se dekhegi to pata chalega virtual gang rape hua tera,1,0,0.324,0.053,0.1885,False,False Negative (Missed Hate),0.8115
shootings it is a fucking genocide you bell ends,0,1,0.6306,0.9919,0.8113,False,False Positive (Hallucination),0.8113
i hate fucking clack coffee,0,1,0.9451,0.6775,0.8113,False,False Positive (Hallucination),0.8113
कुछ हरामी कौम के लोग पहले गंदगी फैलाएंगे और फिर चाहेंगे कि मीडिया उसे प्रसारित न करे क्योंकि उन्हें भी ये अच्छी तरह से पता है कि ये मुर्दे हिंदू अगर जाग गए तो गोधरा दुहरायेगा। अतः शांतिपूर्वक चुपचाप अपना काम करना चाहते हैं,0,1,0.985,0.6368,0.8109,False,False Positive (Hallucination),0.8109
mera sawal? keya proindian anchor ke khilaf aur islam n pak ke hymayat main bat kee jaey to ese hate speech kaha jae ga?,1,0,0.0082,0.3731,0.1906,False,False Negative (Missed Hate),0.8094
waha to awaz nahi nikalti hai kyuki wo rape hindu bhai ne kiya na wo crimanal nahi hai jao jakar pehle rape karna band karo phr bhonkna,1,0,0.3233,0.0591,0.1912,False,False Negative (Missed Hate),0.8088
bhikh me mila hu desh baris se bachne ki aukat nai baat karte ho rape karne ki benched zinda jala do pakistan ko,1,0,0.3242,0.0593,0.1917,False,False Negative (Missed Hate),0.8083
"जिस वक्त तबरेज पर जुल्म हो रहा था उस वक्त bjp नेता अब्बास नकवी और शहनवाज हुसैन चद्दर ओढ़ के सो रहे थे,,,,",1,0,0.324,0.0597,0.1919,False,False Negative (Missed Hate),0.8081
पहली बार इन मुस्लिम लड़कों को सब्जीफ्रूट बेचते देखा। अब क्योंकि कोरोनावायरस फैल रहा है। तीन चार दिन से मैं न्यूज देख रहा हूं कि तब्लीगी जमात के लड़के क्वारेंटाइन में नहीं रहना चाहते हैं और भागना चाहते,1,0,0.0391,0.3459,0.1925,False,False Negative (Missed Hate),0.8075
दलितों से बुरा कुछ नहीं है,1,0,0.3208,0.0642,0.1925,False,False Negative (Missed Hate),0.8075
ब्रेकिंग न्यूज़ पूर्वी लद्दाख में भारी संघर्ष।,1,0,0.0048,0.3817,0.1932,False,False Negative (Missed Hate),0.8068
looks like conservatives made a back issue conversation with me and they were best liked for their playing dirty divisive politics,1,0,0.3763,0.013,0.1946,False,False Negative (Missed Hate),0.8054
woh to filmo wala tere bhai to actual mein rape kar rahe hain. pahley apney andar jhank kar daikh phir doosron ko bol.,1,0,0.3248,0.0664,0.1956,False,False Negative (Missed Hate),0.80439997
"shilpa ki maa bannay ki overacting maa ban ban k sab ki bitching kr re na koi task m part leti na kuch, vikas ki mind gamer bannay k bad bh rkh rkh k acting pehlay priyank se itna hate aur hiten k jannay k bad foran itna pyar k uff. us sb se to bht bhtr hai bhaie",1,0,0.3211,0.0709,0.196,False,False Negative (Missed Hate),0.804
बाकी हिजड़े भी तुम्हारी तरह गांडू ही होते होंगे,0,1,0.6511,0.9563,0.8037,False,False Positive (Hallucination),0.8037
"वडाला रेलवे स्टेशन पर समाजवादी पार्टी के नेता अबू आज़मी के सामने मुसलमानों ने लगाए ""पाकिस्तान जिन्दाबाद"" ने नारे परन्तु #अबू_आज़मी ने उन्हें रोका नहीं घटना #मुंबई के #वडाला मैं #वडाला_स्टेशन की है लगता है सोनिया की शिवसेना ने बाला साहेब ठाकरे के भगवा की जगह हरा रंग अपना लिया है",1,0,0.3231,0.0707,0.1969,False,False Negative (Missed Hate),0.8031
agar rape ka comment padkar thodi si bhi sharm ati hogi tuje apne logo pe to apne pair se chappal nikal kar apne muh par marna,1,0,0.3217,0.0727,0.1972,False,False Negative (Missed Hate),0.8028
मई तुम जैसे पाकिस्तानियों को नहीं शी सकता,1,0,0.0978,0.2971,0.1974,False,False Negative (Missed Hate),0.8026
kidnap aur rape 17 saala karne wale shaik sayeed bawazir aur uska sathi chanchalguda jail me,1,0,0.0317,0.3637,0.1977,False,False Negative (Missed Hate),0.8023
ड्रेनेज का दम सीवर लाइन जैसे बुनियादी सुविधाओं को नजरअंदाज करना शहरों पर पड़ रहा भारी,1,0,0.0877,0.3085,0.1981,False,False Negative (Missed Hate),0.8019
"modiji ji andhakanun badlo,70sal purana abi cc camera ka zamana h deshko surakshit banao,rape bhrastachari band karo pic.twitter.com/kbmkuifmni",1,0,0.0305,0.3665,0.1985,False,False Negative (Missed Hate),0.80149996
agar apke baap ka naam rajive gandhi hai dadi ka naam indria gandhi hai to rape karo up mai bangla milega delhi mai.#sukanyadevi …,1,0,0.327,0.0714,0.1992,False,False Negative (Missed Hate),0.80079997
कमीना कुत्ता संजय,0,1,0.6185,0.9809,0.7997,False,False Positive (Hallucination),0.7997
चर्चा इसलिए कर रहे हैं आरएसएस वाले बीजेपी वाले अपने बिटिया के रिश्ता चाइनीस सैनिक के साथ करने के लिए चर्चा कर रहे हैं सावधान रहिए बेटी के रिश्ते यह जुड़ेंगे आपको गद्दार और चाइनीस एजेंट भी बता देंगे,1,0,0.3225,0.0793,0.2009,False,False Negative (Missed Hate),0.7991
sahi toh kahaa hain ne.. baas woh safeed aur kaali dadi add karna bhul gayein! sampatei registere; rape; snooping etc etc,1,0,0.0193,0.3831,0.2012,False,False Negative (Missed Hate),0.7988
*गुप्त-धन* रखने से सरकार नाराज *गुप्त-बात* करने से दोस्त नाराज *गुप्त-काम* करने से मालिक नाराज *गुप्त सम्बन्ध* रखने से पत्नी नाराज़ परंतु मंदिर में *गुप्त-दान* करने से भगवान कैसे खुश होते हैं *यह नहीं समझ आता है...*,1,0,0.3238,0.0793,0.2015,False,False Negative (Missed Hate),0.7985
"tere maa hai ghar pe? puch rape and molest kya hota hai? tu to desh ki rape kar raha hai, you wl pay the cost",1,0,0.0728,0.3315,0.2021,False,False Negative (Missed Hate),0.7979
"hum to khud terrorism se effected han aur is ke khilaf larh rahe han,mager aap logon ko nahi nazer ata ke mudi sarkar kiya kar rahi hae",1,0,0.3214,0.0833,0.2024,False,False Negative (Missed Hate),0.79760003
aise sexy photo upload kar ke likhegi dekho magar pyar se to rape ki vardate nahi badhengi to or kya hoga ye photo dekh kar hi kitne logon ke man me khayal aaya hoga ke kass 1 baar mil jaye,1,0,0.3227,0.0842,0.2035,False,False Negative (Missed Hate),0.79649997
mai bhi lullah ka face reveal karunga..,1,0,0.4068,0.001,0.2039,False,False Negative (Missed Hate),0.7961
"कश्मीर और फ़लस्तीन में एक ही समानता है,दोनो स्थानों पर मुसलमानों पर खुलेआम जुल्म हो रहा है और दुनिया ख़ामोश है !",1,0,0.073,0.3372,0.2051,False,False Negative (Missed Hate),0.7949
ye hai sapa ke neta jo ki varanasi cholapur block ke pramukh hai. inki gunda gardi.ladish ko rape ki dhamki pic.twitter.com/51y8zk16ln,1,0,0.0665,0.3443,0.2054,False,False Negative (Missed Hate),0.7946
अब गुजरात की एक में हथियारों का जखीरा मिलाइन द्वारा कुछ तो जा रही है भारत की सुरक्षा एजेंसियों को सतर्क रहना होगा प्रत्येक की गहन जांच की जरूरत है,0,1,0.982,0.6069,0.7944,False,False Positive (Hallucination),0.7944
"we will also say that muslims are once invaders,not indians",0,1,0.6257,0.9626,0.7942,False,False Positive (Hallucination),0.7942
kya haal hai india yaar kahi kisi ka rape to kahi ka murder aakhir kabtak chalta rahega ye sab pic.twitter.com/hdbelfc4nc,1,0,0.0782,0.3339,0.206,False,False Negative (Missed Hate),0.794
pakistan me ladkiyo ki kya halat he iska andaza isi baat se lagaya ja sakta he pak me rape accused ko nhi rape victims ko saza di jati he,1,0,0.1072,0.3069,0.207,False,False Negative (Missed Hate),0.793
इंटरनेट प्रॉब्लम के चलते भारत और रूस को संयुक्त रूप से चेस ओलंपियाड का चैंपियन घोषित कर दिया गया है पहली बार इस ओलंपियाड को ऑनलाइन आयोजित किया गया था इससे पहले भारत ने कभी भी ओलंपियाड नहीं जीता था,1,0,0.0034,0.4111,0.2072,False,False Negative (Missed Hate),0.7928
प्रणब ने जब के न्यौते पर हामी भरी थी तभी से न सिर्फ उनकी अपनी पार्टी कांग्रेस बल्कि आरएसएस की विचारधारा से जुड़ी भारतीय जनता पार्टी और यहां तक कि वामपंथी दलों के भीतर भी यह धुकधुकी थी कि आखिर प्रणब दा नागपुर जाकर क्या बोलेंगे,1,0,0.3228,0.0933,0.2081,False,False Negative (Missed Hate),0.7919
bhanwari devi ka nam yad hai rajsthan ki thi.. unhone raga pe rape kr arop dala aur dead body mili unki..,1,0,0.3215,0.0951,0.2083,False,False Negative (Missed Hate),0.7917
rape sirf rapist hi nahin karta. hum jaise log bhi uchhaalte rehte hain us aurat ki izzat. #kyaqusoorhaiamalaka⁠⁠⁠⁠,1,0,0.0387,0.3787,0.2087,False,False Negative (Missed Hate),0.7913
"eat 5 star do nothing, mountain dew dar ki maa ki ch**",0,1,0.8097,0.7727,0.7912,False,False Positive (Hallucination),0.7912
गिरिराज सिंह ने जनसंख्या वृद्धि को धर्म से जोड़ा कहा भारत सांस्कृतिक विभाजन की ओर बढ़ रहा है पढ़ें खबर,1,0,0.2327,0.1853,0.209,False,False Negative (Missed Hate),0.791
मैं कल किसी एक निचली जात के व्यक्ति को चाकू से मारूंगा,1,0,0.402,0.0171,0.2096,False,False Negative (Missed Hate),0.7904
tujhe sharm aani chahia tuchhe koi teri bhi beti ke sath rape kar sakta hai . betiyo ki ejjat karna shikh le budhhe . tujhe bhi marna hai.,1,0,0.3221,0.0976,0.2099,False,False Negative (Missed Hate),0.7901
जागो सनातनियों स्वतंत्र किया जाए हमारे मंदिर को,0,1,0.9881,0.591,0.7896,False,False Positive (Hallucination),0.7896
राम मंदिर पर मुल्लों की तो समझ में आती है बधाई देने पर इस्लाम ख़तरे में आता है लेकिन अमिताभबच्चन रणवीरऔर सितारे विराट कोहलीऔर खिलाड़ी औरअशोकगहलोत अखिलेशयादव ममताबनर्जी और नेताओं को क्या हुआजो इनका मुंह नहीं खुला इनका खतना व हलाला तो नहीं हो गया। हिंदूओं ने इनको सिर पर बिठाया है,1,0,0.3463,0.0749,0.2106,False,False Negative (Missed Hate),0.7894
comments about c fred your edits make no sense your acting like god just deleting whatever you want what does wrong with you,0,1,0.9831,0.5928,0.788,False,False Positive (Hallucination),0.788
"dekha tumhari mentality hindu jagenge bla bla, kabhi to hindustaniyo ki sochte par tumhare ankhon par rss me nafrat ka glass hi",1,0,0.3247,0.0999,0.2123,False,False Negative (Missed Hate),0.7877
मुझे कभी नहीं लगा की बांग्लादेशियों को मारना चाहिए,1,0,0.396,0.0304,0.2132,False,False Negative (Missed Hate),0.7868
"abe chal dalle, ye sab bolne ke bhi paise liye ho.",0,1,0.5863,0.987,0.7866,False,False Positive (Hallucination),0.7866
इस देश में बहुत सारे धोबी हैं,1,0,0.0258,0.4015,0.2136,False,False Negative (Missed Hate),0.7864
उनके जैसे सभी समलैंगिक अद्भुत हैं,1,0,0.0309,0.3977,0.2143,False,False Negative (Missed Hate),0.78569996
it is because it s not a punishment for your mistakes nor would we be your fault unless you were stupid too even that is not,1,0,0.0199,0.4099,0.2149,False,False Negative (Missed Hate),0.7851
hawas ke pujare,1,0,0.0339,0.3965,0.2152,False,False Negative (Missed Hate),0.7848
नाइस जोक मेरे बेटे कयामत और तुम लोग जो 200 साल अंग्रेज़ो के गुलाम रहे हो अगर दम है तो दंगे कर के देख ले 1 को 20 सुअर मिल के मार सकते है पर 1 पे 1 g फाड़ देंगे तेरे जैसे ना जाने कितने शैतान आये और चले गए मुसलमान और इस्लाम आज भी है कल भी होगा,1,0,0.2536,0.1776,0.2156,False,False Negative (Missed Hate),0.7844
मुझे सही में लगता है की पाकिस्तानी हम सबसे काम हैं,0,1,0.5775,0.9913,0.7844,False,False Positive (Hallucination),0.7844
aur kal ke din hi sindh main dozens of bachiyon ka rape huwa hai karachi main tho awam ne ehtijaj bhi kiya hai sachal main victim bachi ke parents wazir e dakhila sindh ke office pohanch gaye thay. khurshid double shah ko apna area dekhna chahiay kp ke logo ko koi takleef nahi,1,0,0.0393,0.3936,0.2165,False,False Negative (Missed Hate),0.7835
damn girl called me a nigger and got suspended in like seconds laughing my ass off,1,0,0.423,0.0105,0.2167,False,False Negative (Missed Hate),0.7833
यूपी की त्रस्त जनता व बीपीएल परिवारों पर भी बिजली की दरों में भारी वृद्धि करके उन्हें तेज झटका देने की सरकारी तैयारी घोर निन्दनीय। लोकसभा चुनाव के बाद क्या बीजेपी सरकार इसी रूप में यूपी की 20 करोड़ जनता को आघात पहुँचाएगी? यह वृद्धि सौभाग्य को दुर्भाग्य योजना में नहीं बदल देगी?,0,1,0.9649,0.6009,0.7829,False,False Positive (Hallucination),0.7829
ye pakistani ko pata nahi hai.jo terrorism wo hindustan ke khilaf istemal kar raha hai.ek din uske liye bhi bhari par shakta hai.,1,0,0.3219,0.1122,0.2171,False,False Negative (Missed Hate),0.7829
mauntain dew dar ki ma ki c****t,1,0,0.1609,0.2754,0.2181,False,False Negative (Missed Hate),0.7819
"rt : "" आज का मीडिया देश के लिए हानिकारक है ""..",1,0,0.4043,0.0327,0.2185,False,False Negative (Missed Hate),0.7815
"ek rape iska bhi hota to samajh patti kitna bura cheez hai . bjp ki leader hai, paise and power se jyada matlab hai inlogo ko.",1,0,0.3214,0.1197,0.2206,False,False Negative (Missed Hate),0.7794
bkri,0,1,0.994,0.5647,0.7793,False,False Positive (Hallucination),0.7793
अगर ये किसी पाकिस्तानी के दिमाग से आया है फिर तो टट्टी ही होगा,0,1,0.6134,0.944,0.7787,False,False Positive (Hallucination),0.7787
एनसीबी की पूछताछ में अबतक क्या हुआ देखिए बड़े अपडेट,0,1,0.9512,0.6051,0.7781,False,False Positive (Hallucination),0.7781
"modi ne kon sa promise poora kiya?ab tak kitne sainik mare? kitni ladki ka rape hua? kitne log vaise he maar diye gaye, note banddi me 140 log maare gaye, in sab pe white paper tera chacha nikaalega?",1,0,0.0249,0.4212,0.2231,False,False Negative (Missed Hate),0.7769
": इस देश मे ""राष्ट्रीय स्वयंसेवक संघ"" ही वो संगठन है। जो देश की हर विपत्ति के समय सीना तान कर देश को संकट से उबारता है औ…",1,0,0.0203,0.426,0.2232,False,False Negative (Missed Hate),0.77680004
मैं कल एक मुसलमान को गले लगाने जा रहा हूँ,1,0,0.0254,0.4215,0.2234,False,False Negative (Missed Hate),0.7766
tolko federal i am about to you hpv,1,0,0.442,0.007,0.2245,False,False Negative (Missed Hate),0.7755
"han rape hoa bachi ka wo bhi maan baap ka qasoor tha, din deharray jawan jahan aulad maar daali tou bhi parents ka qasoor.",1,0,0.0334,0.4168,0.2251,False,False Negative (Missed Hate),0.7749
b** c** gali yahi se banaa,0,1,0.5768,0.9724,0.7746,False,False Positive (Hallucination),0.7746
7 saal ki bacchi ka rape hua gurgaon me or aaj bhi log mansikta ki bajay kapdo ko dos dete hai.,1,0,0.0285,0.4225,0.2255,False,False Negative (Missed Hate),0.7745
मेरे मन में आप मुसलमानों के लिए बिलकुल घृणा नहीं है,0,1,0.6147,0.9336,0.7741,False,False Positive (Hallucination),0.7741
ye dropdi ji 15 din mai rape ki garenty de rahi hai..lagta hai inho ne hi koi contract le rakha hai..nari k sammn wale kha h,1,0,0.3239,0.1289,0.2264,False,False Negative (Missed Hate),0.7736
rape tumhare yaha hota bosdiwalo apni behan se sadi kar lete 10 suar jise bache paida karte,0,1,0.9855,0.5605,0.773,False,False Positive (Hallucination),0.773
da,1,0,0.4518,0.0043,0.2281,False,False Negative (Missed Hate),0.7719
5star. du nothing . mautain dew. dar ki maa ki chutt,1,0,0.3247,0.1327,0.2287,False,False Negative (Missed Hate),0.7713
"#newindia ka age limit hai kya, jin ladkiyon par rape sabit hoga, agar survive kar gayin, unse amit shah, rahul vote lenge? kaise, aap dono apne #mannkibaat me haryana me rape survivor aur rapist se kya expect karte hain, share kariye?",1,0,0.0782,0.3803,0.2292,False,False Negative (Missed Hate),0.7708
allahabad main bhi ek gangrape hua hai kal bachhi k sath.aur ek lady morning walk par gayi thi us ka murder hua hai .is sarkar main bura hal,1,0,0.0252,0.4356,0.2304,False,False Negative (Missed Hate),0.76960003
5star + mountain dew= dar ki ma ki chut,0,1,0.9383,0.6008,0.7696,False,False Positive (Hallucination),0.7696
aag tuja tondavar rumal takun sudha jhavnar nahi,1,0,0.4523,0.0096,0.2309,False,False Negative (Missed Hate),0.7691
ja apni maa bhahen ka rape kar tum logo ka kaam hi yahi hai madarchod,1,0,0.2564,0.2083,0.2324,False,False Negative (Missed Hate),0.7676
सुशांत डेथ केस में ट्विस्टअभिनेता की मौत से दिन पहले बहन प्रियंका ने वॉट्सऐप पर दी थी दवा लेने की सलाह रिया का दावा इस चैट के बाद सुशांत से बहस हुई और वे वहां से चली गई थीं,1,0,0.298,0.168,0.233,False,False Negative (Missed Hate),0.767
यह कहने में गलती कहाँ है की आप जैसे हिजड़े मरने के लायक है,1,0,0.0118,0.4541,0.233,False,False Negative (Missed Hate),0.767
कोराना दौर में प्लेसमेंट ऑफ़र वापस ले रही हैं कंपनियाँ छात्र परेशान,0,1,0.6085,0.9235,0.766,False,False Positive (Hallucination),0.766
मैं एक दलित की जान बचाने के लिए कभी उंगली नहीं उठाऊंगा,1,0,0.0527,0.4197,0.2362,False,False Negative (Missed Hate),0.7638
"kuch v kahlo kuch v sunlo,nota kar do par cong ko vote mat do,60 sal may bharat ma ka itna rape kiya ab nehi #mlkday …",1,0,0.3216,0.155,0.2383,False,False Negative (Missed Hate),0.76170003
पूर्व राष्ट्रपति प्रणब मुखर्जी का पार्थिव शरीर अंतिम दर्शन के लिए नई दिल्ली स्थित उनके आधिकारिक निवास राजाजी मार्ग में रखा गया। राष्ट्रपति रामनाथ कोविंद उपराष्ट्रपति एम वेंकैया नायडू प्रधानमंत्री नेरेन्द्र मोदी ने को पुष्पांजलि अर्पित की।,0,1,0.5812,0.9418,0.7615,False,False Positive (Hallucination),0.7615
कोरोनावायरस की अपार सफलता के बाद देश में कंगनावायरस ने दस्तक दे दी है कितने लोग मानते हैं,1,0,0.0088,0.4697,0.2392,False,False Negative (Missed Hate),0.7608
this cold whatever have going around our little hick town had about everyone i know locked in their houses for better than a week stay well,0,1,0.9703,0.5501,0.7602,False,False Positive (Hallucination),0.7602
फतेहाबाद के उपायुक्त डॉ नरहरि सिंह बांगड़ ने बताया कि कोविड महामारी के मद्देनजर कोई भी धरन या प्रदर्शन करने से पूर्व समूहों को संबंधित एसडीएम से पूर्व अनुमति लेनी होगी और आयोजक द्वारा एसओपी की पालना के संबंध में लिखित रूप में अंडरटेकिंग जमा करवाना होगा।,1,0,0.0681,0.4116,0.2398,False,False Negative (Missed Hate),0.7602
डीआरडीओ की बड़ी कामयाबी अब मिसाइलों में ये बड़ा बदलाव कर सकेगा भारत,1,0,0.0066,0.4739,0.2402,False,False Negative (Missed Hate),0.7598
मैंने आपके लिए सारा सम्मान खो दिया जब आपने कहा कि मेरे जैसी हिजड़े घिनौना हैं।,1,0,0.4601,0.0225,0.2413,False,False Negative (Missed Hate),0.7587
ha vo to sab ko dikh hi raha h ki ap logo ki govt h haryana me kuch bolne se pehle thodi sharm kar leti 3 din me 7 rape ki vaardaat hui h aur baat krte ho beti bachao ki,1,0,0.3235,0.1593,0.2414,False,False Negative (Missed Hate),0.7586
i hate fucking hunchbacks and their shitty humps,1,0,0.208,0.2747,0.2414,False,False Negative (Missed Hate),0.7586
धातु की सतहों की एक ही चरण में स्वतसफाई के लिए लेजरआधारित यंत्र जंग रोकने में मदद कर सकता है विवरण,1,0,0.0144,0.4689,0.2416,False,False Negative (Missed Hate),0.75839996
"gravity gayi maa chudane, aisi koi cheej hi nahi hoti",0,1,0.5238,0.9921,0.7579,False,False Positive (Hallucination),0.7579
sins running away now my drolmanam account had been blocked and delete my message i type for you as i mention had done sexual harassment when editing my sister does talk page after i complain of expression is discontented and i mention my sister cannot edit pages with perfect information because of spinocerebellar atrophy then try to communicate block my original account with the same reason personal attacks or harassment per edit filter i she would tear it all seems like direct and perform by themselves if she blocks me again i hope god will see utc,0,1,0.9944,0.521,0.7577,False,False Positive (Hallucination),0.7577
this is from a black forum they are not happy about this,0,1,0.5708,0.9416,0.7562,False,False Positive (Hallucination),0.7562
उपराष्ट्रपति श्री एम वेंकैया नायडु ने भूतपूर्व राष्ट्रपति स्वर्गीय श्री प्रणब मुखर्जी के निवास स्थान पर जा कर उनको श्रद्धांजलि अर्पित की।,1,0,0.0217,0.4659,0.2438,False,False Negative (Missed Hate),0.7562
आप यह नहीं लिख सकते कि मैं तुम्हारे जैसी किसी भी हिजड़े का वध करूंगा तो मैं आपको उसके लिए अदालत ले जाऊंगा।,0,1,0.8323,0.68,0.7561,False,False Positive (Hallucination),0.7561
"aaj shriman jin 4 candidates le liye vote mangege unki degree he gang rape , murder , money loundering, rangdari vasooli pic.twitter.com/m6dzfnitpb",1,0,0.0771,0.4108,0.244,False,False Negative (Missed Hate),0.756
अलीगढ़ में 19साल की हिंदू युवती ने आरोप लगाया है कि समुदाय के लोगों ने उसे दरगाह में 14 दिन बंधक बनाया व निकाह के लिए धर्मांतरण किया। दरगाहों से पहले भी लवजिहाद-धर्मांतरण के मामले आये हैं। क्या दरगाहें गैरकानूनी गतिविधियों का अड्डा हैं?,1,0,0.0225,0.4657,0.2441,False,False Negative (Missed Hate),0.7559
eat 5star do nothing + mountain dew dar ki ma ki ch**,0,1,0.8912,0.6199,0.7556,False,False Positive (Hallucination),0.7556
"logically dekhen to wo ling he h jokes apart - jb sanataniyon k baap ki party rapists and criminals ko ticket de skti h, to is ladki ne to esa kuch b ni kiya",1,0,0.0289,0.4614,0.2451,False,False Negative (Missed Hate),0.7549
"niyog pratha optional he, kisi pe thopi nhi jati, lekin tum mulle apni ma behno ka rape karvane khud chor k ate ho, kya purposes he",0,1,0.9868,0.5207,0.7537,False,False Positive (Hallucination),0.7537
सुशांत केस मॉरीशस में यौन शोषण के आरोपों पर संदीप सिंह की सफाई साझा किया पुलिस का लेटर,0,1,0.9904,0.5161,0.7532,False,False Positive (Hallucination),0.7532
rathee chutiys,0,1,0.53,0.9762,0.7531,False,False Positive (Hallucination),0.7531
kisi judge ki beti ya poti ke saath hua hota tab pata chalta ki iss society mein rape ki saza sirf maut ho sakti hai..tabhi rukenge rape.,1,0,0.3238,0.1736,0.2487,False,False Negative (Missed Hate),0.7513
rt : कंगना और शिवसेना की लड़ाई में हलाल तो आम आदमी हो रहा है कोरोना से आम आदमी मर रहा है रोजगार आम आदमी का जा रहा है महंगाई…,1,0,0.3215,0.1763,0.2489,False,False Negative (Missed Hate),0.7511
हमें किसी भी बांग्लादेशी को जीने नहीं देना चाहिए,1,0,0.0786,0.4191,0.2489,False,False Negative (Missed Hate),0.7511
an uncle is smiling and he is yelling dumb at them all,1,0,0.0145,0.4833,0.2489,False,False Negative (Missed Hate),0.7511
kash ek picture muhhamad pr bhi bn jaye...usne apne samne jewish mahilao ka rape kraya tha..kyuki ye allah ka adesh tha...quran me bhi likha h...issh pr film bnni chahiye....,0,1,0.9773,0.5243,0.7508,False,False Positive (Hallucination),0.7508
"abe bhaag ke india aa ja, wahan ke gay sheikh rape kar ke murder kar dete hain, +",1,0,0.0053,0.4937,0.2495,False,False Negative (Missed Hate),0.75049996
ek bacchi jisne gita shlok mein award liya ... usko tere bhaiyo ne rape threat aur gandi galiya di hai... youtube mein dekhle... abb tere jaise chutiye... hinduyo ko hidayat dega???,1,0,0.0476,0.4522,0.2499,False,False Negative (Missed Hate),0.7501
dhruv rathi is an anti national sold his soul. used to love his educational videos until he started stupid politics . boycott him unfollow him all indians. we don't need to hear fake shit from him. follow nitish rajput instead for quality educational youtube videos,1,0,0.455,0.0473,0.2512,False,False Negative (Missed Hate),0.74880004
kuch log british raj ko acha mante h par wo log jo musalmano ki chamchaguri karte h inki kisi na kisi generation me muslim ne rape kia hoga,1,0,0.322,0.181,0.2515,False,False Negative (Missed Hate),0.7485
आइये बुनियादी सुरक्षात्मक उपायों का पालन करने का अपने आप से वादा करें और दूसरों को भी इसके लिए प्रोत्साहित करें। बदलकर अपना व्यवहार करें कोरोना पर वार।,1,0,0.4939,0.0098,0.2519,False,False Negative (Missed Hate),0.74810004
ye sari baate sab samjhte han bas humari sarkar ko samjh nhi aata wo bas tamasha dekhti han rape thodi badi baat han movie badi baat han aaj rajputo ne apni ekta dikha di agar aise hi sab ke rape ke khilaf khade ho jaye to ??,1,0,0.0496,0.4551,0.2523,False,False Negative (Missed Hate),0.7477
मेरे हिसाब से तो जिन्हा की अकेले की गलती नहीं थी जिन्ना तो एक नेता था जो मुसलमान की असलियत को पहचान गया कि मुसलमान इतनी कमीनी कोम है कि वो किसी देश की सगी नहीं हो सकती और में मुसलमानों ने इस्लामिक देश के लिए मुस्लिम लीग को वोट दिया पर कमीनी कौम गई नहीं भारत से,0,1,0.9918,0.5005,0.7461,False,False Positive (Hallucination),0.7461
babar ki manka bhoshya,0,1,0.5083,0.9828,0.7456,False,False Positive (Hallucination),0.7456
दिनों से घर से लापता युवक का कुएं में मिला शव परिजनों ने जताई हत्या की आशंका परिजनों ने कोतवाली में की थी शिकायत कुलपहाड़ क्षेत्र के भटेवरा गांव का मामला,0,1,0.9764,0.5149,0.7456,False,False Positive (Hallucination),0.7456
"kisi ko afwah me mar diya to muje kya, hazaro ka rape hua usse muze kya.. meri sarkar h mai rok ni paya use tumhe kya..",1,0,0.3233,0.186,0.2546,False,False Negative (Missed Hate),0.7454
बाढ़ के हालात और ख़तम होते राशन को देख कर शी जिनपिंग ने चीनी लोगों को खाना संभलकर खाने को कहा है खाना खराब करने वाले को हो सकता है जुर्माना या जेल,1,0,0.0144,0.4953,0.2548,False,False Negative (Missed Hate),0.74520004
मुझे निचली जात के लोगों से नरफत है,0,1,0.5139,0.9765,0.7452,False,False Positive (Hallucination),0.7452
get off my talk page you troublemakers buzz off get lost stalkers,0,1,0.9889,0.5015,0.7452,False,False Positive (Hallucination),0.7452
"tujhey india mein ladkiyon kaa rape dikh rhaa hai. parr india meinmitti ko maa aur aurat ko maa durga maan kr puja hoti hai, woh nhi dikhta.",1,0,0.3236,0.1864,0.255,False,False Negative (Missed Hate),0.745
महाराष्ट्र में कोरोना का आंकड़ा लाख के पार। नए मामलों के साथ कुल केस हुए। अब तक की मौत। राज्य में रिकवरी रेट फीसदी हैः राज्य सरकार,1,0,0.0355,0.4746,0.2551,False,False Negative (Missed Hate),0.7449
kavi raj jis din aapki beti ko koi aapke samne rape karega uss din samjh nhi aayega ki deshbhakti kya hoti hai..,1,0,0.3228,0.1877,0.2553,False,False Negative (Missed Hate),0.7447
shame katie and nikki kat you are going down mr,1,0,0.0616,0.4499,0.2557,False,False Negative (Missed Hate),0.7443
कोंग्रेस को अंग्रेजों ने बनाया ही इसीलिए था लार्ड माउंटबेटन की बीबी एडविना ने इनको कुत्तों की तरह पाला और हिंदुस्तानियों को काटने के लिए छोड़ दिया,1,0,0.4642,0.0473,0.2558,False,False Negative (Missed Hate),0.7442
it is nice to also stay in touch back and take in the beauties across the world the only issue with style is you exist few people in our world whom are far from being beautiful in particular today i am targeting this audience to,1,0,0.0224,0.4892,0.2558,False,False Negative (Missed Hate),0.7442
hina kal insta pe aa jayegi. waha tum log minority bhi nhi ho. saare hina fans ki power shilpa k peeche lg jayegi ye bhi dhyan rkhna. ab tk shilpa ka twitter saaf pda hua h. hate messages se bhar denge kal aao jara,1,0,0.3217,0.191,0.2563,False,False Negative (Missed Hate),0.7437
हमें हिजड़ों को और अधिक पीड़ित नहीं करना चाहिए,1,0,0.0744,0.4382,0.2563,False,False Negative (Missed Hate),0.7437
he is telling sitting chief minister not others xylo bahan ke laudon,0,1,0.4963,0.9878,0.742,True,False Positive (Hallucination),0.742
wtf!!!,0,1,0.5039,0.9794,0.7417,False,False Positive (Hallucination),0.7417
tumlog ladkiyo bhed bakrio ki nazar se dekhte ho jaha mile sirf rape karne ka aur mera madarsa aurto ki izzat karna sikhata hai rape karna n,0,1,0.9382,0.5435,0.7409,False,False Positive (Hallucination),0.7409
haramkhor apni hi betiyon ke farzi rape case bana ke unjaan logon ko bekoof banatey rehtey! lol,0,1,0.9705,0.5092,0.7399,False,False Positive (Hallucination),0.7399
lind,1,0,0.5167,0.0068,0.2618,True,False Negative (Missed Hate),0.7382
it also goes to show that all those so called news people that laughed at you are now eating crow how wonderful it is to watch the mooney liberals squirm around like worms drowning in sunshine,0,1,0.9881,0.4848,0.7364,True,False Positive (Hallucination),0.7364
"u,gud people?are sharam karo. itna dam hai to sare up se sare rapust ko pakro or ek bhi rape hone se roko. magar nahi tumhe soft target chahie.",1,0,0.3221,0.207,0.2645,False,False Negative (Missed Hate),0.7355
chipkili,1,0,0.5254,0.0036,0.2645,True,False Negative (Missed Hate),0.7355
i would like all the murderer women to be thrown in jail,0,1,0.477,0.9935,0.7352,True,False Positive (Hallucination),0.7352
तुझ जैसा कमीना व घटिया आदमी नहीं देखा गया आज तकथू है तुझ पर।,1,0,0.3458,0.1839,0.2648,False,False Negative (Missed Hate),0.7352
shri krishna ne 16108 shadi kiya to krishna rangoli nhi mana raha hai .... nahate huye woman ko chhup ke dekhna nude woman ke sath rangoli manana 16108 shadi karna .. gareebo ke sath rape karna ... ye krishna ka asli face tha ..... kabhi religion ki bhi study kar liya kro.,1,0,0.0429,0.488,0.2655,False,False Negative (Missed Hate),0.7345
pahle apne gireban me jhanko pappu jahan rape hone ke bad neta ji bolte the ladke hain galti ho jati hai wo aapke mitra the,1,0,0.3215,0.2103,0.2659,False,False Negative (Missed Hate),0.7341
साले को संसद के अंदर ही पटककर लात-जूतों से पीटना चाहिए था न संजय सिंह को...! #संजय_सिंह_गुंडा_है,1,0,0.1104,0.4239,0.2671,False,False Negative (Missed Hate),0.7329
my female neighbor has a phd and masters degrees,0,1,0.9897,0.4756,0.7327,True,False Positive (Hallucination),0.7327
acha sp party ke log rape karte hai won to bhagwan hai/kairana se hindu ko bhagate ho woh to mahan hai/gunde to sp wale hai …,1,0,0.3384,0.1965,0.2674,False,False Negative (Missed Hate),0.7326
dekho amit ko ktna bada bat bola sayad isko apne bhgwan k bare me nhi pta.indra ne rape kiya tha bhul gye.ram ki sita ka balatakr ravan kiya,1,0,0.3235,0.2121,0.2678,False,False Negative (Missed Hate),0.7322
अभी भी कुछ लोगों को निचली जात के लोग की मौत के लिए पुकारते देखना निराशाजनक है।,0,1,0.6008,0.8622,0.7315,False,False Positive (Hallucination),0.7315
बांग्लादेशी कभी भी बुद्धिमान नहीं होते हैं,0,1,0.5621,0.9006,0.7314,False,False Positive (Hallucination),0.7314
ab marina se ye phoocho ki baba ne marina ke saath kitne baar rape kiya 25 aug se kahan thi ye kiraye ki marina or kitne paise mile h ise,1,0,0.0719,0.4663,0.2691,False,False Negative (Missed Hate),0.7309
duniya main koi sabse jayda achi kaum hai woh hai sikh kaum. main tahe dil se sabhi sikh bahi baheno ka shukriya ada kerte hoon ki jab suar ki aulad muslim mughal hindu/sikh behno ka rape ker rahe the tab maharaja ranjit singh ne sabki jaan bachayi thi. i am an indian and loves,0,1,0.9864,0.4751,0.7307,True,False Positive (Hallucination),0.7307
"क्या होगा देस का एसे गुंडे बदमाश इस पवित्र संसद मे गए है तो, रोड के गुंडो का ब्वहार संसद मे कर रहे है, साला वोटर ही देस का ना समज है",1,0,0.4701,0.069,0.2695,False,False Negative (Missed Hate),0.7305
स्लीपरसेल #सलीम पकड़ा गया ।ये लोग लोगों के घर मे कार्य करते हैं व मजहबी संगठन चलाने के लिए उन्हीं घरों में #चोरी_डकैती_हत्या भी करते हैं। #सस्ते_जिहादीयों_से_काम_कराने_का_सुखद_परिणाम #arrestheerkhan,0,1,0.5049,0.9512,0.728,False,False Positive (Hallucination),0.728
because wikipedia is zionist controlled see yes ha council among others for proof,0,1,0.9931,0.4626,0.7278,True,False Positive (Hallucination),0.7278
ek 6 sal ki ladki rape karke gav me ghum raha ajay&/0 ramdas vill and post nawar dist jalaun up cm yogi ji ki sarkar kya kar rahi hai us ladki ko insaf milna chahiye yogi ji se nivedan hai samst gram basi nawar,1,0,0.3224,0.2222,0.2723,False,False Negative (Missed Hate),0.7277
सभी निचली जात के लोगों को मार डालो जैसी आपकी बातें सही नहीं लगती,0,1,0.5063,0.9484,0.7273,False,False Positive (Hallucination),0.7273
"कहा है ये हरामखोर अनुराग कश्यप जो अभी तक गिरफ्तारी नहीं हुई इसकी साला ये हरामखोर का बच्चा आतंकी उमर खालिद को चला था बचाने लेकिन इस हराम खोर कुत्ते को समझ लेना चाहिए कि सच को कोई छुपा नहीं सकता देश का सबसे बड़ा बलात्कारी है जो लड़कियों का बलात्कार करता है, ये दोगल link",1,0,0.0123,0.5391,0.2757,True,False Negative (Missed Hate),0.7243
bachchiyon se rape karnewalon ko kutton ki mout mar dena chahiye.,1,0,0.0216,0.532,0.2768,True,False Negative (Missed Hate),0.72319996
यूपी के कुशीनगर में टीचर की हत्या ग्रामीणों ने आरोपी को पीटपीटकर मार डाला,1,0,0.4687,0.0851,0.2769,False,False Negative (Missed Hate),0.7231
eat five star and do nothing.... mountain dew ki mkc,1,0,0.0244,0.5301,0.2772,True,False Negative (Missed Hate),0.7228
साईकिल चोर ओर टिकीट ब्लेकर मोटु संजय सुल्तानपुरी के इसी शुभम् थियेटर में टिकट ब्लेक करता था। आज यह कमीना कुछ मुफ्त खोरो की वजह से लोकतंत्र के पवित्र मंदिर मे गुंडागर्दी कर रहा है।,1,0,0.023,0.5335,0.2783,True,False Negative (Missed Hate),0.7217
#zulmkekhilaf sb k desh men me zulm rape n murder badh raha hai r modi kahta h k desh badh raha hai #zulmkekhilaf,1,0,0.0695,0.4891,0.2793,False,False Negative (Missed Hate),0.7207
मुझे अंग्रेज़ों से नफरत है,0,1,0.4756,0.9648,0.7202,True,False Positive (Hallucination),0.7202
"tum to apni hi sagi bhanji ka rape kar rahe ho unke liye to sharafat bacha kar rakho wo to hindu hai hain baqi ""love jihad"" ham par chhodo",1,0,0.3227,0.2378,0.2802,False,False Negative (Missed Hate),0.7198
यह काला सूअर भी तो 10 जनपद का टॉयलेट साफ करने वाला है यह 10 जनपद के टॉयलेट में हार्पिक नहीं यूज़ करता यह अपनी जीभ का इस्तेमाल करता है,0,1,0.9894,0.4486,0.719,True,False Positive (Hallucination),0.719
kon ahein ha jhaatuuu,1,0,0.5593,0.005,0.2822,True,False Negative (Missed Hate),0.7178
just just watched the music video and i thought candaces behavior what a psycho slut but shocking the woman is hysterical so you did a well blair,1,0,0.5596,0.0066,0.2831,True,False Negative (Missed Hate),0.7169
पूर्व पीएम मनमोहन सिंह सालों में एक बार भी चीन के डर से अरुणाचल प्रदेश के दौरे पर नहीं गए। मोदी सरकार ने छह साल में चीनी सीमा पर नए एयरपोर्ट बनाए।,0,1,0.5135,0.9181,0.7158,False,False Positive (Hallucination),0.7158
bro be like : mountain dew dar ki maa ki chut,0,1,0.9607,0.4684,0.7145,True,False Positive (Hallucination),0.7145
yes he is scared because this is such a dictatorship that only produced more than 700 groups,1,0,0.5609,0.0119,0.2864,True,False Negative (Missed Hate),0.71360004
madarsha chap,0,1,0.5477,0.8795,0.7136,False,False Positive (Hallucination),0.7136
"ये सारे कमीने और बेईमान, फिर भी मेरा भारत महान #संजय_सिंह_गुंडा_है",0,1,0.9775,0.4476,0.7125,True,False Positive (Hallucination),0.7125
retweet labor islam working together retweet pm live rotterdam abuse victim i what a slut raped once a week every week,1,0,0.03,0.5464,0.2882,True,False Negative (Missed Hate),0.7118
निचली जात के लोगों को मदरचोर कहना ठीक नहीं है।,1,0,0.0694,0.5086,0.289,True,False Negative (Missed Hate),0.71099997
से शुरू होने वाले नंबर का फोन उठाने पर लोगों के साथ बैंक फ्रॉड हो जाएगा। फोन उठाते ही बैंक अकाउंट खाली हो सकता है।,1,0,0.0199,0.5588,0.2893,True,False Negative (Missed Hate),0.71070004
"aapke modi ji bhi multi task wale hain na.... di unse bol dijiye pm hain... 125 crore agar bolte hain... to ussi me kisaan , sc , obc, aur wo ladki bhi jo bus rape ka shikar hone wali hai.... kyunki ye wo mahan desh hai jisme har rooj 95 ladkiyon se jada k sath rape hota hai",1,0,0.3225,0.2572,0.2899,False,False Negative (Missed Hate),0.7101
"mujhe kisi ne pathar nahi mara matlab stone pelting nhi ho rahi, meri pehchaan me kisi ka rape nhi hua matlab ladkiya india me khush hain.",1,0,0.0895,0.4913,0.2904,False,False Negative (Missed Hate),0.7096
"yhi koi ladka kare to badtameezi, youn shoshan, mental torture aur agar koi ladki kare to lady don , janbaaz naari ….. bhaishaab shabdo ka chayan thoda soch k kiya kariye kyonki ky pta aap bhi kabhi uss aadmi ki bhoomika mai lachar hoke khade dikho wha pe",1,0,0.3211,0.2616,0.2914,False,False Negative (Missed Hate),0.70860004
आप कैसे कह सकते हैं कि निचली जात के लोगों घृणित हैं क्या आप ये नहीं जानते कि यह कहना घृणित है,1,0,0.0271,0.5585,0.2928,True,False Negative (Missed Hate),0.7072
mulle(dhurv ) comments out off service,0,1,0.4249,0.9853,0.7051,True,False Positive (Hallucination),0.7051
kyu madhu apne upar bhi toh film banao.ki tum kaise film mai role dene ka promise kar ke rape karte ho.pahle apne gireban mai dekho..,1,0,0.3217,0.2716,0.2966,False,False Negative (Missed Hate),0.7034
retweet stay mad this happens every hours there is already been another unarmed black person killed since mike brown eze,0,1,0.9943,0.4122,0.7032,True,False Positive (Hallucination),0.7032
रक्षामंत्री राजनाथ सिंह ने हाइपरसोनिक टेक्नोलॉजी डेमोनट्रेटर व्‍हीकल के सफल परीक्षण के लिए रक्षा अनुसंधान और विकास संगठन को बधाई दी है। इस व्‍हीकल में स्‍वदेश में विकसित स्क्रैमजेट प्रोपल्शन प्रणाली का उपयोग किया गया है।,0,1,0.9919,0.4135,0.7027,True,False Positive (Hallucination),0.7027
eski bhen ki choooo,0,1,0.4501,0.9533,0.7017,True,False Positive (Hallucination),0.7017
सबसे ज्यादा दमदार सूअर होते हैं जो एक साथ 16बच्चे पैदा कर सकते हैं या फिर उनकी बिरादरी के इंसान।,1,0,0.0151,0.5827,0.2989,True,False Negative (Missed Hate),0.7011
gravity gya maa chudane,1,0,0.481,0.121,0.301,False,False Negative (Missed Hate),0.699
मैं नाखुश था और मैं क्लब छोड़ना चाहता था मुझे यह नहीं करने दिया गया और मैं अब क्लब में रुक रहा हूं जिससे कोई कानूनी विवाद ना खड़ा हो बर्टमेयु जोसेप मारिया बर्टमेयु की अध्यक्षता वाला क्लब का मैनेजमेंट बकवास है,1,0,0.061,0.5416,0.3013,True,False Negative (Missed Hate),0.6987
newton ki mkc....,0,1,0.414,0.9816,0.6978,True,False Positive (Hallucination),0.6978
"porkistan me to hona hi nahi hai rape kyuki tumahare baap ki 1 se jyada biwi hogi, waha behen se bhi shaadi karte hai,isse bada rape aur kya",1,0,0.3221,0.2854,0.3037,False,False Negative (Missed Hate),0.6963
ने के निधन पर शोक व्यक्त किया विवरण,1,0,0.0245,0.5829,0.3037,True,False Negative (Missed Hate),0.6963
हमें किसी भी दलित को जीने नहीं देना चाहिए,1,0,0.0125,0.596,0.3043,True,False Negative (Missed Hate),0.6957
जब राज्यसभा में नम्बर थे नहीं सब विपक्षी विरोध में तो साला ये ध्वनिमत से पास हुआ कैसे। इस नियम को भी तोड़ दिया है तो अभी तानाशाही में कितना अंतर बचा है। कोई स्केल है क्या भाई नाप लो कनहि छोटी ना पड़ जाए।,0,1,0.9873,0.4025,0.6949,True,False Positive (Hallucination),0.6949
#hariyana mey ek week mey teen bachchiyo ke saath gang rape hue par hamari aatma ko ye khabar jhakjhorti nahi kyunki paththar ho gaye hai yahaa insaan .sabke sab gunaahgaar ..betiyo ko is tarah bachaoge ?,1,0,0.0302,0.5846,0.3074,True,False Negative (Missed Hate),0.6926
koi is bharway ko btye k is k tatti bharat ka rape ho ra h,0,1,0.9262,0.4576,0.6919,True,False Positive (Hallucination),0.6919
mama ke dabre se bahir a gaye ho kya baat ha.chote bacha ka rape howa tha qasoor me baad me pata chala ke tum b un ke sath the.ye ha hidmat,1,0,0.3217,0.2962,0.309,False,False Negative (Missed Hate),0.691
who said i am lying to who said i am fucking how are you real based off a minute analysis that obviously lacks context and sincerity shut the fuck up my nigga,0,1,0.7981,0.5833,0.6907,False,False Positive (Hallucination),0.6907
jaise note k lie modi zimmedar hain waise hi rape k liye tu..tune hi karaye hain rape..delhi. me..balatkari,1,0,0.3251,0.2941,0.3096,False,False Negative (Missed Hate),0.6904
gravity gaye maa chudane,1,0,0.5635,0.0569,0.3102,True,False Negative (Missed Hate),0.6898
mountain dew dar maa ki c****t,1,0,0.0704,0.5515,0.311,True,False Negative (Missed Hate),0.689
rt : क्या आप अब भी इस देश के प्रधानमंत्री की बात पर अब भी विश्वास करते है?,1,0,0.0045,0.6195,0.312,True,False Negative (Missed Hate),0.68799996
big boobs,1,0,0.615,0.0101,0.3125,True,False Negative (Missed Hate),0.6875
kash koi us kisan ke ghar bhi jata jiski 5sal ki bachhi se rape karke mar diya un wamio ko sertificate de rahe the janab dogla patrakar,1,0,0.0653,0.5598,0.3126,True,False Negative (Missed Hate),0.6874
kya hua hai desh ko langda tha langda hai koi imandari se desh chla lo modi ji bhuut kar li metngs ab to kuch kro roj rape ho rhe h kuch kro,1,0,0.3221,0.3032,0.3127,False,False Negative (Missed Hate),0.68729997
पाकिस्तान का झूठा खौफ दिखाकर हिंदुओं के वोट ही हासिल करने थे तो फिर तुम्हे आज मुस्लमानों की याद कैसे आ गई ?,1,0,0.0132,0.6171,0.3152,True,False Negative (Missed Hate),0.6848
इस सूअर के आंड ने तब राज्यसभा में कुछ नही बोला जब कंजरलाल ने हनुमान जी का मजाक उडाया था जब कंजर ने गीता ग्रंथ की प्रति लेने से मना कर दिया था जब इसका पेचकस पकडने वाले इंजीनियर ने गौमाता का मजाक उडाया था,1,0,0.0048,0.6265,0.3156,True,False Negative (Missed Hate),0.68439996
#zulmkekhilaf aurto par hone wale rape ko roko modiji 3talaq k naam par aurto ki himayti dikha kar rajniti mat karo pehle isko rolo fekuuu,1,0,0.0664,0.5674,0.3169,True,False Negative (Missed Hate),0.6831
mountain dew: darr ki maakichut,0,1,0.5327,0.8312,0.682,False,False Positive (Hallucination),0.682
jo marzi kar lo rishi kapoor maan lo tum ko ham se is liye nafrat hai kun k hamare level tk aye nahi ho abhi. u sarra hua tarbooz,0,1,0.9846,0.3775,0.681,True,False Positive (Hallucination),0.681
वालीवुड वालों ने गद्दार हिजड़ो की फौज बना रखी है क्या कंगना के स्पोर्ट में वॉलीवुड का - कोई - भी भाड़ नही आया - यह सब नकली हीरो है इन को पहचानो.,0,1,0.3896,0.9709,0.6803,True,False Positive (Hallucination),0.6803
aur tum logo nay tou indian army k naam pay balatkari suar paal rakhe hain jo sirf kashmiriyon ka rape karna jaante hai bas,1,0,0.2399,0.3999,0.3199,False,False Negative (Missed Hate),0.68009996
आठ पुलिसकर्मियों का हत्यारा विकास दुबे कभी यूपी सरकार का अभिन्न अंग था और वर्तमान मुख्यमंत्री योगी आदित्यनाथ के साथ उठना बैठना भी था। यूपी पुलिस हत्याकांड की जांच सीबीआई से हो,1,0,0.0266,0.6139,0.3202,True,False Negative (Missed Hate),0.67980003
तू निहायत कमीना इंसान है,0,1,0.9726,0.3865,0.6796,True,False Positive (Hallucination),0.6796
to ye batao ke army ne kiya hai ya nahi aise koi kritya? koi ghalati hui thi kya? rape rape hi hai. koi karega to ghalat hi hoga.,1,0,0.3232,0.3178,0.3205,False,False Negative (Missed Hate),0.6795
उत्तरपूर्व को छोड़कर बाकी सभी क्षेत्रों में सामान्य वर्षा दर्ज की गई उत्तरपूर्व में सामान्य से प्रतिशत कम वर्षा दर्ज की गई मौसम विभाग,0,1,0.3855,0.9731,0.6793,True,False Positive (Hallucination),0.6793
"ye to wohi baat huyi.. 'aye lakdi kyu padi ho zaad me , aa ghusja meri me'",0,1,0.9849,0.3703,0.6776,True,False Positive (Hallucination),0.6776
आईसीएमआर के अनुसार पिछले घंटे के दौरान लोगों के कोविड सैंपल टेस्ट हुए जबकि देश भर में अब तक कुल कोरोना सैंपल की जांच हो चुकी है,0,1,0.3993,0.9542,0.6767,True,False Positive (Hallucination),0.6767
up ke hindu.......nah bro nah.... hindu nhi hijda,0,1,0.3576,0.9954,0.6765,True,False Positive (Hallucination),0.6765
gb road walo ram*d,1,0,0.1438,0.5036,0.3237,True,False Negative (Missed Hate),0.6763
rt : चीन को खैरात में दी जमीन वापस आती देख आज लेहड़ू जिंदा होते तो फिर से मर जाते।,1,0,0.0045,0.6446,0.3246,True,False Negative (Missed Hate),0.6754
मेरा कुत्ता किसी भी निचली जात के लोग की तुलना में अधिक स्मार्ट है,0,1,0.384,0.9664,0.6752,True,False Positive (Hallucination),0.6752
i fucking love muslims,0,1,0.3792,0.968,0.6736,True,False Positive (Hallucination),0.6736
विशेषज्ञ कोरोना के कारण अर्थव्यवस्था के भारी गिरावट की भविष्यवाणी कर रहे हैं। मुझे इन विशेषज्ञों के बारे में ज्यादा पता नहीं है लेकिन मैं निश्चित रूप से जानता हूं कि उन्हें मानव प्रेरणा और निर्धारित प्रयासों के मूल्य के बारे में कुछ भी नहीं पता है। देशदुनिया में पहले हुईं ऐसे घटनाओं के बारे में लिखा गया है जिनके बाद दुनिया पर संकट था लेकिन दुनिया उससे उबर गई।,1,0,0.0129,0.6403,0.3266,True,False Negative (Missed Hate),0.67340004
abe dallo sabne is baar sach ka sath diya,0,1,0.9936,0.3509,0.6722,True,False Positive (Hallucination),0.6722
dekh tu kitni jaldi bhage ga salo apni behan ko chor do salo kabhi bhi daru pike apni bhahen ka rape karte ho kutto madarchod,0,1,0.93,0.4137,0.6719,True,False Positive (Hallucination),0.6719
uslims not ready to except reality,0,1,0.3504,0.9931,0.6718,True,False Positive (Hallucination),0.6718
देश ने पूर्व राष्ट्रपति प्रणब मुखर्जी को अश्रुपूर्ण विदाई दी। पूरे सैन्य सम्मान के साथ नई दिल्ली में अंतिम संस्कार। भारत ने कहा चीनी सेना ने जारी बातचीत के बीच और अगस्त को पूर्वी लद्दाख में उकसावे की कार्रवाई की।,0,1,0.3756,0.9667,0.6712,True,False Positive (Hallucination),0.6712
gravity gai man chudane,1,0,0.6257,0.0326,0.3292,True,False Negative (Missed Hate),0.6708
गौमाता' शब्द पर आपत्ति करने वाले गद्दार कौन हैं ? मज़हब के नाम पर एक दर्जन बच्चे पैदा करने वाले गद्दार कौन हैं ? गजवा-ए-हिन्द का मंसूबा दिल में पालने वाले गद्दार कौन हैं ?,1,0,0.5793,0.0824,0.3308,True,False Negative (Missed Hate),0.6692
gle cuba beys thanks again take fine duodena deca sa take normal roditeljima face with tears of joy face with tears of joy face with tears of joy face with tears of joy,1,0,0.0168,0.645,0.3309,True,False Negative (Missed Hate),0.6691
santani,0,1,0.3628,0.9741,0.6684,True,False Positive (Hallucination),0.6684
"comment section madhe mulanche sanskar disat ahe, kasli basha kaslya shivya chii.",1,0,0.0033,0.6601,0.3317,True,False Negative (Missed Hate),0.66830003
gravity gayi ma chudane,1,0,0.6473,0.0167,0.332,True,False Negative (Missed Hate),0.668
"kya bol saktey hain ab men are trash bs ik pathr pe lakeer lagado,bhai hum bi men hain humne to rape jokes ni kiye na ni bhai men are trash …",1,0,0.3228,0.3435,0.3332,False,False Negative (Missed Hate),0.6668
guess you missed the part where i said not to leave me user messages i will reiterate for you as you seem a little slow fuck off,1,0,0.0116,0.6564,0.334,True,False Negative (Missed Hate),0.666
फ़लाना ठिक़ाना सब ज़िम्मेदार हे सिवाय इन जिहादियों के सबसे बड़े हरामि तुम पत्रकार हो जो आ जाते हो इनके हिमायती बनकर तुम लोगों को क़ायदे से जूते पड़ने चाहिए,0,1,0.9839,0.3478,0.6659,True,False Positive (Hallucination),0.6659
rakshash bhoot pisach jhand b aisa nahi karte,0,1,0.3462,0.9839,0.665,True,False Positive (Hallucination),0.665
hate this gwar sadakchhap tuchcha,1,0,0.5726,0.0979,0.3352,True,False Negative (Missed Hate),0.6648
bhai ko koi sex dilao,1,0,0.671,0.0007,0.3358,True,False Negative (Missed Hate),0.6642
are you retarded i have cats and parakeets he is asian and needs lots of rice,1,0,0.6057,0.0662,0.3359,True,False Negative (Missed Hate),0.6641
अब सीबीआई करा सकती है रिया का पॉलीग्राफी टेस्ट समझिए क्या है इसकी प्रक्रिया और इसमें कितना समय लग सकता है,0,1,0.9651,0.3598,0.6625,True,False Positive (Hallucination),0.6625
राज्य को जीएसटी की पैसा दे दो उसके बाद लोगों को बेवकूफ बनाना कर्मचारी की तनख्वाह देने की हैसियत नहीं बिहार के लोगों को गुमराह कर रहे हो बिहार के लोग उड़ती चिड़िया के पंख में सिख लगा देते हैं सारा देश लूट कर मित्रों को विदेश में शिफ्ट कर दिया लोगों को कंगाल बना दिया फिर बकवास,0,1,0.9874,0.3367,0.662,True,False Positive (Hallucination),0.662
यह केरल का मोइनुद्दीन है । उन्होंने में जेएनयू में प्रवेश लिया । यदि सालदर साल उन्होंने बीए एमए एमफिल और फ़ीर पीएचडी में दाखिला लिया तो उन्हें में जेएनयू छोड़ देना चाहिए था और काम करना शुरू कर देना चाहिए था ।,1,0,0.0187,0.6575,0.3381,True,False Negative (Missed Hate),0.66190004
चीन को हरकत का मिलेगा मुंहतोड़ जबाव भारत ने लद्दाख में बढ़ाई सैनिकों और हथियारों की तैनाती,0,1,0.368,0.9541,0.6611,True,False Positive (Hallucination),0.6611
कोरोना जांच का सरताज बना उत्तर प्रदेश। डब्ल्यूएचओ मानक के मुताबिक प्रदेश की करोड़ जनसंख्या में हजार टेस्ट रोज होने चाहिए जबकि यहां डेढ़ लाख टेस्ट प्रतिदिन हो रहे हैं।,0,1,0.9746,0.3448,0.6597,True,False Positive (Hallucination),0.6597
tu aaicha bosdaa . . nako maanu tu ghal tuji tikde bosdicha . . vote maang,0,1,0.3233,0.9945,0.6589,True,False Positive (Hallucination),0.6589
हमें अपने समाज में हिजड़ों के लिए खुली नफरत को दूर करना होगा।,1,0,0.0534,0.6291,0.3413,True,False Negative (Missed Hate),0.6587
lauraaa,0,1,0.4346,0.8828,0.6587,True,False Positive (Hallucination),0.6587
"han naam khraab na ho, kaam kharab karo rape karo, rishwat lo, dalali kar k desh se bhaag jao kalamad, sahara , adani ki randi ban k pak jao",0,1,0.9734,0.3432,0.6583,True,False Positive (Hallucination),0.6583
humaare hindustan k logo ko pakistaaniyo se bdlaa chahiye jo apne hi desh me 15 saal ki ladki k saath rape kar k use jaan se maar diya gya,1,0,0.0413,0.6429,0.3421,True,False Negative (Missed Hate),0.6579
सिर्फ मुसलमान ही ज्यादातर ही पैसे लेने गयी ये है सिर्फ रोहांगिया मुसलमान,0,1,0.9903,0.3254,0.6578,True,False Positive (Hallucination),0.6578
madr**** raathee,1,0,0.669,0.0174,0.3432,True,False Negative (Missed Hate),0.65680003
"कहां मर गया दिल्ली का हरामखो र मुख्यमंत्री केजरीवाल साला सूअर की औलाद जिसके मुंह से एक भी शब्द नहीं निकाल रहा कुत्ता साला ,पहले ईद पर दिल्ली में शांतिवादी लोगो ने बसे तोड़ी तो चुप रहा अब कमिन मंदिर पर चुप है सूअर।",0,1,0.9898,0.3238,0.6568,True,False Positive (Hallucination),0.6568
bosdiwallaaa board,0,1,0.3222,0.9898,0.656,True,False Positive (Hallucination),0.656
ponosno go ahead main you car,1,0,0.6106,0.0782,0.3444,True,False Negative (Missed Hate),0.6556
shut up lady style color border solid row insert match middle triangle style large x large padding match height best in awfulness style align middle padding i don't worry about you and when you do dyou know how good mob oh it is mind his own business,1,0,0.0091,0.6802,0.3447,True,False Negative (Missed Hate),0.6553
mountain dew_-_-_-_dar ki maa ki choo,0,1,0.3298,0.9801,0.655,True,False Positive (Hallucination),0.655
मीडिया माई कोई हिंदू की औलाद नहीं है क्या जो तुम लोग हिंदुओं की बुराई करते हो। रहते हो तुम लोग इतने कमजो हो गये जितना कोई भिखारी भी नहीं होता अगर तुम जब हिंदू पाकिस्तान पर होते तो हो रहे अत्याचार को क्यों नहीं बताते मुल्ले मीडिया वाले,0,1,0.9755,0.3323,0.6539,True,False Positive (Hallucination),0.6539
lekin yrf/lallu ne pair kyu pakda?logic ke hisaab se haarne wala bhaaga hai.jeetnewaala reham/bheek deta hai.bhaitards ki logic ki rape hgya …,1,0,0.0245,0.6691,0.3468,True,False Negative (Missed Hate),0.65320003
bitch shut the fuck up you living off our tax money too whatever pay shit just like you so do not get that white power shit to head,0,1,0.9907,0.3155,0.6531,True,False Positive (Hallucination),0.6531
dhruv rahti chu***a,1,0,0.6788,0.0157,0.3472,True,False Negative (Missed Hate),0.65279996
"जायरा वसीम ने कहा 'इस्लाम में अभिनय हराम' है तो क्या मीनाकुमारी, मधुबाला सायराबानों, शबानाआजमी, तब्बु नरगिस माना कादरी शबाना रजा दिया मिर्जा फ़राह खान जरीना वहाब वहिदा रहमान मुमताज आयशा टाकिया हुमा कुरैशी सोहा अली खान सलमान, शाहरुख अमिर दिलीप सब हरामी हैं?",0,1,0.9778,0.3274,0.6526,True,False Positive (Hallucination),0.6526
बीबी फ़ैक्ट चेक पड़ताल में पाया है कि कैलाश पर्वत की बताई जा रही तस्वीरें पूरी तरह फ़र्ज़ी हैं भारतीय सैनिकों ने कैलाश पर्वत पर कोई क़ब्ज़ा नहीं किया है रिटायर्ड मेजर जनरल नरभक्षी ने झूठ को फैलाने में बीजेपी आईटी सेल की सहयोग की हिजड़े हैं मक्खी नहीं मारेंगे शेर बता देंगे,0,1,0.9852,0.3195,0.6523,True,False Positive (Hallucination),0.6523
.manojpawar999 asalyanchi tonda fodali pahije,0,1,0.9944,0.3086,0.6515,True,False Positive (Hallucination),0.6515
in riders ki kutto ki trh ganddddd fat ti h,0,1,0.3232,0.9799,0.6515,True,False Positive (Hallucination),0.6515
beta jaa apni maa behno ka khayal rakh roz india mai tumharay log apni maaoun aur behno ka rape kartay hain.sharam say doob mar ja,1,0,0.3248,0.3745,0.3497,False,False Negative (Missed Hate),0.6503
"saley ullu, chor n rapist tere ghar mai ghusega to tu kya karega . bibi ka rape honey dega ya lath mar kar bhagayega . kabhi to akal lagaya kar",1,0,0.322,0.3777,0.3499,False,False Negative (Missed Hate),0.6501
gravity ki mkc,0,1,0.3317,0.9686,0.6501,True,False Positive (Hallucination),0.6501
muslim ki maa ki c...t,0,1,0.3219,0.9773,0.6496,True,False Positive (Hallucination),0.6496
sir in separatist leaders nay aaj tak sirf aur sirf nafrat failayee hai jis wajahsay kashmiri awaam taraqee nahee kar payee...,1,0,0.0149,0.6863,0.3506,True,False Negative (Missed Hate),0.6494
ा जिले में फिल्माया गया था जहां दो पुरुषों के बीच शुरु हुआ झगड़ा तब हिंसक हो गया जब एक ने दूसरे की मां के बारे में आपत्तिजनक बात कही थी। स्थानीय पुलिस ने बूम को बताया कि पीड़ित और हमलावर दोनों लिंगयायत समुदाय से संबंधित हैं।,1,0,0.0793,0.6222,0.3507,True,False Negative (Missed Hate),0.6493
कोरोना वायरस टेस्ट में पॉजिटिव निकला क्रिकेटर मैच बीच में ही रोककर करना पड़ा रद्द,1,0,0.0321,0.6712,0.3516,True,False Negative (Missed Hate),0.6484
ata ghy ghusvun,0,1,0.324,0.9704,0.6472,True,False Positive (Hallucination),0.6472
आज कल तो अमिताभ सलमान कपूर फेमिली शांत है ड्रग्स का मामला हो या सुशांत का ये सब साले मिल कर सत्ता चला rhe है ....इनको सत्ता गिराने कंगना आई है ...पाप का घड़ा फूटने वाला है,1,0,0.3271,0.3787,0.3529,False,False Negative (Missed Hate),0.6471
ini hate speech nih pak …,0,1,0.3225,0.9712,0.6469,True,False Positive (Hallucination),0.6469
पूर्व वित्त सचिव ने कहा कि लॉकडाउन लगाने की रणनीति सही नहीं होने के कारण ऐसा हुआ,1,0,0.0551,0.6528,0.354,True,False Negative (Missed Hate),0.646
padmavati ka dusra khoon sunkar kano se khoon nikalne waala aur deepika ko dekhte hi vomiting. koi itni ugly kesi dikh sakti hai bhai.,0,1,0.3222,0.9698,0.646,True,False Positive (Hallucination),0.646
अमित शाह जून को बिहार में रैली करेंगे। सरकार ने इसलिए ही लॉकडाउन हटाया है,1,0,0.6711,0.0384,0.3547,True,False Negative (Missed Hate),0.64530003
अमेरिका की जनता ने में बिना किसी विशेष जनसंपर्क अभियान एनआरआई भीड़ प्रबंधन या हाईप्डअप मीडिया प्रचार के स्वागत किया था ।,0,1,0.3225,0.9679,0.6452,True,False Positive (Hallucination),0.6452
जितना तारीफ की जाए आप लोगों को काम है मैं भी फुल फैमिली बेरोजगार आपके साथ हूं सोशल मीडिया से अब सड़क पर आंदोलन के रूप में उतरनी चाहिए,1,0,0.0348,0.6748,0.3548,True,False Negative (Missed Hate),0.6452
"अबे सूअर की औलाद बुखारी, साले हलाला की पैदाइश,अब अगर तूने कोई कुत्ता गिरी की तो देश का हिन्दू तुझे घर में घुस कर मारेगा । और तेरे समर्थक हिजड़े नेता भी तुझे बचा नहीं पायेंगे । साले नीच कटुए ।",0,1,0.9865,0.3039,0.6452,True,False Positive (Hallucination),0.6452
"kyunki unhe #rape chillane pe trp milta hai. uske baad woh jhoot nikle toh, unhe usme interest nahi rehta #cleanchittoasarambapuji",1,0,0.3217,0.39,0.3559,False,False Negative (Missed Hate),0.6441
shamanic and board has perfectly planned to spoil and mentally giving trouble the other teams by fixing it on this month which is mostly monsoon days in england wiving winner tncriesforwater chennai,1,0,0.0038,0.7084,0.3561,True,False Negative (Missed Hate),0.64390004
"jo muje follow karne k baad chupke se unfollow kar deta h me usko hamesh k liye block kar deta hu.muje gadaar ,selfish and makkar se bahut hate h bhai",1,0,0.6655,0.0478,0.3566,True,False Negative (Missed Hate),0.6434
phla bolo bhai bhai fer ghar ka zamai hatt bh***cd,1,0,0.0145,0.6988,0.3567,True,False Negative (Missed Hate),0.6433
ga**d jali,0,1,0.3064,0.9803,0.6433,True,False Positive (Hallucination),0.6433
ड्रेनेज का दम देश के फीसद शहरी क्षेत्रों में सीवर लाइन नहीं भारी बारिश में शहरों का बुरा हाल,1,0,0.3793,0.3358,0.3575,False,False Negative (Missed Hate),0.64250004
क्या एमएस धोनी के साथ दरार के कारण भारत लौटे सुरेश रैना श्रीनिवासन ने किए कई खुलासे,0,1,0.9735,0.3087,0.6411,True,False Positive (Hallucination),0.6411
मेरे मैनेजर भी एक निचली जात के व्यक्ति हैं,1,0,0.5368,0.1813,0.3591,True,False Negative (Missed Hate),0.6409
no one cares about him now that he came out as a gay man and that is how it should be,1,0,0.0162,0.703,0.3596,True,False Negative (Missed Hate),0.6404
कश्मीर में सुरक्षाबलों ने ढूंढ निकाले आतंकी संगठन जैशएमोहम्मद के तीन ठिकाने,1,0,0.0255,0.6951,0.3603,True,False Negative (Missed Hate),0.6397
"उन हरामियों ने मन्दिर तोड़ा जिसका वीडियो रिकॉर्डिंग है ,अल्लाह उ अकबर के नारे लगाते हुए तोड़ा 8समय अफवाह क्या है बे। तुम जैसे ही हरामियों की वजह से ही पहले भी ये हरामी अपने इस कुकर्म को करने में सफल रहे और आज भी। केवल हिन्दुओ की ऊपर हुए अत्याचार पर तुम्हे सांप क्यों सूंघ जाता है",0,1,0.4486,0.8303,0.6395,True,False Positive (Hallucination),0.6395
अखबार के मुताबिक ने के कर्मचारियों के लिए बने ग्रुप पर अपनी पोस्ट में लिखा था हमने उनके सोशल मीडिया कैंपेन के लिए अलख जगाई और बाकी अब सब इतिहास के पन्नों में दर्ज है साल की जमीनी मेहनत से भारत से सरकार पोषित समाजवाद खत्म,1,0,0.0079,0.7135,0.3607,True,False Negative (Missed Hate),0.6393
os maa se contect kro jis ki beti ka rape jis ka beta qatel jis ki jawan beti aghwa or jin k ha khany ka rashen nhi he jo baap be rozgari ki waja se bachy bechny road pe khara hota he os maa se pocho jo logo k gher ja ja k kaam krti he naam sharif rakhny se koch nhi hota he.,1,0,0.3213,0.4006,0.361,False,False Negative (Missed Hate),0.639
"जब से ने चीन के राजदूत से मुलाक़ात की है तभी से चीन में उइगर मुस्लिमों पर अत्याचार बढ़ा है... मूस्लिमो की अपनी पार्टी होकर भी ने इस अत्याचार के खिलाफ कोई आवाज नही उठायी है, इस दुष्टता का बदला मुस्लिम भाइयों को 2019 में कांग्रेस से लेना ही चाहिए",0,1,0.3225,0.9554,0.6389,True,False Positive (Hallucination),0.6389
दलिय भागमा छानीयका कर्मचारी प्राय दुतबासमा पाईन्छन ती झन हरामी हुने रैछन यस्को मतलब यो हैनकी प्रतिस्पर्धाबाट नियुक्ति भयका कर्मचारी सबै राम्रा छन भ्रष्टचार प्रमाणित भयरपनी कार्बाही नहूनू पार्टीले संरक्षण गर्नु नै यस्ता भ्रष्टचारीको मनोबल बढ़नू होला,0,1,0.324,0.9535,0.6387,True,False Positive (Hallucination),0.6387
oh missed that in part said of it no no no reason to necessarily get physical,1,0,0.0504,0.6729,0.3616,True,False Negative (Missed Hate),0.63839996
technically all the niggas that touched her raped her a when she sees she trending on this bitch she call in the cops laughing my ass off,0,1,0.3024,0.9739,0.6382,True,False Positive (Hallucination),0.6382
retweet photographer lynda dario on war reporting while female on right now everything ab,0,1,0.9851,0.2895,0.6373,True,False Positive (Hallucination),0.6373
भरतीय जनता पार्टी जोभी फैसले करती है चुनाव को मद्दे नजर रखकर लेती है कल तक राम रहीम पापी था बलात्कारी था शोषक था हरियाणा राज्य में चुनाव आते ही किसान कैसे होगया यह सब डेरा प्रमुख से वोट वटोरने की डीलिंग है बीजेपी जीतने के लिए कितना गिर सकती है कोई पैमाना नहीं है ?,0,1,0.3218,0.9525,0.6372,True,False Positive (Hallucination),0.6372
iq of lmao so pleased whatever are housing these racist animals in the country should view it like a wild animal attack and put the racist down,0,1,0.2946,0.9792,0.6369,True,False Positive (Hallucination),0.6369
ab tu bata ke na mard pakistanio ko janwar aur aur chote bacche itne kuu pasand hai. pakistan mein hi nahi balki uk and saudi mein bhi animal rape kiya hahaha,0,1,0.977,0.2963,0.6367,True,False Positive (Hallucination),0.6367
arye waha kuttey k sath shadi karne wale aisi batein karte hain or medical ki student k sath 13 logon ne rape kiya tumery india main woh,0,1,0.9812,0.2919,0.6365,True,False Positive (Hallucination),0.6365
"किसान,मजदूर कभी गुलामी नही करते कुत्ते, गुलामी तो तेरे चमचे करते,जो नही करते उन्हें तू बाहर निकाल देता,कमीने,गद्दार गुस्सा बहुत है,तेरी कमीनी हरकतों पर मुझे दल्ले, हर हर महादेव",0,1,0.3249,0.9453,0.6351,True,False Positive (Hallucination),0.6351
riasati loug he hy nah jo phir aam worker k rape k baad qatal hone pr mulzimon ki pusht pnahi krte??,0,1,0.9859,0.2829,0.6344,True,False Positive (Hallucination),0.6344
देश बेचने नहीं देंगे हमारे युवा छात्र बस उनको सही जानकारी एक बार हो जाए बीजेपी की कल्याण हो जाएगी रेलवे की निजी करण के खिलाफ छात्र का आक्रोश link देश के युवा छात्र को पता चलने लगी है यह देश बेचने नहीं दूंगा सारी देश बेच दी धीरे धीरे कर युवा छात्र जाग गए,1,0,0.7186,0.0126,0.3656,True,False Negative (Missed Hate),0.6344
ममता सरकार जिस जिस स्कूल मुस्लिम डोमिनटेड हैं वो सारे स्कूल में सिर्फ मुस्लिम के लिए अलग डाइनिंग हल की प्रस्ताब पेश किया हैं। क्या हिन्दू के साथ ये भेद-भाव नही हैं? अभी आपलोग ही सोचिये ममता बनर्जी की सेक्युलर रंग किस तरफ हैं।,0,1,0.321,0.9476,0.6343,True,False Positive (Hallucination),0.6343
bt acche se hour karo to dekhoge shilpa bura insan nehi....bohot hi acchi he...hate ko dur krke zara mn ke ankho se dekhoge to pehechan paoge..by the way ap vi acchi ho...god bless you dost..,0,1,0.321,0.947,0.634,True,False Positive (Hallucination),0.634
सर्फ एक्सेल के उपयोग से हाथों पर संक्रमित फोड़े 'होम केयर' के तहत अपने ब्रांडों को सूचीबद्ध करने वाले एचयूएल का वेबपेज अतिकउल्लाह मलिक नाम का व्यक्ति सर्फ एक्सेल का मालिक है । गंदे नाले का पाऊडर आपके कपड़ो को गंदा कर देगा,0,1,0.9816,0.2844,0.633,True,False Positive (Hallucination),0.633
अनुच्छेद मनोवैज्ञानिक रूप से अलग है हम संविधान के अस्थायी अनुच्छेद को हटायेंगे। यह मनोवैज्ञानिक रूप से जम्मूकश्मीर को देश के बाकी हिस्सों से अलग करती है। भाजपा चुनावी घोषणा पत्र,1,0,0.0177,0.7175,0.3676,True,False Negative (Missed Hate),0.63240004
संघी ब्रांडगाँधी जी के पुतले पर गोली चलाने वाली हिन्दू महासभा वाली का फूहड़ नाच गाँधी जी के पुतले पर गोली चलाने वाली हिन्दू महासभा वाली का फूहड़ नाच,0,1,0.323,0.9378,0.6304,True,False Positive (Hallucination),0.6304
jitni nafrat tumhare dilo me hamare liye he us se kahi jyada pyar hamare dilo me tumhare liye he...hahahaha...mind blowing acting krk,1,0,0.7179,0.0216,0.3698,True,False Negative (Missed Hate),0.6302
"too apna khandan suar se chudwa kar aya hai , tere randistan main tw rape bhi bohat hote hain , lol rapist randians",0,1,0.5942,0.6658,0.63,False,False Positive (Hallucination),0.63
"आज देश का मीडिया अतीक अहमद के पीछे पड़ा हुआ है, एक विचाराधीन कैदी को माफिया और बाहुबली कहकर ये साबित करने की कोशिश की जा रही है कि अतीक अहमद से बुरा पूरे भारत मे कोई है ही नही। जबकि देश के बड़े बड़े पदों पर सत्ता दल के कई अपराधी बैठे हैं और यही मीडिया दिन रात उनका गुणगान करती है।",0,1,0.3238,0.9352,0.6295,True,False Positive (Hallucination),0.6295
"कश्मीर, कैराना, मेरठ हिन्दुओ ऐसे ही पलायन करते रहो , तुम्हारी जात ही शुतुरमुर्गो कि है , क्योंकि मिट्टी खाने की आदत जो लग गई है तुम्हे ।",1,0,0.0179,0.7239,0.3709,True,False Negative (Missed Hate),0.62909997
nhi krna chahiye allah dallah he,1,0,0.7127,0.0299,0.3713,True,False Negative (Missed Hate),0.6287
आप यह कहकर सही नहीं कर रहे हैं कि आप एक दलित का बलात्कार करेंगे।,1,0,0.0259,0.7198,0.3729,True,False Negative (Missed Hate),0.6271
teri too jaa be chaatoo vs jhaaato,1,0,0.7449,0.001,0.373,True,False Negative (Missed Hate),0.627
मेरे पिताजी के ऑफिस में काफी अँगरेज़ हैं,1,0,0.0877,0.6597,0.3737,True,False Negative (Missed Hate),0.6263
donald and the delusion discount resist resist trump fuck trump,0,1,0.9933,0.2588,0.6261,True,False Positive (Hallucination),0.6261
"madar jaat, ye kand tere desh mein hote hai. beheno se shadi karke rape aur fir talak. ja be bhosdike , google kar. kya pata tere baap ne bhi apni behen se shadi ki ho aur tere jaisa na jayaz aa gaya",0,1,0.3268,0.9249,0.6258,True,False Positive (Hallucination),0.6258
क्या शर्म की बात है तू तो सबसे बड़ी बेशर्म है कुतिया दलाली शुरू की है तूने टिकट के लिए।।।।।।। देखते है कि तू कब तक दलाली करती है।।। घिनोना है तेरा कैरेक्टर,1,0,0.7416,0.011,0.3763,True,False Negative (Missed Hate),0.6237
"मोदी जी युवाओं की बात करिए रोजगार की बात करिए, खिलौनों की बात करने से युवाओं को रोजगार नहीं मिलते, पहले आप चिल्लाते रहते थे विकास करूंगा विकास करूंगा कहां गायब आपका विकास??",1,0,0.6754,0.0778,0.3766,True,False Negative (Missed Hate),0.6234
मेरे दिमाग में बांग्लादेशियों का जीवन कुछ भी नहीं है,0,1,0.9203,0.3258,0.623,True,False Positive (Hallucination),0.623
इस दंगाइयों को पहले अरेस्ट करके खूब कुटाई करनी चाहिए जैसे सिनेमा में दिखाते हैं 3rd डिग्री टॉर्चर फिर इनसे पूछताछ करनी चाहिए। और दो चार को शूट करो ये हरामी लोग अपने आप चिल्लाना बन्द कर देंगें।,0,1,0.322,0.9225,0.6222,True,False Positive (Hallucination),0.6222
the doctors of ju and voodoo seem to have left their mud huts and moved into office buildings built by white people in cities built by white people,1,0,0.7434,0.0139,0.3787,True,False Negative (Missed Hate),0.6213
आत्मीक रूप से जालीदार टोपी वाले कटवे उनका धर्म भी है जात भी है पंथ है सम्प्रदाय है उनका नाम भी है रंग भी है रूप भी है बस अपनी आँखों को खोल और पहचान दिख जाएंगे ये हरामी पना बंद करो अच्छे बनने ढोंग बंद करो ।,0,1,0.9879,0.2519,0.6199,True,False Positive (Hallucination),0.6199
एक बांग्लादेशी का जीवन किसी लायक नहीं है,0,1,0.8549,0.3841,0.6195,True,False Positive (Hallucination),0.6195
इन जिहादियों ने ब्रेड के पैकेट खोले और उन पर थूक दिया। वे कोरोना फैलाने में कोई कसर नहीं छोड़ रहे हैं। आप कब तक सुरक्षित रहेंगे,0,1,0.3008,0.9372,0.619,True,False Positive (Hallucination),0.619
gravity gayi maa chudane,1,0,0.6631,0.1005,0.3818,True,False Negative (Missed Hate),0.6182
anything you want is penis of money,1,0,0.7512,0.0141,0.3826,True,False Negative (Missed Hate),0.6174
अगस्त की रात पैंगोंग झील के पास जो हुआ देखिए उसकी पूरी इनसाइड स्टोरी,0,1,0.4766,0.7576,0.6171,True,False Positive (Hallucination),0.6171
hijade. dogle.,0,1,0.246,0.9881,0.617,True,False Positive (Hallucination),0.617
यह महिला उद्योगपति गौतम अडानी की पत्नी है झुकी हुई गर्दन शायद रामु काका की है खुद झुक जाते हैं और भक्तो को कहते हैं मैं देश झुकने नहीं दूंगा मैं देश बिकने नहीं दूंगा,0,1,0.3221,0.9113,0.6167,True,False Positive (Hallucination),0.6167
जहां तक मेरी राय है अंग्रेज़ों को जाके अपनी माँ छुड़वाने चाहिए,0,1,0.9586,0.2737,0.6162,True,False Positive (Hallucination),0.6162
we should raise concern for this... it's a fucking serious matter,1,0,0.0056,0.7634,0.3845,True,False Negative (Missed Hate),0.6155
nabalik bachiyo ka rape karne wale ki khabar nahi dikhayi to itna bura kyu lag raha hai.tumhari betiya ghar me safe hai.. hamare mahan saint,0,1,0.6734,0.5573,0.6154,False,False Positive (Hallucination),0.6154
कमलनाथ के निजी सचिव के 9 करोड़ की चोरी से कांग्रेस का कोई लेना देना नहीं है ऐसी छोटी मोटी चोरी करना कांग्रेस की आदत नहीं है वो इतने दिन से पूछ रहे थे कि 'काला धन कहाँ है?' कमलनाथ के यहाँ छापा मारकर निकाल दिया तो बुरा मान गए,0,1,0.3028,0.9272,0.615,True,False Positive (Hallucination),0.615
rt : बड़े दुःख के साथ सूचित करना पड़ रहा है भक्त प्रजाति गधे के सिर पर सिंग की तरह विलुप्त हो रही है अब मनोरंजन कैसे होगा??,1,0,0.0143,0.7578,0.3861,True,False Negative (Missed Hate),0.6139
din ba din rape barh hain tumhari india mein sirf toilets na hone ki waja se..agar paise nahin hain tou human batao hum chanda ikatha ker k bhaij dete hain.. suna hai tumhare mulk mein ghurbat bohat hai.bhooki nangi qoum.inka gandhi nanga raha kapre naseeb hai hoye bhenchod ko,0,1,0.3229,0.9029,0.6129,True,False Positive (Hallucination),0.6129
मेरे देश के हिन्दु बहुत निराले है। कुछ तो पक्के राम भक्त है और कुछ बाबर के साले है जय श्री राम,1,0,0.0235,0.751,0.3872,True,False Negative (Missed Hate),0.6128
mountain dew dar ki ma ka bhosda....,0,1,0.2545,0.9707,0.6126,True,False Positive (Hallucination),0.6126
ek rape ke kisse se bahu betiya guj mein surakshit nahin aur din ke paanch rape ke bavajoot delhi toh surakasha neeti ki misaal,0,1,0.3233,0.9012,0.6122,True,False Positive (Hallucination),0.6122
backward of the battle bus jigaboo,1,0,0.7758,0.0013,0.3885,True,False Negative (Missed Hate),0.6115
aise hi meeting attend karte raho train mein rape hota rahe ga tum napunsak ki tarah baith kar dekhte raho,1,0,0.7331,0.0461,0.3896,True,False Negative (Missed Hate),0.61039996
"बेशर्मी तो तुम दिखाते हो हरामखोर,डरा हुआ मुसलमान ही सौ साल पुरानी मंदिर में तोड़फोड़ किया और हरामी फर्जीवाल टीम खामोश है उससे सवाल क्यों नहीं पूछते हो।।",1,0,0.0388,0.7446,0.3917,True,False Negative (Missed Hate),0.6083
ये हिजड़े हैं इनको कूड़े के साथ फ़ेंक देना चाहिए,1,0,0.7763,0.0073,0.3918,True,False Negative (Missed Hate),0.6082
"apni maa ka rape ka shayad hi koi itna jashn manata ho, dharm ke saath khoon bhi badal gaya tha lagta hai. gandi naali ke keede! …",0,1,0.3216,0.8941,0.6079,True,False Positive (Hallucination),0.6079
मिथिलांचल की सभ्यता और संस्कृति दर्शाने के साथसाथ रोजगार का भी जरिया बन रही मिथिला पेंटिंग,0,1,0.9768,0.2385,0.6077,True,False Positive (Hallucination),0.6077
aatanki ko surrender ko moka dete he?.....saal bhar ye moka_moka khel ra tha kya?...kher anandpal ne jitno ka murder kiya unko to insaf mila,1,0,0.3213,0.4639,0.3926,False,False Negative (Missed Hate),0.6074
am just the only one who agrees with them over talking a snake vagina karma karma bitch kid with a bitch face blowing a kiss,1,0,0.705,0.0801,0.3926,True,False Negative (Missed Hate),0.6074
freedom of speech hate speech ho jaati hai jab gen bakshi bengal jaate hai aur ramdev jnu.,1,0,0.016,0.7704,0.3932,True,False Negative (Missed Hate),0.60679996
मोदी सूअर का पीला भी तो चुप है इलेक्शन से पहले महापंडित बनता था एक मुल्ला मरा तो उस बात को मोदी जिहादी मुल्ला संसद तक ले गाया और यहां मंदिर टूट गाया पर मोदी आतंकवादी चुप है भगत बनो पर अण्ढ्भग्त नही,0,1,0.9849,0.2285,0.6067,True,False Positive (Hallucination),0.6067
इस देश में बहुत सारे बंगाल हैं,1,0,0.0113,0.7771,0.3942,True,False Negative (Missed Hate),0.60580003
साले मुल्ले मरने के बाद बॉडी नहीं जलाते पर पूरा देश जला रहे । जहां के खाते वहां के भी अपने नहीं होते गद्दार।,0,1,0.9901,0.2206,0.6053,True,False Positive (Hallucination),0.6053
"haha bhai jaane de sirf hand shake karna inke liye creepy hai par ration card ke naam par molestation karna aur nirbhaya ke rapist ko reward dena sanskar hai inn jihadiyo ke muh na lago rape,halala yahi inka culture hai karne do jitni marzi utni spamming",0,1,0.3236,0.8869,0.6052,True,False Positive (Hallucination),0.6052
tu apni maa aur behan ki gand sambhal... suna hai rape boht sasta hai india me...kahin koi teri maa aur behen ke gand ka rape na kare koi,0,1,0.3226,0.8859,0.6043,True,False Positive (Hallucination),0.6043
abey fake arab apni behen ka rape karke thak gaya. tum arab nahi ban sakte. tera dna hindu tha aur hindu rahega. blood test karwa,1,0,0.6139,0.178,0.396,True,False Negative (Missed Hate),0.604
"हैदराबाद बीजेपी विधायक राजा सिंह की बहन माया देवी ने इस्लाम स्वीकार कर लिया । उन्होंने कहा कि भारत एक लोकतांत्रिक देश है, जहां धर्म चुनना हमारा व्यक्तिगत अधिकार है, कोई भी मजबूर नहीं कर सकता है ।",0,1,0.2942,0.9135,0.6038,True,False Positive (Hallucination),0.6038
kash ek film k lie na ladkar....is desh ki betio k lada ho to syd rape band ho jae....or humari sister b bina dar k ghum sake...,0,1,0.3223,0.8847,0.6035,True,False Positive (Hallucination),0.6035
"hindutva ko to inka baap bhi nahi rok sakta, aur terrorism ko to ye useful idiots khud badhava dete hain.",0,1,0.9925,0.2141,0.6033,True,False Positive (Hallucination),0.6033
मुसलमान बिना किसी अपवाद के बुद्धिहीन होते हैं,0,1,0.2357,0.9691,0.6024,True,False Positive (Hallucination),0.6024
agar hindustan me rape ki saza jo islam me he(saza e maurice) to muluk me rape nahi ho sakta he,1,0,0.3238,0.4729,0.3984,False,False Negative (Missed Hate),0.6016
bhai teko kisne bola tha udta tirr pichwade me lene ke liye,1,0,0.0041,0.796,0.4001,True,False Negative (Missed Hate),0.5999
pakistan ki pol khul gye .ab bhi pakistan ki pass kuch kahene liye rahe gya h kya .sarrm karo india nassa me space me pahuch gya our tum abhi terrorism me he atke ho .samemonyo,1,0,0.0305,0.7725,0.4015,True,False Negative (Missed Hate),0.5985
ratheee....fuck,0,1,0.9911,0.2043,0.5977,True,False Positive (Hallucination),0.5977
choooslim,0,1,0.9543,0.2404,0.5974,True,False Positive (Hallucination),0.5974
केंद्रीय सड़क परिवहन और राजमार्ग मंत्री मंगलवार को में राजमार्ग परियोजनाओं शिलान्यास व उद्घाटन करेंगे करोड़ की लागत से किमी सड़कों का होगा निर्माण,0,1,0.9889,0.2055,0.5972,True,False Positive (Hallucination),0.5972
मुझे अंगूर से नफरत है,1,0,0.0126,0.7944,0.4035,True,False Negative (Missed Hate),0.59650004
अमरीका के वित्‍त मंत्री स्‍टीवन मनुचिन ने कहा कि #कोरोना_वायरस महामारी से बुरी तरह प्रभावित होने के बाद ट्रंप प्रशासन ने अमरीकी अर्थव्‍यवस्‍था में तीन ट्रि‍लियन अमरीकी डॉलर का निवेश किया है।,0,1,0.2528,0.9402,0.5965,True,False Positive (Hallucination),0.5965
मुसलमान अल्लाह के सिवाय किसी से नहीं डरते. फिर कश्मीरी मुस्लिम मुह पर कपड़े बांधकर हिजडो की तरह क्यों सामने आते हैं?,1,0,0.1568,0.6513,0.404,True,False Negative (Missed Hate),0.59599996
"nahi bilkul.bhi nahi,hate every drop of rain",1,0,0.012,0.7959,0.404,True,False Negative (Missed Hate),0.59599996
मई पॉलिटिकन की निंदा करता हूँ,0,1,0.9588,0.2329,0.5959,True,False Positive (Hallucination),0.5959
अरुणाचल प्रदेश के कांग्रेस विधायक निनोंग एरिंग ने ट्वीट किया है कि चीन की पीपुल्स लिबरेशन आर्मी ने अरुणाचल के अपर सुबनसिरी जिले से पांच लोगों का कथित तौर पर अपहरण कर लिया है कुछ महीने पहले भी ऐसी ही घटना हुई थी,1,0,0.0285,0.7823,0.4054,True,False Negative (Missed Hate),0.59459996
पूर्व राष्ट्रपति प्रणब मुखर्जी का निधन,0,1,0.9912,0.1972,0.5942,True,False Positive (Hallucination),0.5942
"kruti yeh log nahi samjenge...u don't even know yeh log shilpa ke liye kaun c language use karte hain...yeh puneesh aur shilpa ko le ke comments karte hain...they hate shilpa sooo much, they can stoop so low to degrade shilpa",0,1,0.1994,0.9871,0.5933,True,False Positive (Hallucination),0.5933
स्पष्ट रूप से अर्थव्यवस्था को आगे फिसलने से रोकने के लिए सरकार ने कोल्हापुरी चप्पल बेचने की योजना बनाई है।,0,1,0.2615,0.9244,0.5929,True,False Positive (Hallucination),0.5929
incest gay porn family incest incest rape sex dad daughter sexual fucking mom son sexual sex child incest cartoons real brother or sister sex,1,0,0.1148,0.7001,0.4075,True,False Negative (Missed Hate),0.5925
dar ki ma ki 2chut,0,1,0.2079,0.9765,0.5922,True,False Positive (Hallucination),0.5922
tu madras chaap jahil ki baat krega khud ki ammi khala behen ka rape karta hai halala karta allah chillane wala aatanki hota hain aur tu hain woh aatanki samjha bete,1,0,0.3235,0.4926,0.4081,False,False Negative (Missed Hate),0.5919
how are those strict gun control laws working out for you dems,0,1,0.1928,0.9894,0.5911,True,False Positive (Hallucination),0.5911
retweet pakistan is a nation of haters killers and savages see this tweet barbarism is in the masses minds,1,0,0.7586,0.0602,0.4094,True,False Negative (Missed Hate),0.5906
morad saeed rape kewane k bad khosh gawar moud me,0,1,0.3772,0.8027,0.5899,True,False Positive (Hallucination),0.5899
जिले के पुलिसकर्मियों का सराहनीय कार्य अजय सिंह के परिवार को पुलिसकर्मियों ने अपना एक दिन का वेतन देकर मदद की लाख हजार रुपए की सहायता विभाग ने अजय सिंह की पत्नी को सौंपा स्वाट टीम प्रभारी की कोरोना से हुई थी मौत,1,0,0.0179,0.8027,0.4103,True,False Negative (Missed Hate),0.5897
भीड़ हमेशा उस रास्ते पर चलती है जो रास्ता आसान लगता है लेकिन इसका मतलब यह नहीं की भीड़ हमेशा सही रास्ते पर चलती है अपने रास्ते खुद चुनिए क्योंकि आपको आपसे बेहतर और कोई नहीं जानता,0,1,0.9799,0.1975,0.5887,True,False Positive (Hallucination),0.5887
"na minorities pe drama banta hai, na hate aur bigotry pe drama ban raha hai, na politics pe drama ban raha hai aur na kisi aur cheez pe+",0,1,0.325,0.8522,0.5886,True,False Positive (Hallucination),0.5886
"he is right akhilesh u.p may gundo ka palka kutha hai jo koi karwai nai kartha gundo par.u. p no1 state in muders,rape,",1,0,0.0253,0.799,0.4121,True,False Negative (Missed Hate),0.58790004
inke pass dimak hota to chuslimmm giri thodi krte ... cancer,1,0,0.8238,0.0009,0.4123,True,False Negative (Missed Hate),0.5877
i have added it to the article so now maze no longer looks like some kind of paranoid delusional maniac but someone who simply trusted the wrong people,0,1,0.9881,0.1871,0.5876,True,False Positive (Hallucination),0.5876
जोस बटलर ऑस्ट्रेलिया के खिलाफ तीसरा और अंतिम टी मैच नहीं खेलेंगे जानिए क्या है वजह,0,1,0.9508,0.2233,0.5871,True,False Positive (Hallucination),0.5871
"टीवी पर पत्रकार धार्मिक बहस दिखायेंगे फिर सड़क पर भीड़ मासूम पर हमला करेगी मतलब टीवी आतंकवाद की factory है,,,",0,1,0.983,0.1905,0.5868,True,False Positive (Hallucination),0.5868
जब कोई जमीन कब्जा हुई ही नहीं भारत की जब चाइना भारत में घुसा ही नहीं तो किस बात की तनाव गोली चल रही है कभी रक्षा मंत्री रूस भाग रहे तो कभी विदेश मंत्री जयशंकर कौन सी ऐसी बात है जो भारत की नागरिक से छुपाई जा रही है भक्त कहीं देश के साथ गद्दारी तो ना कर दीया,0,1,0.9866,0.1861,0.5863,True,False Positive (Hallucination),0.5863
jhuth aur dhokha badh raha. jeben bharni badh rahi viglante badh rahe . rape ghtnayen badh rahi chamcha giri badh rahi . kahte jao mahngai badh rahi,1,0,0.3219,0.5056,0.4137,True,False Negative (Missed Hate),0.5863
मई तुम जैसे पॉलिटिकन को बेहत नफरत करता हु,0,1,0.2307,0.9414,0.5861,True,False Positive (Hallucination),0.5861
दिल्ली में भीड़ की हिंसा में एक संदिग्ध चोर की जान जाना उतनी ही गंभीर बात है जितनी झारखंड में थी,1,0,0.7403,0.09,0.4151,True,False Negative (Missed Hate),0.5849
अगर मुझे आप दलितों मुझे बीमार करती हैं जैसी कोई कमेंट दिखाई देती है तो मैं इसकी रिपोर्ट करूंगा।,1,0,0.0175,0.8131,0.4153,True,False Negative (Missed Hate),0.5847
दुर्गेश यादव हत्याकांड आरोपी पलक ठाकुर का का सत्ता कनेक्शन आया सामने जानें कौन है मुंहबोला भाई,0,1,0.9848,0.1845,0.5846,True,False Positive (Hallucination),0.5846
हम दिल्ली विधानसभा चुनाव हार रहे हैं क्योंकि हमारी दिल्ली लीडरशिप जैसे प्रवीश वर्मा हर्षवर्धन और रमेश बिधुरी पार्टी के ख़िलाफ काम कर रहे हैं। इनकी दुशमनी मुझसे है।,1,0,0.016,0.815,0.4155,True,False Negative (Missed Hate),0.5845
vo pta chalra h modiji ko jis vajah se hate kr re ho tum,1,0,0.0081,0.8237,0.4159,True,False Negative (Missed Hate),0.5841
pehli tumhare army tumhe protect karle from terrorism wohi enough hoga... kashmir to door k baat hai,1,0,0.2032,0.6316,0.4174,True,False Negative (Missed Hate),0.5826
mountain dew ki maa ki ch*t>>>>>>>,0,1,0.6747,0.4899,0.5823,True,False Positive (Hallucination),0.5823
mountain dew dar ki maa ki choo,0,1,0.1907,0.9736,0.5822,True,False Positive (Hallucination),0.5822
कुशल संगठनकर्ता योग्य प्रशासक गुणी विधिवेत्ता ओजस्वी वक्ता तथा सरल सहज व सौम्य व्यक्तित्व के धनी पूर्व केंद्रीय मंत्री श्री अरुण जेटली जी को उनकी पुण्यतिथि पर सादर नमन। समाजराष्ट्र की सेवा में अर्पित आपका जीवनव्यक्तित्व अनुकरणीय है। आप हमारी स्मृतियों में अमर हैं।,1,0,0.0082,0.8294,0.4188,True,False Negative (Missed Hate),0.5812
#gujaratkegandhe aur unko chamcho ne gujarat ke 35 mahilao ka rape karke mms bana liye. unko gujrati pelenge is saal.,1,0,0.0475,0.7902,0.4188,True,False Negative (Missed Hate),0.5812
गुजरात के 45 साल के भाजपा नेता ने 27 साल की कार्यकर्ता से रचाई तीसरी शादी मोदी जी हलाला और तीन तलाक़ से पहले अपने ऐसे नताओ को भी संभालिए,0,1,0.9884,0.1736,0.581,True,False Positive (Hallucination),0.581
"sahi hi toh boli hain, rape ke bina koi aaj netri-abhinetri thodahin banati hain koi...eis mamale me pahale ki sarkare toh nikkami thi hi, aaj ki sarkaren bhi nitthli hi hain...kya hoga eis desh ka..kaun rokega eis jaghnya aparadh ko ?",0,1,0.3213,0.8406,0.5809,True,False Positive (Hallucination),0.5809
makkhi,1,0,0.8363,0.003,0.4196,True,False Negative (Missed Hate),0.5804
such a sick mentality of this woman shame on her ...disgusting!!!,0,1,0.1954,0.9642,0.5798,True,False Positive (Hallucination),0.5798
koi aisi cheez jo haryana mei acha hua ho .. crime rape baba har kuch hota hi rehta hai or khattar sahab masoom bane rehte hai jis state ka police officer rape ko #ho jata hai bolta hai vo state mei ladkiya kaise aayngi !,1,0,0.3219,0.5192,0.4205,True,False Negative (Missed Hate),0.57949996
aap logo ki waja se dharam ke naam per loag ladte hain ....hate distibutters,0,1,0.1733,0.9853,0.5793,True,False Positive (Hallucination),0.5793
kitna jalaaaa salaaa,0,1,0.1658,0.9924,0.5791,True,False Positive (Hallucination),0.5791
रेस्टोरेंट मालिक पुत्र से मारपीट मामला सीसीटीवी ने कैद हुई थी मारपीट दिन बाद भी नही हुई गिरफ्तारी बीजेपी नेता का भाई है आरोपी स्थानीय पुलिस नहीं कर रही कार्रवाई फतेहगढ कोतवाली क्षेत्र का मामला,0,1,0.2027,0.9547,0.5787,True,False Positive (Hallucination),0.5787
eise hi 15 lach b pucho,0,1,0.1751,0.9812,0.5781,True,False Positive (Hallucination),0.5781
मैं समझता हूँ की पाकिस्तानी भी इंसान हैं पर मैं इनको हमसे छोटे इंसान में गिनता हूँ,1,0,0.024,0.8201,0.422,True,False Negative (Missed Hate),0.578
rape kiske raaj me ni hua bjp ke satta me aane ke baad india ki khabar lena bhul gayi kya kitne rape huye aur litno ko saja mili chamchi,1,0,0.3222,0.5218,0.422,True,False Negative (Missed Hate),0.578
"26 january ko haryana ki jhanki me ""rape aise hota hai"" darshaya jayega. scene kuch iss tarh hoga: kuch gunde ek nabalik ka rape kar rahe honge aur lg, prsident, pm, vice-president, cji, ls speaker mook darshak bhism piatamah ki tarah baithe honge.",1,0,0.0283,0.817,0.4227,True,False Negative (Missed Hate),0.5773
सभी समलैंगिक लोगो को मार देना चाहिए,0,1,0.2054,0.9473,0.5763,True,False Positive (Hallucination),0.5763
जो दिल्ली में कटुओ ने किया वही अगर किसी हिन्दू ने किया होता देश के सारे भड़वे पार्टी के सुअर किश्म के नेता रण्डी रोना शुरू कर देते।,0,1,0.9866,0.1656,0.5761,True,False Positive (Hallucination),0.5761
"nd one more thing agar koi hindu apne haqq ki ya apne against kuchh ho tabhi pseudo intellectual ko ""rape, inntolarance,murder,kyun yaad aata hai? and inko rape hui ladki ke sath itna lagav hai toh sirf nirbhayakand ke time kyun road par the? 1/2",1,0,0.028,0.8197,0.4239,True,False Negative (Missed Hate),0.5761
koi aur hota to teri man chodta,0,1,0.183,0.9676,0.5753,True,False Positive (Hallucination),0.5753
लड़कियों पर अत्याचार से रूह काँप गयी बेबस लाचार अकेली और निहत्थी लड़की पर झुंड बनाकर समाज में झूठी शान व सेखी बघारने वाले लाठी डंडे से पीट रहे हैं भाजपा सरकार में बेटी बचाओ अभियान पूरे चर्म पर,0,1,0.1902,0.9602,0.5752,True,False Positive (Hallucination),0.5752
delhi nirbhaya rape aur hatyakand me ladke kaunsa mp ya vidhayak ke bête they?,1,0,0.0509,0.7987,0.4248,True,False Negative (Missed Hate),0.57519996
"अगर कोई हिन्दू लड़की को छूए तो वो हाथ नहीं बचने चाहिए, ऐसा बयान है केंद्रीय मंत्री अंनत कुमार हेगड़े का, अब देखना है कि अपने जीजा शाहनवाज और मुख्तार के हाथ कब काट रहे हैं?",1,0,0.0132,0.8378,0.4255,True,False Negative (Missed Hate),0.57449996
rt : भारतीय जनता पार्टी जिस तरह से किसानो और युवाओं को परेशान कर रही है उस तरह से लगता है कि पार्टी आगे कभी भी अपनी सरकार नहीं ब…,1,0,0.0187,0.8325,0.4256,True,False Negative (Missed Hate),0.5744
देश में युवाओं के लिए सबसे बड़ी चिंता रोजगार है और सरकार इधर उधर की बात करके लोगो का ध्यान भटकाना चाहती है।,1,0,0.0849,0.7671,0.426,True,False Negative (Missed Hate),0.574
जन्माष्टमी मे मोर पंख इतना ज्यादा महत्वपूर्ण है कि इतने जीवों की हत्या भी ज़ायज है!! आखिर बकरीद -ईद की बलि का ही हंगामा क्यों मचे!!मुल्ले ही हर जगह चर्चा क्यों पाएं?? कुछ चर्चा का हक़ इन्हे भी देदो !,0,1,0.9813,0.1652,0.5733,True,False Positive (Hallucination),0.5733
how low can you fall in your hate for bjp you are even willing to condone the murder of hindus in bengal have some shame shameless is a murderer idler mamatakaterror,0,1,0.1534,0.9921,0.5727,True,False Positive (Hallucination),0.5727
एक्ट्रेस पूजा बत्रा ने ब्वॉयफ्रेंड नवाब शाह से चुपचाप रचाई शादी इंस्टाग्राम की तस्वीरों से हुआ खुलासा देखें,0,1,0.9704,0.1744,0.5724,True,False Positive (Hallucination),0.5724
chodho,1,0,0.357,0.4982,0.4276,False,False Negative (Missed Hate),0.5724
i hate when white trash try to act like they are my equal it only makes it that much clearer how white trash they are,1,0,0.0359,0.8211,0.4285,True,False Negative (Missed Hate),0.5715
chll madharcod,0,1,0.9898,0.1531,0.5715,True,False Positive (Hallucination),0.5715
"film rls na karwaa ke history chng ho jayegi, jo hua tha usko dikhane mein kya galat? sarhad par jawan marta hai, usko bhi dikhaya jata hai, film mein, rape dikhate hein, real life mein 5 saal, 7 saal ki ladkiyon se rape hota hai, kya ye reality nahin hai, roko een sab ko pehle",1,0,0.025,0.8322,0.4286,True,False Negative (Missed Hate),0.5714
बांग्लादेशी कभी नहीं बदलने वाले इसलिए हमें उनसे छुटकारा पाना चाहिए,0,1,0.5506,0.5921,0.5714,False,False Positive (Hallucination),0.5714
जरात मे जातिवादी अत्याचार दिन ब दिन बढ़ता ही जा रहा है bjp के राज मे कल एक सरपंच की बोटाद जिले मे हत्या की और दुसरी घटना राजकोट में दलित युवा की हत्या जाहेर में की गई क्या पता कल दलित अत्याचार के खिलाफ़ बोलने वाले हम जैसे लोगकी।,0,1,0.1909,0.9516,0.5713,True,False Positive (Hallucination),0.5713
nawaz sharif ko btao k punjab police theek krle... taaake chotu gang se muqabla krske... take 300 pornographic videos na bne taaake 11 rape aaik shehar mae aik saal. mae na hooo... take 2200 rape pore punjab mae aik saaal mae na hoo,0,1,0.3219,0.8203,0.5711,True,False Positive (Hallucination),0.5711
gravity gravity mkc,1,0,0.0059,0.8525,0.4292,True,False Negative (Missed Hate),0.5708
hramjadi,1,0,0.8545,0.0043,0.4294,True,False Negative (Missed Hate),0.57060003
aur rape to beta pakistan me jada hota hai smjha na tum log ke pass itna paisa nhi hai ke usko news par dikha sako bc gareeb saale,0,1,0.3216,0.8197,0.5706,True,False Positive (Hallucination),0.5706
terioust hai bacho ko atankvadi bana kar he manega muslim or hindu mai nafrat or inke chamche social media par nafrat faila rahe,0,1,0.9571,0.1812,0.5692,True,False Positive (Hallucination),0.5692
नए मामलों में रिकॉर्ड वृद्धि के बाद मिली बड़ी राहत,1,0,0.0294,0.8325,0.4309,True,False Negative (Missed Hate),0.5691
ye bhooosreee ka plate form per rape k nateejay mai paedaaa honay walaa haraaam zaadaa hai kon?,0,1,0.3241,0.8136,0.5689,True,False Positive (Hallucination),0.5689
gudda,0,1,0.1769,0.9602,0.5685,True,False Positive (Hallucination),0.5685
मेरे मन में आप हिन्दुओं के लिए बिलकुल घृणा नहीं है,0,1,0.1829,0.9524,0.5676,True,False Positive (Hallucination),0.5676
jo 3saal ki bacchiyo ka rape kar diya jata hai vo bhi kya khud gyi thi..shame on u..,1,0,0.289,0.5765,0.4327,True,False Negative (Missed Hate),0.56729996
"नसीरुद्दीन, अमीर खान बोले इंडिया में डर लगता हैं - तो हीरो कंगना बोले मुंबई में डर लगता हैं - तो विलेन जो आज कंगना को कह रहे हैं मुम्बई मत आना उन्होंने कभी नसीरुद्दीन , आमिर खान को बोला अब इंडिया मत आना ???",1,0,0.007,0.8586,0.4328,True,False Negative (Missed Hate),0.5672
यह इन फर्जी ढोंगी पाखंडी ठग गिरोह जो खुद को देश बचाओ अभियान कहता है उनका दो पैसे का भडवा है इसका इलाज हो जाएगा वैसे फर्जी ढोंगी पाखंडी ठग गिरोह हकीकत में देश भटकाओ अभिशाप है,0,1,0.9899,0.1437,0.5668,True,False Positive (Hallucination),0.5668
शॉकिंग इन मूर्खों की इतनी हिम्मत की हिन्दू देवीदेवताओं की तस्वीरें सीएए के ख़िलाफ प्रदर्शन में जलाएं सीएए का हिन्दुओं से क्या लेना देना उनका एजेंडा कुछ और है और के नेता इसे पाल रहे हैं,0,1,0.9802,0.1527,0.5664,True,False Positive (Hallucination),0.5664
पिछले तीन सालों में हमारा पूर्वानुमान लगभग सही रहा बिहार पश्चिम बंगाल और ओडिशा में अनुमान से ज़्यादा वर्षा हुई मौसम विभाग,0,1,0.9862,0.1461,0.5661,True,False Positive (Hallucination),0.5661
i love these hateful kinds of,1,0,0.8235,0.0442,0.4339,True,False Negative (Missed Hate),0.5661
rt : कंगना की मां आशा रनौत ने भाजपा ज्वाइन कर ली. यह सब खेल मां को प्रमोट करने के लिए था ! बाकि किसान लाठिया खा रहे हैं ! ज…,1,0,0.0204,0.8481,0.4343,True,False Negative (Missed Hate),0.5657
भक्त तो chuतिया लोगों की गिनती करेंगे उसमे पहला नम्बर आपका,0,1,0.9823,0.1488,0.5655,True,False Positive (Hallucination),0.5655
takke,1,0,0.8684,0.0009,0.4347,True,False Negative (Missed Hate),0.5653
i love it when you have these childish tantrums lol fuck trump iamachild small penis,0,1,0.1497,0.9807,0.5652,True,False Positive (Hallucination),0.5652
"ye farzi hai, ye 15 lac jumla tha, #achhedin gale ki hadi hai, #gst main congress ka hath hai, #demonitisation awara hai, #gdp down technical error hai,chai pokoda vikas hai, aug main bache marte hai, haryana main rape fake hai.bc phir tum sab $&#&k mar rahe ho.",0,1,0.3228,0.807,0.5649,True,False Positive (Hallucination),0.5649
किसी भी कीड़े का जीवन एक हिजड़े की तुलना में अधिक मूल्यवान है,1,0,0.8368,0.0345,0.4357,True,False Negative (Missed Hate),0.5643
यह स्पष्ट होना चाहिए की पाकिस्तानी इंसान नहीं हैं,0,1,0.1536,0.9744,0.564,True,False Positive (Hallucination),0.564
मैं हर महिला की जिंदगी ख़तम कर दूंगा,1,0,0.0045,0.8678,0.4361,True,False Negative (Missed Hate),0.5639
दाऊद से बात करना जुमलेबाजो का एंड्रूनी मामला है और यही काम अगर कांग्रेस या आप का कोई नेता करता तो जुमलेबाजो और उनके समर्थक समर्थ अब तक देश द्रोही घोसित कर चुके हैं में जुमला मुक्त देश होगा,0,1,0.98,0.1477,0.5638,True,False Positive (Hallucination),0.5638
ब्रह्मण के घर जन्म लेना कोई गुनाह नहीं है लेकिन समझ भी ब्रह्मण वाली हो तो बहुत अच्छा है जातिवाद कभी भी अच्छा नहीं होता है सभी इंसान एक समान है जन्म के बाद ही हमे जाति धर्म के दूकानदार अपनी दुकान का सामान बना कर जाति धर्म में बाट देते हैं हम भी गौड ब्रह्मण लेकिन जातिवादी नही है,0,1,0.2606,0.8667,0.5637,True,False Positive (Hallucination),0.5637
में पिछले घंटों के दौरान के नये मामले आये हैं जबकि रोगियों को उपचार के बाद छुट्टी दे दी गयी। इस दौरान लोगों मौत की पुष्टि हुई।,1,0,0.8544,0.0191,0.4367,True,False Negative (Missed Hate),0.5633
you are not ghetto tho you can live in the hood and not be ghetto facts,0,1,0.1505,0.9754,0.563,True,False Positive (Hallucination),0.563
so that british say indian and dogs are not allowed they deserve that educated poor people,0,1,0.132,0.9937,0.5629,True,False Positive (Hallucination),0.5629
किसान को सड़क पर उतरना चाहिए भारत बंद कर देनी चाहिए सड़क पर उतरे किसान 60 करोड़ की जनसंख्या घर में छुपे रहेंगे डंडे से डर लगेगा तो इनकी रोटी रोजी जमीन सब छीन लेगी गधे की तरह पूरे दिन खेत में काम करते रहेंगे लास्ट में दो रोटी नसीब नहीं होगी कर्ज़ से आत्महत्या करनी पड़ेगी,1,0,0.0178,0.8569,0.4374,True,False Negative (Missed Hate),0.5626
madrasachap university wale,1,0,0.0047,0.8701,0.4374,True,False Negative (Missed Hate),0.5626
कोरोना महामारी लोगों के दिमाग पर प्रभाव डाल रही है इसे कैसे दूर रखें,0,1,0.9797,0.144,0.5618,True,False Positive (Hallucination),0.5618
मैं समझता हूँ की समलैंगिक भी इंसान हैं पर मैं इनको हमसे छोटे इंसान में गिनता हूँ,0,1,0.1651,0.9583,0.5617,True,False Positive (Hallucination),0.5617
भ्रष्टाचार के नाम पर जीतने वाला‌ #केजरूदीन 1 ईट नहीं हिला पाया दूसरी तरफ योगी जी रोज भ्रष्टाचारियों की बिल्डिंगे गिरा रहे हैं #सर्वप्रिय_योगीजी,1,0,0.0395,0.8372,0.4384,True,False Negative (Missed Hate),0.56159997
real muslim acknowledge our religion and culture and converted gets offend on everything,0,1,0.1389,0.9841,0.5615,True,False Positive (Hallucination),0.5615
hatt f#di da,1,0,0.8682,0.0092,0.4387,True,False Negative (Missed Hate),0.56130004
दिल्ली में 100 मुल्ले मंदिर तोड़ते है ओर ये मुल्लो का पिछवाड़ा चाटने वाला केजरीवाल झारखंड के चोर मुल्ले को 5लाख देता है भड़वा,0,1,0.9881,0.1342,0.5612,True,False Positive (Hallucination),0.5612
kat√€ teri m ki ((hut,0,1,0.9799,0.1415,0.5607,True,False Positive (Hallucination),0.5607
क्यो जिस धर्म ने तुम्हे बंम्बू किया उसी को पहले पेलोगे के नही और इंसान खुद के समाज/धर्म-मजहब द्वारा पहले सताया जाता है इश्लिये उसे पहले उसे ही लपेटना चाहिये.....,0,1,0.9851,0.1342,0.5597,True,False Positive (Hallucination),0.5597
चमचो का चुतियप्पा दिये जलाने से कोरोना नही भागेगा अब खुद दिये जला रहे है जैसे की दिये जलाने से धड़ाधड़ रोजगार मिलना शुरु हो जायेगा,0,1,0.1491,0.9696,0.5593,True,False Positive (Hallucination),0.5593
he is so dumb can't even open his eyes confidently while speaking. his mouth visits all the islands when he opens it...why the hell does he even exist ...oops dumb followers,0,1,0.1288,0.9894,0.5591,True,False Positive (Hallucination),0.5591
तुम्हारा जीवन मेरे लिए कोई मायने नहीं रखता तुम सिर्फ एक बांग्लादेशी हो,0,1,0.9664,0.1501,0.5583,True,False Positive (Hallucination),0.5583
ye gamdhi our nehru ne mil kr janta ko angrejo se bhi kada bewkppf banaya hai,0,1,0.1249,0.9912,0.558,True,False Positive (Hallucination),0.558
बिहार में विधानसभा चुनाव के दिन नजदीक आने के साथ ही रांची के रिम्स और केली बंगले में भी हलचल बढ़ने लगी है,0,1,0.9885,0.1273,0.5579,True,False Positive (Hallucination),0.5579
"ye gyan ki baat batane ke liye dhanyabad kiran ji ye baat kisi ko maloom nehi tha, ab apki sarkar hai ti rape hota hi rahega ya rokenge...apki in gyan se rapist ko kafi himmat milega...sabash",1,0,0.3214,0.5632,0.4423,True,False Negative (Missed Hate),0.55770004
being called a towel head because i am a muslim woman makes me incredibly sad,0,1,0.9941,0.1214,0.5577,True,False Positive (Hallucination),0.5577
इस कमीने को रजत जी आपने शो में बुलाना चाहिए ये देश द्रोही ताकत है ।,0,1,0.8443,0.2709,0.5576,True,False Positive (Hallucination),0.5576
हमें किसी भी निचली जात के व्यक्ति का बलात्कार नहीं होने देना चाहिए,0,1,0.1776,0.9375,0.5576,True,False Positive (Hallucination),0.5576
your wife is an half woman can i understand her,1,0,0.1339,0.7518,0.4428,True,False Negative (Missed Hate),0.5572
"aap srk k fan nai ho,oska naam q harab kr rahe ho,woh world ma pyar banta hai or aap nafrat ki baat karty ho....bakwas na kr..",0,1,0.3215,0.7925,0.557,True,False Positive (Hallucination),0.557
tum toh sur ko apna najayez baap manate ho jo roz tumaahri maa kaa rape karta hai taki tum paida ho sako,0,1,0.9842,0.1298,0.557,True,False Positive (Hallucination),0.557
laudiiiiiiiiiiiiiiiii,1,0,0.7942,0.092,0.4431,True,False Negative (Missed Hate),0.5569
jaise muhammad k atankvadi ghire hain. army encounter kar rahi. aab to muhammad nam se darrr lagnelaga hai. islamic terror.,0,1,0.9906,0.1225,0.5566,True,False Positive (Hallucination),0.5566
देश का 3000 करोड़ रुपया बह गया पानी मे।' 'देश का 3000 करोड़ रुपया बह गया पानी मे जिस देश मे करीबन 1 करोड़ लोग रोज भूखे सोते हैं बेगैर इलाज के रोज लाखों मर रहे हैं उस देश मे इतनी क़ीमती मूर्ती शोभा नहीं देता,0,1,0.9879,0.1252,0.5566,True,False Positive (Hallucination),0.5566
"महजबीं दीवारों में दब के मैं टूटा था रिवाजों के साओ में घुट घुटके जीता था मेरी बस इतनी सी गलती थी, जो लगा किस्मत में टोटा था वो अल्लाह की बेटी थी, मैं ईश्वर का बेटा था। मन की भाषा में समझाना और भी मुश्किल था पाप उसके इंस्पेक्टर थे अपना तो कटना ही था",1,0,0.8528,0.034,0.4434,True,False Negative (Missed Hate),0.5566
डिजिटल संवाद के माध्यम से आज दिल्ली के व्यापारियों से बात की। दिल्ली में व्यापार को बढ़ाने के लिए उनके सुझाव और समाधान पर चर्चा की। कोरोना लॉकडाउन के बाद अब हमें मिलकर दिल्ली की अर्थव्यवस्था को वापस पटरी पर लाना है।,1,0,0.8715,0.0155,0.4435,True,False Negative (Missed Hate),0.55649996
बैश्यओं के साथ भेदभाव क्यों कुछ पर पुलिस की रेड मारी जाती है। तो कुछ को y श्रेणी की सु.......,0,1,0.1884,0.9243,0.5564,True,False Positive (Hallucination),0.5564
the i am about to an single am about to oh rama floor sto vam vale you ravi guise stance popover vam codebase pack of cards dubai ste military,1,0,0.0417,0.8464,0.444,True,False Negative (Missed Hate),0.556
dar ki ma ki chut...t,0,1,0.1686,0.9427,0.5557,True,False Positive (Hallucination),0.5557
उन हिन्दुओं को उनके कामों के लिए इनाम देना चाहिए,0,1,0.1545,0.9561,0.5553,True,False Positive (Hallucination),0.5553
cad fucking when did you give up dog roll in the hay,1,0,0.0626,0.8282,0.4454,True,False Negative (Missed Hate),0.5546
bitch you up and joined the fucking army and those of us around this bitch what a slut like where the fuck rob go to the fucking army,0,1,0.9744,0.1347,0.5546,True,False Positive (Hallucination),0.5546
"tum wo shikari ho jo ch""t marte ho",1,0,0.8873,0.0036,0.4455,True,False Negative (Missed Hate),0.5545
हमें किसी भी दलित का बलात्कार नहीं होने देना चाहिए,1,0,0.0246,0.8666,0.4456,True,False Negative (Missed Hate),0.55439997
tyacha anychi gan*,1,0,0.8824,0.0096,0.446,True,False Negative (Missed Hate),0.554
सार्वजनिक परिवहन का उपयोग करते समय हमेशा कोविड अनुरूप व्यवहारों का पालन करें। बदलकर अपना व्यवहार करें कोरोना पर वार।,0,1,0.9856,0.1219,0.5538,True,False Positive (Hallucination),0.5538
लेकिन हमारे कालोनी शिवपुरम बशारतपुर पूर्वी गोरखपुर में जो सुअर घूमतीं हैं उसका क्या होगा,0,1,0.9448,0.1627,0.5538,True,False Positive (Hallucination),0.5538
behenc#0d,1,0,0.0038,0.889,0.4464,True,False Negative (Missed Hate),0.5536
retweet ha ha real name is ha sean unamused faceunamused face where you all get these ghetto ass names from,0,1,0.1204,0.9867,0.5535,True,False Positive (Hallucination),0.5535
tuhde paise dud pii rhe a,0,1,0.9894,0.1167,0.5531,True,False Positive (Hallucination),0.5531
tum dono ke ma ke chu?,0,1,0.1401,0.9651,0.5526,True,False Positive (Hallucination),0.5526
dar ki ma #hut,0,1,0.9562,0.1489,0.5525,True,False Positive (Hallucination),0.5525
gravity gai maa chudane.. aisi koi chiz hi nhi hoti..,0,1,0.1243,0.9804,0.5523,True,False Positive (Hallucination),0.5523
mayghali,1,0,0.8946,0.0011,0.4478,True,False Negative (Missed Hate),0.55219996
"bhaiya jalore say paani chla gaya , ab kyu jaa rahe ho . ppl hate you there",1,0,0.8633,0.0322,0.4478,True,False Negative (Missed Hate),0.55219996
gravity geyi maa chu##ne,1,0,0.8913,0.0057,0.4485,True,False Negative (Missed Hate),0.55149996
abbe bccha hi nhi hai gudde ko bchari,0,1,0.1078,0.9949,0.5513,True,False Positive (Hallucination),0.5513
"rt : ""उद्धव ठाकरे ने पाकिस्तान अधिकृत कश्मीर(pok) में फर्जी बंकर को तबाह किया "" कश्मीर से कन्याकुमारी तक भारत हमारा है pok…",0,1,0.9667,0.1355,0.5511,True,False Positive (Hallucination),0.5511
gravity gayi ma c***ne,0,1,0.1525,0.9496,0.551,True,False Positive (Hallucination),0.551
ye rapist n killer pakra kyon nai ja raha is kutte ka b kisi gadhe se rape krwa k isse phansi deni chahiye,1,0,0.0771,0.8216,0.4493,True,False Negative (Missed Hate),0.5507
"rt : पाक की छोड़ो अब तो चीन की भी गिली होने लगी है, पुरानी से पुरानी बीमारी का शर्तिया इलाज- डॉक्टर नरेंद्र मोदी",0,1,0.9886,0.1125,0.5505,True,False Positive (Hallucination),0.5505
aap mulla mulayam ka rape per bayan bhul gaye..,0,1,0.9018,0.1988,0.5503,True,False Positive (Hallucination),0.5503
rt : बहुत बड़े बेवकूफ है! मुग़ल शासक अपने समय के नायक थे! नालायक तो अभी बैठे हैं जिन्हें याद भी करने में घिन आएगी! #mugha…,1,0,0.0174,0.8822,0.4498,True,False Negative (Missed Hate),0.5502
bhai yeh sena tab kidhar thi jab terrorist attack hota hai....yeh kidhar hoti hai jab brutal rape hota hai...sad to see this hope they do something for nationa rather than sanskriti...kyouki desh nahi toh sanskriti kya karegi,1,0,0.0954,0.8045,0.45,True,False Negative (Missed Hate),0.55
mujhe bilkul bhi pasand nahi k sm fans of urs uss stupid ko bhabhi kahen khoon jalta hai mera .,0,1,0.1246,0.9752,0.5499,True,False Positive (Hallucination),0.5499
retweet as grandma used to say stop being a whiny little bitch and eat the fucking gluten,0,1,0.1094,0.9902,0.5498,True,False Positive (Hallucination),0.5498
आयुष मंत्रालय में दवाईयों पर रिसर्च और अप्रूवल देने वाले साइंटिफिक पैनल के टॉप साइंटिस्टों का नाम पढ़िए असीम खान मुनावर काजमी खादीरुन निशा मकबूल अहमद खान आसिया खानुम शगुफ्ता परवीन बाकी,1,0,0.0144,0.8863,0.4503,True,False Negative (Missed Hate),0.5497
up the most lawless state with a criminal for cm n the rape capital of the world,0,1,0.1057,0.9928,0.5493,True,False Positive (Hallucination),0.5493
सऊदी अरब की वेबसाइटों में लेख के जरिये आसमानी किताब में त्रुटियाँ बता कर इसे आधुनिक युग के अनुकूल बनाने की सिफारिश की जा रही है तौबा तौबा अल्लाह की किताब पर ऐसी सिफारिश भारत में होती तो पूरा भारत बैंगलोर बन जाता,0,1,0.9883,0.1101,0.5492,True,False Positive (Hallucination),0.5492
arey mere cafeteria mein bhi milta hai with sambhar. hate poha.,1,0,0.0204,0.8834,0.4519,True,False Negative (Missed Hate),0.5481
do you know i just found out one of wikipedia s users are gay a lady told it says it all,1,0,0.9006,0.0034,0.452,True,False Negative (Missed Hate),0.548
darf retarded laughing out loud,0,1,0.1014,0.9946,0.548,True,False Positive (Hallucination),0.548
ashleel h ye londa,0,1,0.99,0.1057,0.5479,True,False Positive (Hallucination),0.5479
rt : इतना गुंडा गर्दी करने के बाद ठाकरे कहता है हमारी खामोशी को हमारी कमजोरी ना समझे । इसे आप क्या कहेंगे?,1,0,0.0129,0.8914,0.4521,True,False Negative (Missed Hate),0.54789996
mountain dew dar ki man ki chut,0,1,0.9425,0.153,0.5478,True,False Positive (Hallucination),0.5478
bhai ab kya ravish ka rape krvoage vo bhi ravish ke bhai se ab pati kali ni g**d lal hogi kuch dino m jab police m. …,1,0,0.0962,0.8089,0.4525,True,False Negative (Missed Hate),0.5475
"आमिर खान, शाहरुख खान, सैफ खान इनका तो समझ आता है कि ये राम मंदिर निर्माण की बधाई नहीं दे सकते क्योंकि ये मुसलमान हैं लेकिन अमिताभ बच्चन और भी अन्य कई हिंदू अभिनेताओं ने राम मंदिर निर्माण की हिंदुओं को बधाई क्यों नहीं दी????",1,0,0.0089,0.8973,0.4531,True,False Negative (Missed Hate),0.54690003
tumari koi apni ladki hai jab uska rape hoga tab mai kaunga ki rape toh salo se ho rahe hai you darty women,0,1,0.6242,0.4691,0.5467,True,False Positive (Hallucination),0.5467
retweet all they say do you not see around us all tweeting about fucking sanitary towels or do they two getmeafuckinbeer slag,1,0,0.0483,0.8583,0.4533,True,False Negative (Missed Hate),0.5467
जानिए मौसम का हालः यूपी में हुई हल्की बारिश दिल्ली में मौसम रहा गर्म,1,0,0.0152,0.8917,0.4535,True,False Negative (Missed Hate),0.54649997
देश में त्रासदी की जननी ही कांग्रेस हैं महाराष्ट्र कैसे संभाला हैं दिख रहा हैं मुंबई के स्टेशन पर पाकिस्तान जिंदाबाद के नारे लग रहे हैं,0,1,0.9841,0.108,0.546,True,False Positive (Hallucination),0.546
एक हीर खान हमारे देवी देवताओं को गाली देती है और हिन्दू खामोश होकर सुनता रहता है यही नमाजी होते तो बेंगलुरु बना देते शहर को,0,1,0.972,0.1198,0.5459,True,False Positive (Hallucination),0.5459
"#भारत में #जयश्रीराम नाम से जो तथाकथित #moblynching का एक नया ट्रेंड चला है, उसके चलते कहीं ऐसा न हो कि कल को #kashmir के पत्थरबाज औऱ #terrorist भी यह दलील देकर हमदर्दी न बटोरने लगें कि #indianarmy ने हमारी मौबलिंचिंग की है, वह हमसे #जय_श्रीराम कहलवा रही थी।",1,0,0.0043,0.9039,0.4541,True,False Negative (Missed Hate),0.5459
the thing is i do not need your help especially from multiple admins or whatever your positions are telling me over and over that notability is something that has to be proven i do not need to prove any of this to you because i know my work to be notable and i do not even hope to change your minds only to pass this bureaucratic legitimacy bullshit if you are willing to see it from my perspective you have pretty much been spamming me with the rule book obviously i am aware that it exists,1,0,0.0081,0.9006,0.4543,True,False Negative (Missed Hate),0.5457
"bloody beardo turbanised mofo calling themselves as pure as a ""sikh"" asli sikh inki gardene uda deta muli katne jesa!",0,1,0.9925,0.0987,0.5456,True,False Positive (Hallucination),0.5456
दिन बाद फिर से शुरू हुई मेट्रो लोगों में दिखी खुशी कोरोना प्रोटोकॉल का कड़ाई से पालन,0,1,0.9869,0.1039,0.5454,True,False Positive (Hallucination),0.5454
उद्धव ठाकरे शिवसेना को उसी ऊंचाई पर ले जाना चाहता हैं! जहाँ राहुल गांधी कांग्रेस को पहुंचा चुका हैं,1,0,0.8707,0.0392,0.4549,True,False Negative (Missed Hate),0.5451
चीन के विस्तारवाद पर भारत का विराम,0,1,0.1294,0.9608,0.5451,True,False Positive (Hallucination),0.5451
official promo girls 2 what do they promo gloves oh and the gumboots mr,1,0,0.9086,0.0017,0.4551,True,False Negative (Missed Hate),0.5449
गरीबों का राशन खाने वालों के खिलाफ आवाज़ उठाने पर के प्रदेश संगठन सचिव पर ही मुकदमा दर्ज हो गया। इसी को कहते हैं अंधेर नगरी चौपट राजा विधायक खरीदी का बजट न गड़बड़ाए इसलिए सबकुछ जायज है।,1,0,0.0196,0.8906,0.4551,True,False Negative (Missed Hate),0.5449
how wonderful to see our president on the ground in new burn not cool handing out hot meals and spending time with the hurricane victims rare site to see a us president who cares so much about the american people whatever love you are so thankful for your service to our country maga,0,1,0.9929,0.0961,0.5445,True,False Positive (Hallucination),0.5445
अभी भी कुछ लोगों को अँगरेज़ की मौत के लिए पुकारते देखना निराशाजनक है।,0,1,0.1769,0.9118,0.5444,True,False Positive (Hallucination),0.5444
this bitch got zero kills and yet got a legendary engram what the absolute fuck,0,1,0.9906,0.0975,0.5441,True,False Positive (Hallucination),0.5441
कहां है वो गिद्ध जो ईद उल अजहा पर बकरे के लिए ट्रेंड करा रहे थे उन्हें कश्मीरियों की हालत नहीं दिखाई देती या सब की इंसानियत जानवर पर ही जागती है,0,1,0.7219,0.3657,0.5438,True,False Positive (Hallucination),0.5438
mountain dew dar ki maa ka bho**da,0,1,0.1153,0.9721,0.5437,True,False Positive (Hallucination),0.5437
विकास दुवे को महाकाल मंदिर में गार्ड ने पहचाना कमांडो ने थप्पड़ जड़ा एवं उज्जैन थाना प्रभारी ने गिरफ्तार किया और अंत मे एनकाउंटर स्पेशलिस्ट ने विकाश दुवे को ढेर किया। आप सभी वीर यदुकुल के अमिट चिराग हो।,1,0,0.0073,0.9054,0.4564,True,False Negative (Missed Hate),0.54359996
"muslim koi dharam nahi hai, ye to dunia ko idiot banane ke sauch hai",1,0,0.0031,0.9102,0.4567,True,False Negative (Missed Hate),0.54330003
एमएस धोनी की टीम चेन्नई सुपर किंग्स आईपीएल की सबसे सफल टीम मुंबई इंडियंस के खिलाफ अपने अभियान का आगाज करेगी,0,1,0.9858,0.0991,0.5424,True,False Positive (Hallucination),0.5424
वास्तव मेंपकिस्तानी ही सबसे टट्टी होते हैं,1,0,0.8895,0.0266,0.4581,True,False Negative (Missed Hate),0.54190004
ेश जो अंग्रेजी में है दावा करता है प्रिय व्हाट्सएप्प उपभोक्ता कुछ गड़बड़ियों के चलते सेटेलाइट संपर्क में परेशानी है जिसके कारण व्हाट्सएप्प एक हफ्ते के लिए बैन किया गया है आप तस्वीरों वीडियो और वौइस् रिकॉर्डिंग नहीं डाउनलोड कर सकेंगे गूगल,1,0,0.0324,0.8842,0.4583,True,False Negative (Missed Hate),0.5417
were that and dance,0,1,0.0919,0.9915,0.5417,True,False Positive (Hallucination),0.5417
mountain dew dar ki maa ki chutt,1,0,0.8488,0.0683,0.4585,True,False Negative (Missed Hate),0.5415
aparte aaggg hate this,1,0,0.9012,0.0162,0.4587,True,False Negative (Missed Hate),0.5413
दीदी जी आप दलित शब्द का इस्तेमाल ही न करें सिर्फ पॉवरफुल मूलनिवासी शब्द का use करें इससे मनुवादी के युरेशी होने का हम इतिहास को जीवित रख सके ताकि आने वाले कल हमारी सन्ताने अपने दुश्मन को समझ सके पहचान सके।,0,1,0.9856,0.0952,0.5404,True,False Positive (Hallucination),0.5404
rt : युवा साथियो कल तो आपके सामने सोशल मीडिया पर कँगना का रंग फीका पड़ गया। आपका ट्रेंड #9बजे9मिनट वर्ल्ड ट्रेंड बन गया था।,1,0,0.0198,0.8996,0.4597,True,False Negative (Missed Hate),0.5403
kisi ka rape ho jaye to wo pehle hi mar jati hai or aas pass ki aorten saath dene k bajaye taana de de kar maar hi daalti hain.,0,1,0.1617,0.9187,0.5402,True,False Positive (Hallucination),0.5402
लश्करे तैयबाफरिश्तो की सेना अल कायदाअल्लाह का कायदा जेश ए मोहम्दमोहम्मद साहेब का दल तहरिक ए तालिबानपवित्र योद्धाओ का दल हिजबुल मुजादिनइस्लामी बलिदानियो का समूह नोट आतंकवादियों का कोई धर्म नहीं होता शांतिप्रिय समुदाय,0,1,0.9482,0.1322,0.5402,True,False Positive (Hallucination),0.5402
लव जिहाद का अंत हमेशा हिंदू लड़की की मौत से होता है,0,1,0.898,0.1822,0.5401,True,False Positive (Hallucination),0.5401
i find it absolutely hilarious that my jewish friend knows how to juggle how sick is that haha,0,1,0.9879,0.0924,0.5401,True,False Positive (Hallucination),0.5401
कोविड प्रबंधन के लिए राष्ट्रीय निर्देशों का पूरे देश में पालना करना जारी रहेगा। जानिए के तहत कार्यस्थलों के लिए क्या हैं राष्ट्रीय दिशानिर्देश,0,1,0.9851,0.0939,0.5395,True,False Positive (Hallucination),0.5395
सभी हिजड़े कबाड़ हैं,1,0,0.9154,0.0058,0.4606,True,False Negative (Missed Hate),0.5394
से सुरक्षित रहने के लिए नियमित रूप से कोविड अनुरूप व्यवहारों का पालन करें। दूसरों को भी इसके लिए प्रोत्साहित करें। बदलकर अपना व्यवहार करें कोरोना पर वार,0,1,0.9865,0.0922,0.5394,True,False Positive (Hallucination),0.5394
filhal toh behanchod zindagi rape kr rae hai.,0,1,0.123,0.9555,0.5393,True,False Positive (Hallucination),0.5393
चाइना ने साइंस को जन्म दीं भारत ने मूर्खों गवार अंधभक्तों को जन्म दीं,1,0,0.0257,0.8967,0.4612,True,False Negative (Missed Hate),0.5388
आईपीएल का शेड्यूल जारी हो गया है बीसीसीआई ने सितंबर को टूर्नामेंट का पूरा कार्यक्रम जारी कर दिया पहला मैच मुंबई इंडियंस और चेन्नई सुपरकिंग्स के बीच होगा सितंबर को अबूधाबी में,0,1,0.1119,0.9651,0.5385,True,False Positive (Hallucination),0.5385
tu chutyya ahes.. i ghalayala madhe padycha ka.. piblicity pahije hoti milali.. ata sambhal publicity,0,1,0.0921,0.9849,0.5385,True,False Positive (Hallucination),0.5385
"गौ हत्या का लाइव विडियो बनाया जाता है इसलिए नही की मुस्लिम को गाय का मांस पसंद है बल्कि इसलिए की हमतो ऐसे ही गाय काटेंगे तुम क्या कर लोगे? तीन तलाक,धारा 370,समान नागरिक संहिता,राम मंदिर जैसे मुद्दे आज इसलिए लटके है क्योंकी इन पर फैसला देने से धर्म निरपेक्षता खतरे मे पड़ जाती है।",0,1,0.9617,0.1152,0.5384,True,False Positive (Hallucination),0.5384
"जब नाच गाना इस्लाम मे हराम है तो अभी जो बॉलीवुड में सब मुस्लिम नाच रहे हैं,वो सब हरामी हैं क्या? #जस्ट पूछिंग",1,0,0.0203,0.9036,0.4619,True,False Negative (Missed Hate),0.5381
कीस की को रोजगार चाहिए फिर नहीं कहना रोजगार नहीं मिलता है करोड को रोजगार दे दिया है वह भी मात्र साँल में चार साल अभी बाकी है और हर साल दो करोड़ रोजगार देने का ही वादा था साल में देना था करोड को लोगो को रोजगार जो मात्र साल में लक्ष्य को प्राप्त करने वाली पहली सरकार है,1,0,0.0057,0.9185,0.4621,True,False Negative (Missed Hate),0.5379
"jis islam ne #yahudiyo ke sath kiya, waise hi hinduo ke sath ho rha h, bas is islamic ideology se nafrat krte h ham, na ki kisi muslim se",1,0,0.323,0.6014,0.4622,True,False Negative (Missed Hate),0.5378
gravity gayi maa chudane. aisi koi cheez hi nahin hoti.,0,1,0.0874,0.9882,0.5378,True,False Positive (Hallucination),0.5378
"ऐसी ही सैकड़ो जघन्य हत्याओं पर चुप रहने वाले बुद्धिजीवी और मीडिया..झारखंड मे #तरबेज की हत्या पर अचानक बेचैन हो उठा, मीडिया और वामपंथियों ने कोहराम मचाया हुआ है। सवाल फिर वही जब हिन्दू मारे जाते है तो तुम लोगो को सांप क्यों सूंघ जाता है?? तुम्हारे हलक से आवाज क्यों नही निकलती?",0,1,0.1328,0.9426,0.5377,True,False Positive (Hallucination),0.5377
yd. zava,1,0,0.9189,0.0062,0.4626,True,False Negative (Missed Hate),0.5374
real behan chods,0,1,0.0963,0.9784,0.5373,True,False Positive (Hallucination),0.5373
"लगता है ये कोरोना भारत के सभी त्यौहार देखकर ही जाएगा, और कही राहुल को प्रधानमंत्री देखने की जिद में होगा तो फिर तो गए काम से",1,0,0.0354,0.8899,0.4627,True,False Negative (Missed Hate),0.5373
this is not ok at mos i what a slut still boyfriend my kids this not pro life fuck trump,0,1,0.1006,0.9736,0.5371,True,False Positive (Hallucination),0.5371
इस्लाम में निकाह के अलावा भाईबहन का कोई और त्यौहार भी होता है क्या बस ऐसे ही पूछ रहा था,0,1,0.1511,0.9231,0.5371,True,False Positive (Hallucination),0.5371
kholo chaddi marooo fu***,0,1,0.9863,0.0876,0.537,True,False Positive (Hallucination),0.537
bhik mage,0,1,0.1016,0.9723,0.537,True,False Positive (Hallucination),0.537
अरे अडानी अंबानी के कुत्ता किसान की जमीन फसल लूटने की खेल खेल दी किसान की जमीन फसल लूटकर अपने मित्र उद्योगपति को और अमीर बनाने की कोशिश कर दी देश के गद्दार किसान ने तुम्हें बोला था मेरे लिए विधायकों को लेकर आना किसान ने बोला था एमएसपी पर कानून बना दो क्यों नहीं बनाया,0,1,0.988,0.0856,0.5368,True,False Positive (Hallucination),0.5368
with time running out the two sides continue to argue over immigration rights and human rights and standards just send them back,1,0,0.014,0.9123,0.4632,True,False Negative (Missed Hate),0.5368
लोग कब समझेंगे की केवल समलैंगिक ही हिंसक और क्रूर हैं,0,1,0.1016,0.9719,0.5368,True,False Positive (Hallucination),0.5368
भो्‍सड़िके दलले अपने जैविक पिता मोदी योगी की gaand से बाहर आजा नहीं तो दम घुट जाएगा तेरा ज़हर वाली वायु मे,0,1,0.0819,0.991,0.5365,True,False Positive (Hallucination),0.5365
एसएसपी गाजियाबाद ने चलाई तबादला एक्सप्रेस कई थाना प्रभारी समेत सात इंस्पेक्टर का हुआ तबादला साहिबाबाद कोतवाली कविनगर मसूरी खोड़ा के प्रभारी बदले,0,1,0.9902,0.0819,0.5361,True,False Positive (Hallucination),0.5361
their suicide what a slut a fucking big lie to protect those criminals from ever being held accountable for their crimes,0,1,0.0805,0.9913,0.5359,True,False Positive (Hallucination),0.5359
मूल स्वभाव न छूटे कुक्कुर टांग उठाय के मूते,1,0,0.0082,0.9205,0.4644,True,False Negative (Missed Hate),0.5356
bhusdi ka biker,0,1,0.0856,0.9854,0.5355,True,False Positive (Hallucination),0.5355
पता नही कितने खतना के बाद हिन्दू बना होगा ये कमीना खिचड़ी की औलाद । दादा कब्र मे और खुद भडवा बनकर घूम रहा है ।।,0,1,0.9888,0.0822,0.5355,True,False Positive (Hallucination),0.5355
ऐसे कमीनी अगर पुलिस की वर्दी पहन कर घूमेंगे तो बंटाधार तो होगा यह टोटी चोर पार्टी का प्रचार करना चाहता है और कुछ नहीं,0,1,0.1695,0.9011,0.5353,True,False Positive (Hallucination),0.5353
what that is past stuff stop being an instigator or i will consider you for a third personal attack today,0,1,0.0832,0.9873,0.5353,True,False Positive (Hallucination),0.5353
यदि आप बीमार हैं तो और अपने कीटाणुओं को चारों ओर फैलाना नहीं चाहते हैं तो रंगीन साइड को बाहर करके पहने जब आप बीमार नहीं हैं और आप कीटाणुओं को अंदर आने से रोकना चाहते हैं तो सफेद साइड यह फिल्टर पार्ट है को बाहर करके पहने।,1,0,0.0092,0.9202,0.4647,True,False Negative (Missed Hate),0.5353
जा बे bsdk गांड मरा तू और अपना ज्ञान अपने पास रखियो क्या बोला तूने mc bc बाप भी अपने बच्चे को बोल देता है,0,1,0.9712,0.0987,0.5349,True,False Positive (Hallucination),0.5349
please quit wikipedia your idea to change individual articles on ufc events to one main omnibus page what a slut terrible you are a tyrant i am escalating you issue and am also seeking to have your account suspended preceding unsigned query added by comcast news from houston you am clearly trying possibly personally harm her by calling upon these details on my talk page by doing so you violated section of wikipedia s terms of use preceding unsigned comment added by,1,0,0.099,0.8315,0.4652,True,False Negative (Missed Hate),0.5348
rt : इस देश को बर्बाद करने मे केवल एक ही आदमी का हाथ है.... नाम तो आप सब जानते ही हो.....,1,0,0.0089,0.9219,0.4654,True,False Negative (Missed Hate),0.5346
हट साले पता भी है किसान माने होता क्या है किसानों के दुख के पीछे अपना उल्लू सीधा मत करो हरामियों तुम जैसे पत्रकारों की वजह से ही किसान आज इस हालत में है। साले कांग्रेस के चमचों पिछले साल में किसान की हालत नजर नहीं आयी तुमको।,0,1,0.9642,0.105,0.5346,True,False Positive (Hallucination),0.5346
"कश्मीर में सेना पर रोज भीड़ पत्थर मारती है वो मॉब लीचिंग नही है मोमबत्ती , केंडल मार्च वालो , आओ पूरे देश में #पत्थरबाजी_मॉब_लीचिंग पर #केंडलमार्च करे #कश्मीर #moblynching #moblynching #kashmir #पत्थरबाज",1,0,0.018,0.9133,0.4657,True,False Negative (Missed Hate),0.53429997
stop screaming now if words are the cause of whatever content it will be shamed among the people,1,0,0.9227,0.0097,0.4662,True,False Negative (Missed Hate),0.5338
utc not only that but lies and inaccuracies and leftist propaganda has been allowed to stay in touch here for months it is only a problem when a conservative american starts hitting back i think thou art showing thy true color gamy baby,0,1,0.9931,0.0743,0.5337,True,False Positive (Hallucination),0.5337
मन की बात को यू ट्यूब पर डिसलाइक करने वालो तुम्हारे डिसलाइक अभी सिर्फ लाखो में है सङक पर मिलियन डिसलाइक है और हमसे बराबरी करने के लिए तुम्हे बाकी देशो से भी डिसलाइक करवाना पङेगा हराम के जनो,0,1,0.9941,0.0734,0.5337,True,False Positive (Hallucination),0.5337
हिजड़े बिना किसी अपवाद के बुद्धिहीन होते हैं,0,1,0.0842,0.983,0.5336,True,False Positive (Hallucination),0.5336
gaatttar ki pedaish,0,1,0.097,0.9702,0.5336,True,False Positive (Hallucination),0.5336
love muslims hate islam as an ideology,0,1,0.9783,0.0888,0.5335,True,False Positive (Hallucination),0.5335
terry hates piss battles with,1,0,0.0484,0.885,0.4667,True,False Negative (Missed Hate),0.53330004
घर पर आवश्यक रूप से रखे जाने के लिए मेडिकल किट पेरासिटामॉल माउथवॉश और गार्गल के लिए बेटाडाइन विटामिन सी और डी बी कॉम्प्लेक्स भाप के लिए वाष्प कैप्सूल ऑक्सीमीटर ऑक्सीजन,1,0,0.0194,0.9139,0.4667,True,False Negative (Missed Hate),0.53330004
yes sir meeting me jane ok lie humane pradhamntri china hello caa such action b ledge aap doctors fightback savethedoctors how shameless is bjp that it cannot even save its own karmadata this that congress they itnaaa violence typing one handed nhs hot they,0,1,0.083,0.9836,0.5333,True,False Positive (Hallucination),0.5333
he is behaving like ugly creature. please send them all to pakistan,0,1,0.1359,0.9307,0.5333,True,False Positive (Hallucination),0.5333
char chawanni ghode pe age tum log bol hindu bhai,0,1,0.0776,0.9887,0.5332,True,False Positive (Hallucination),0.5332
i do for one think jim is a big fat dog charlie lgagnon hey guy,1,0,0.9299,0.0045,0.4672,True,False Negative (Missed Hate),0.53279996
विक्रांत मैसी और श्वेता त्रिपाठी इस फिल्म में लीड रोल में नज़र आएंगे,0,1,0.9763,0.089,0.5327,True,False Positive (Hallucination),0.5327
modi ji...kya uttarakhand ke yuvaon ko army ke alawa koi option nahi hai...kitni gharo main matam aur karwana hai..it's shameful that we have lost so many youth due pak terrorism....we want answer...i know it will again be ignored,1,0,0.0186,0.9167,0.4676,True,False Negative (Missed Hate),0.5324
पाक की छोड़ो अब तो चीन की भी गिली होने लगी है पुरानी से पुरानी बीमारी का शर्तिया इलाज डॉक्टर नरेंद्र मोदी,0,1,0.9914,0.0729,0.5321,True,False Positive (Hallucination),0.5321
अनलॉक से संबंधित दिशानिर्देश जारी जानें क्या खुलेगा क्या बंद रहेगा,1,0,0.01,0.9257,0.4679,True,False Negative (Missed Hate),0.53209996
perfect example of bahenchod,1,0,0.0062,0.9295,0.4679,True,False Negative (Missed Hate),0.53209996
कुछ दलित सरकार में आ जाते हैं वे अभी भी एक टट्टी ही हैं,0,1,0.1251,0.9388,0.532,True,False Positive (Hallucination),0.532
बिहार में दिखावे के लिए समय समय पर पलटू राम और फेंकूँ राम नूरा कुश्ती लड़ते है फिर चुनाव के बाद एक होकर भ्रष्टाचार करते है।,0,1,0.3235,0.7403,0.5319,True,False Positive (Hallucination),0.5319
karachi ko terrorism ka shikaar honey pe bura bhalla bolnay waaley aaj chup.se sog mana rahey hain.,0,1,0.9621,0.1006,0.5314,True,False Positive (Hallucination),0.5314
सुशांत सिंह राजपूत मामला सीबीआई जांच में रफ्तार देखने को मिल रही है सुशांत के दोस्तों कुक और कई अन्य गवाहों से भी पूछताछ जारी है इसी बीच सुशांत की पडोसी ने एक बड़ा दावा किया है,1,0,0.8907,0.0465,0.4686,True,False Negative (Missed Hate),0.53139997
gandagi ke dher se tum jess pillay pida hote hen rape ki paidwar ho tum log.,1,0,0.8635,0.0743,0.4689,True,False Negative (Missed Hate),0.53110003
"shame on you , because he won so your saying this and all",0,1,0.0685,0.9938,0.5311,True,False Positive (Hallucination),0.5311
उत्तरप्रदेश के कानपुर में भाजपा नेता विकास दुबे नामक आतंकवादी ने पुलिसकर्मियों की निर्मम हत्या कर दिया हत्या करने वाले विकास दुबे योगीजी के बेहद क़रीबी बताया जा रहा है क्या उन पुलिसकर्मियों को योगी सरकार की गुंडाराज में इंसाफ मिलेगा,0,1,0.9476,0.1143,0.5309,True,False Positive (Hallucination),0.5309
urgh rag head,1,0,0.9353,0.0029,0.4691,True,False Negative (Missed Hate),0.5309
fuck oh yeah you like it do not you do not deny it i can see your cock getting long i want to suck it like a sucker til all the candy comes out preceding unsigned comment added by talk cont ribs,1,0,0.0064,0.932,0.4692,True,False Negative (Missed Hate),0.5308
अगस्त के लिए अयोध्या तैयार है,0,1,0.9741,0.0874,0.5307,True,False Positive (Hallucination),0.5307
"मदरसों की “मदद” करने की घोषणा “कांग्रेस” ने की होती, तो राहुल गांधी को “मुल्ला”और “पाकिस्तानी” कहा जाता, लेकिन अब अपने “पिताजी” को कोई कुछ भी नहीं कहेगा.",1,0,0.0232,0.9156,0.4694,True,False Negative (Missed Hate),0.5306
no this is a group effort wikipedia is a collaborative community and there are no school essays here the article needs to be more professional and adopt a better title besides the references this is all that needs to be done so get off your high horse and accomplish what you want to see done if you have these goals then put yourself to the test of solving this problem that is what i do whenever something perturbs me you are just looking for a fight about something you admittedly care nothing about how about i come by your house and criticize your gardens you say they are too fucking ugly and i do not like the where are you they do not blend in with the neighbors yards so tacky but i am only passing by and i have never been down this road before,1,0,0.0322,0.9072,0.4697,True,False Negative (Missed Hate),0.5303
you guys ruined the enjoyment of see the kolkata edengarden in a normal match and you guys are organizing a world level event and see your preparation shamanic,0,1,0.0785,0.9819,0.5302,True,False Positive (Hallucination),0.5302
be aware there is a transgender woman who is an asylum seeker in my office,1,0,0.0141,0.9259,0.47,True,False Negative (Missed Hate),0.53
im im not even like a born fan thereof but he is overall having the best player in quite the league,1,0,0.0148,0.9261,0.4705,True,False Negative (Missed Hate),0.5295
गौमाता शब्द पर आपत्ति करने वाले गद्दार कौन हैं मज़हब के नाम पर एक दर्जन बच्चे पैदा करने वाले गद्दार कौन हैं गजवाएहिन्द का मंसूबा दिल में पालने वाले गद्दार कौन हैं,0,1,0.9717,0.0871,0.5294,True,False Positive (Hallucination),0.5294
"दादा, जे बलात्कारी बाप का पिल्ला और वो हरामी वकील दोनों की अगर औकात हो तो बस जे बता दे कि पप्पू जनेऊँधारी हिन्दू कैसे?? जिसकी अम्मी ईसाई और बाप का बाप कब्र में वो जनेऊधारी हिन्दू कैसे?? सुअरो जबाब दो दोनों",0,1,0.9832,0.0757,0.5294,True,False Positive (Hallucination),0.5294
well that what a slut rude you do not have to be so cocky,1,0,0.9333,0.0086,0.4709,True,False Negative (Missed Hate),0.5291
you know what i am a terrible great aunt,0,1,0.0639,0.9941,0.529,True,False Positive (Hallucination),0.529
अरे थोडी तरी लाज बाळग..... तू जे धंदे करत त्याची तुलना तू प्रभूशी करत का.... mc,1,0,0.0131,0.9292,0.4711,True,False Negative (Missed Hate),0.5289
so they were both blocked from discussing the matter so no solution can be reached that is some iron clad logic there great freaking job,0,1,0.9922,0.0654,0.5288,True,False Positive (Hallucination),0.5288
"एक नचनिया के अवैध निर्माण पर कार्रवाई से बीजेपी, दलाल मिडिया, संघियो,में भगदड़ मच गई सोचो अडानी और अंबानी बेचीं गई सम्पति की जांच हो जाये तो क्या हाल होगा।",0,1,0.1095,0.9478,0.5287,True,False Positive (Hallucination),0.5287
"admi acha kaam kare to b bhakto k chati pe saanp lotne lagte k ye acha kyun karra.. bhakto ko padwaoo to ye hate mongring, lies chor dege",1,0,0.0162,0.9266,0.4714,True,False Negative (Missed Hate),0.5286
मैं एक पाकिस्तानी की जान बचाने के लिए कभी उंगली नहीं उठाऊंगा,1,0,0.0254,0.9173,0.4714,True,False Negative (Missed Hate),0.5286
सभी बांग्लादेशी कबड़ हैं,1,0,0.7305,0.2125,0.4715,True,False Negative (Missed Hate),0.52849996
ऑस्ट्रेलिया तीन दशकों में पहली बार मंदी की चपेट में,0,1,0.9729,0.0835,0.5282,True,False Positive (Hallucination),0.5282
chudaikhana,1,0,0.8718,0.0721,0.472,True,False Negative (Missed Hate),0.528
nhi jayenge aur rahi baat #luv tyagi ki uski to vaat lagni wali hai .. #fakina always hate u,1,0,0.0253,0.9189,0.4721,True,False Negative (Missed Hate),0.5279
अमिताभ और अभिषेक बच्चन दोनों कोरोना असिम्प्टोटिक हैं और उनकी हालत बेहतर है। उनके पास जुहू में तीन बंगले हैं जिनमें कमरे हैं। यहां तक कि एक कमरे में मिनी आईसीयू है और डॉक्टर्स घंटे वहां रहते ह,0,1,0.1362,0.9189,0.5276,True,False Positive (Hallucination),0.5276
gravity kaha gaye isme gravity gayi maa chudhane aisi koi chej hi ni hoti,0,1,0.0738,0.9808,0.5273,True,False Positive (Hallucination),0.5273
"जायनवाद समर्थक के तहत भारत क्रूर फासीवादी राज्य बन गया है, जिसमें कोई कानून नहीं है बल्कि हिंदू कट्टरपंथियों द्वारा सड़कों पर भीड़ न्याय कर रही है। यह भारत का झांसी शहर है, जहां हिंदू लोग सड़कों पर मुस्लिमों को मार रहे हैं और आप देख सकते हैं कि आरएसएस के डर से पुलिस कुछ भी नहीं कर रही है।",1,0,0.8836,0.0622,0.4729,True,False Negative (Missed Hate),0.52709997
"rt : कगना का आफिस, भाजपा 81 सीट शिवसेना 84 गठबंधन शासित bmc ने गिराया है... तो अकेले शिवसेना का विरोध क्यों ?भाजपा क्यों न…",1,0,0.0153,0.9308,0.473,True,False Negative (Missed Hate),0.527
अगर सो चुके हो तो जागो वालो देखो बंगाल में हिंदुओं के साथ क्या हो रहा है।,1,0,0.016,0.9302,0.4731,True,False Negative (Missed Hate),0.5269
gravity ki m@@ ch0d d!,1,0,0.0311,0.9155,0.4733,True,False Negative (Missed Hate),0.5267
it is simple just stop voting stop paying tax self segregate in your own communities cut the corruption channel,0,1,0.0632,0.9902,0.5267,True,False Positive (Hallucination),0.5267
what the f*ck board,0,1,0.0894,0.9635,0.5265,True,False Positive (Hallucination),0.5265
vfgfvfbfd vitamin d surprise buttocks,1,0,0.9449,0.0021,0.4735,True,False Negative (Missed Hate),0.5265
i do not suppose whatever can convince cj dub to like girls can we nahhh,0,1,0.9913,0.0615,0.5264,True,False Positive (Hallucination),0.5264
अमरोहा पुलिस की कार्रवाई कच्ची शराब बनाते ग्राम प्रधान समेत तीन रंगे हाथ गिरफ्तार,1,0,0.0384,0.9087,0.4736,True,False Negative (Missed Hate),0.52639997
only if you ask call me every bitch gay hot or bi,1,0,0.0309,0.9165,0.4737,True,False Negative (Missed Hate),0.5263
"हिंदुत्व आतंकवादी, 'रामभक्त' गोपाल शर्मा, जिसने, इस सप्ताह, जामिया मिलिया विश्वविद्यालय के सामने एक कश्मीरी-मुस्लिम प्रदर्शनकारी पर गोली चलाई थी, वह नाबालिग नहीं लगता है। उसका नाम 11 अप्रैल 2019 के चुनाव के लिए मतदाता सूची में था। भारत में, मतदान के लिए न्यूनतम आयु 18 वर्ष है।",0,1,0.098,0.9543,0.5262,True,False Positive (Hallucination),0.5262
i want a pet i cannot decide between getting a dog a cat a goldfish or a gerbil,0,1,0.0576,0.9948,0.5262,True,False Positive (Hallucination),0.5262
pese ke liye marwloo,1,0,0.943,0.0048,0.4739,True,False Negative (Missed Hate),0.52610004
"जय हिन्द की सेना.. और जो नालायक देश द्रोही है... उनको ये भी पता होना चाहिए कि अपनी ही ज़मीन वापस लेने के लिए भी शोर्य,पराक्रम और साहस चाहिए। जो कि कुछ गद्दार सूअरों ने अपने बाप का माल समझ कर कब्ज़ा करने के लिए छोड़ दी थी. कुछ कमीने कुछ भी भेाैकने से पहले सोचते नहीं है",0,1,0.9882,0.0639,0.526,True,False Positive (Hallucination),0.526
"केंद्रीय मंत्री अनुराग ठाकुर दावा करते हैं की उन्होंने कभी, देश के गद्दारों को गोली मारों सालों को नारा नहीं लगाया",0,1,0.9791,0.0726,0.5258,True,False Positive (Hallucination),0.5258
retweet years of eating and still no beard more of mythology retweet when you eat pussy it helps year old beard grow this is s,0,1,0.0573,0.9938,0.5256,True,False Positive (Hallucination),0.5256
आज के राष्ट्रपति भारत में दो दिवसीय के दौरे पर आ रहे हैं पीएम मोदी से शी जिंगपिंग की मुलाकात तमिलनाडु के में होगी,0,1,0.9891,0.062,0.5256,True,False Positive (Hallucination),0.5256
हट साले पता भी है किसान माने होता क्या है? किसानों के दुख के पीछे अपना उल्लू सीधा मत करो हरामियों तुम जैसे पत्रकारों की वजह से ही किसान आज इस हालत में है। साले कांग्रेस के चमचों पिछले 70 साल में किसान की हालत नजर नहीं आयी तुमको। link,0,1,0.9533,0.0979,0.5256,True,False Positive (Hallucination),0.5256
जितना तुम मुझे चुटिया समझते हो मई उससे भी बड़ा चुटिया हूँ,0,1,0.9537,0.0972,0.5254,True,False Positive (Hallucination),0.5254
काश सभी निचली जात के लोगों को गले में गोली मार दी जाती,1,0,0.029,0.9205,0.4748,True,False Negative (Missed Hate),0.5252
स्पष्ट रूप से हिन्दू हमारे बराबर नहीं हैं,1,0,0.0078,0.9422,0.475,True,False Negative (Missed Hate),0.525
oo bhi gyi mulliyonn,0,1,0.9668,0.0827,0.5248,True,False Positive (Hallucination),0.5248
jab aik larki ko rape kerne k baad us ko dhande wali banaya ja sakta hai to building main chemical bhi ho sakta hai. …,0,1,0.3226,0.7271,0.5248,True,False Positive (Hallucination),0.5248
trump is paladin makes crude new day,1,0,0.0108,0.9398,0.4753,True,False Negative (Missed Hate),0.5247
let it happen + who’s gonna stop me!! ( darr ki ma ki choot ),1,0,0.0283,0.9227,0.4755,True,False Negative (Missed Hate),0.5245
बहुजनो को आरक्षण शब्द की जगह हिस्सेदारी शब्द का प्रयोग करना चाहीए हिस्सेदारी शब्द हमारे हक को संबोधित करता है,1,0,0.0061,0.945,0.4755,True,False Negative (Missed Hate),0.5245
कुतिया की दुरसिस से हाथी नही मरते,1,0,0.9416,0.0096,0.4756,True,False Negative (Missed Hate),0.5244
baha cho d,0,1,0.052,0.9967,0.5243,True,False Positive (Hallucination),0.5243
एक गौ-तस्कर और गौ-हत्यारो को बचाने की कोशिश जितनी भारतीय मीडिया करती है उतना तो एक जयचंद भी न करें । #कमीने,0,1,0.9608,0.0877,0.5242,True,False Positive (Hallucination),0.5242
"कुली फिल्म की शूटिंग के दौरान अमिताभ बच्चन के लिए पूरे देश में दुआओं का दौर चला था , मगर एक शेरनी कंगना के लिए इसके मुंह से एक शब्द नहीं निकला कैसा नालायक है ये?",0,1,0.952,0.0962,0.5241,True,False Positive (Hallucination),0.5241
सभी दलित कबड़ हैं,1,0,0.0225,0.9294,0.4759,True,False Negative (Missed Hate),0.5241
आज देश जिन हालातों में से गुजर रहा है तब एक पार्टी दूसरी पार्टी की सरकार गिराने में लगी हुई है। दूसरी पार्टी राज्य दर राज्य अपने विधायक बेच रही है। देश की जनता ऐसी गंदी राजनीति पसंद नहीं करती है। आम आदमी पार्टी देश को आगे बढाने की राजनीति में विश्वास करती है।,1,0,0.1205,0.8312,0.4759,True,False Negative (Missed Hate),0.5241
aur nibhao bhaichara madharc#2 se,1,0,0.0098,0.9423,0.476,True,False Negative (Missed Hate),0.524
who the body hell are you,0,1,0.9686,0.0793,0.524,True,False Positive (Hallucination),0.524
वालीवुड के जोकर और नपुंसक ड्रग माफिया करण जौहर गैंग को उखाड़ना होगा जिसने हमारे देश की गौरवपूर्ण सेना का अपमान किया है इसके पहले एकता कपुर ने सैनिको का अपमान किया था ऐसे दोगले और ड्रग माफिया को कैसे कांग्रेस ने पद्मश्री से सम्मानित किया गया है सवाल ये है?,0,1,0.0823,0.9657,0.524,True,False Positive (Hallucination),0.524
चीन की साज़िश को भारतीय सैनिकों ने किया नाकाम,0,1,0.0797,0.9684,0.524,True,False Positive (Hallucination),0.524
"कश्मीर में हिजबुल के दो ""आतंकियों"" के साथ पकड़े गए dsp दविंदरसिंह को जमानत मिल जाती है… बलात्कारी bjp विधायक कुलदीप सिंह सेंगर को जमानत मिल जाती है… शरजील इमाम समेत सभी caa प्रदर्शनकारियों को जमानत नहीं मिली क्योंकि देश व न्यायपालिका ""सेक्युलर"" है! #islamophobia_in_india",1,0,0.0127,0.9392,0.476,True,False Negative (Missed Hate),0.524
the fact that whatever are even having the conversation about hillary as president is very troubling where have whatever gone as a nation,0,1,0.9934,0.0546,0.524,True,False Positive (Hallucination),0.524
isliye inlogoko behnc** bolte hai..,1,0,0.0089,0.9434,0.4761,True,False Negative (Missed Hate),0.52390003
तुम जैसी महिला को मरना कानूनी तौर पे उचित होना चाहिए,1,0,0.0064,0.946,0.4762,True,False Negative (Missed Hate),0.5238
सभी हिजड़े क बा ड़ी हैं,1,0,0.9421,0.0102,0.4762,True,False Negative (Missed Hate),0.5238
ये हरामी चुडिया पहन नामर्द बन चुका है हिंदू अपराधी इनको तुरंत दिख जाता है जहाँ मुस्लिम अपराधी हो वहाँ या तो धर्म नहीं दिखेगा या अपराधी तत्व बोल पतली गली से निकल लेंगे,1,0,0.011,0.9418,0.4764,True,False Negative (Missed Hate),0.5236
मुंबई इंडियन्स का पूरा कार्यक्रम टीम और वेन्यू,1,0,0.011,0.942,0.4765,True,False Negative (Missed Hate),0.52349997
हिजड़े अपवित्र होते हैं,1,0,0.9443,0.009,0.4766,True,False Negative (Missed Hate),0.5234
पाकिस्तान में शेष बचे हिन्दुओं के लिए भी कोई मानवाधिकार आयोग होना चाहिए।,0,1,0.1229,0.9237,0.5233,True,False Positive (Hallucination),0.5233
सुशांत के दोस्त अभिनेता और प्रोड्यूसर संदीप सिंह ने अपने ऊपर लगे आरोपों को बेबाकी से किया खारिज शेयर किए सुशांत के कुछ पुराने चैट्स,0,1,0.9493,0.0971,0.5232,True,False Positive (Hallucination),0.5232
जी सही कहा आपने सुअर आचार्य जी दंगाईयो का कोई धर्म नही होता अगर दंगाई विशेष समुदाय से हों पीड़ित बहुसंख्यक हो मगर पीड़ित जालीदार टोपी वाला हुआ तो दंगाईयो का धर्म भी होता हैं और अगड़ा समुदाय भी होता हैं वाह क्या कहने तेरी घटिया सोच के,0,1,0.9866,0.0598,0.5232,True,False Positive (Hallucination),0.5232
यह बात इन जाहिलों को पता है जानबूझकर करते हैं ऐसा,0,1,0.9681,0.0781,0.5231,True,False Positive (Hallucination),0.5231
these wolves look the same as white men,1,0,0.017,0.9376,0.4773,True,False Negative (Missed Hate),0.5227
मैं कई हिन्दुओं की किताबें पढता हूँ,1,0,0.0126,0.9423,0.4774,True,False Negative (Missed Hate),0.5226
mountain dew dar ki maa ki c*ut,0,1,0.0876,0.9575,0.5226,True,False Positive (Hallucination),0.5226
"जानते हो isis चीन क्यो नही जा पा रहा जानते हो चीन में क्यो पत्थरबाजी नही हो रही क्यो की चीन के आर्मी टैंक शहरों की सड़कों पे भी चलना जानती है हमारे यहां तो जज लोग रबर की गोलियों की भी इंच इंच मापातोली करने बैठ जाते है, सड़क पे टैंक उतार दे तो चड्डी बनियान में ही धरना कर देंगे",0,1,0.9792,0.0659,0.5225,True,False Positive (Hallucination),0.5225
htt loud hama grav h hindu hona par,0,1,0.0511,0.9939,0.5225,True,False Positive (Hallucination),0.5225
काश सभी पाकिस्तानियों को गले में गोली मार दी जाती,1,0,0.0072,0.9482,0.4777,True,False Negative (Missed Hate),0.5223
काश सभी समलैंगिक लोगो को गले में गोली मार दी जाती,1,0,0.0172,0.9385,0.4779,True,False Negative (Missed Hate),0.5221
तुन जैसे पाकिस्तानी चूहोंसे बढ़कर कुछ नहीं हो,1,0,0.9224,0.0335,0.4779,True,False Negative (Missed Hate),0.5221
मेरे मैं में इन बांग्लादेशियों के लिए नरफत के अलावा कुछ नहीं है,1,0,0.9285,0.0276,0.4781,True,False Negative (Missed Hate),0.5219
kitny logon say chudai karwai hay .kuty ki aulad.sari raat apna rape kara ka dosrun par bhonkti hu,0,1,0.3295,0.7138,0.5217,True,False Positive (Hallucination),0.5217
butts one men vandalism is another men laughing my ass off,0,1,0.9878,0.0555,0.5217,True,False Positive (Hallucination),0.5217
इस हरामी की सदस्यता रद्द की जाए ... कल के कल .. वरना ऐसे कमीने बहोत है ... #sanjaysingh,0,1,0.9459,0.0973,0.5216,True,False Positive (Hallucination),0.5216
बिहार के बेतिया जिले में बहुचर्चित खालिद हत्याकांड का खुलासा करते हुए पुलिस ने जिंदा खालिद सहित चार लोगों को गिरफ्तार कर लिया है विवादित जमीन को लेकर हिन्दु दंपत्ति को फसाने की साजिश थी नगर परिषद सभापति और उनके पति रोहित सिकारिया को फँसाने के लिए हत्या की झूठी साजिश रची गई।,0,1,0.9867,0.0562,0.5215,True,False Positive (Hallucination),0.5215
now is not t that stylish nothing says sick in the head like chaining yourself to a crack heads baby,0,1,0.9909,0.0519,0.5214,True,False Positive (Hallucination),0.5214
i hate laauu stories,0,1,0.0604,0.9821,0.5213,True,False Positive (Hallucination),0.5213
"रंडी मीडिया, तुम क्या सोचते हो? हिन्दू मंदिरों में तोड़ फोड़, हिन्दू घरों पर हमले की खबरें नहीं दिखाओगो तो हम हिंदुओं को पता नहीं चलेगा?",1,0,0.0189,0.9384,0.4787,True,False Negative (Missed Hate),0.52129996
sudhir barnol legao pichwade me toda aaram milega,1,0,0.0072,0.9503,0.4787,True,False Negative (Missed Hate),0.52129996
i hope your father would have wore it during their hpn3ym00* to avoid a girl ch!/d like y*u… your face looks like (0n|]o*,0,1,0.048,0.9945,0.5212,True,False Positive (Hallucination),0.5212
aunti chukar aahe,0,1,0.0586,0.9838,0.5212,True,False Positive (Hallucination),0.5212
मै बीजेपी सपोर्टर हु मगर हमारे स्टेट गुजरात मे जिस तरह से सरकार सो रही है उनको निंद मे से जागना ज्यादा आवश्यक होगा।गुजरात राज्य के ज्यादातर #road इतने बेकार है की आपको मॉनसून मे मुसाफरी करना लोहे के चने चबाने जैसा होता है। #ભાંગીનાખ્યા,0,1,0.9837,0.0583,0.521,True,False Positive (Hallucination),0.521
red circle white circle blue circle red circle white circle blue circle red circle bill clinton clintonfoundation hillary clinton rapist murderers post derogate clintoncrimes nola ny times clintonbodycount washington post usa america qanon anonymous,0,1,0.0468,0.9948,0.5208,True,False Positive (Hallucination),0.5208
800 साल मुगलो ने राज किया कोई हिन्दू खतरे में नहीं आया200 साल अंग्रेजो ( ईसाई) ने देश को लूटा कोई हिन्दू खतरे में नहीं आया 50 साल कांग्रेस और15 साल अन्य ने राज किया कोई भी हिन्दू खतरे में नहीं आया लेकिन 2014 से एक पाखंडी सत्ता में आते ही हिन्दू खतरे में आ गया है पाखंडी ही खतरा है,0,1,0.9877,0.054,0.5208,True,False Positive (Hallucination),0.5208
but we did this with chuslim in 2002,1,0,0.005,0.9536,0.4793,True,False Negative (Missed Hate),0.5207
bhen ke loro ko halala or bacche peada krne ke alawa aata hi kya h ...such a madrasachap uneducated people's,1,0,0.0047,0.9541,0.4794,True,False Negative (Missed Hate),0.52059996
5 star do nothing mountain dew dar ki ma ki ch@,0,1,0.0833,0.9578,0.5205,True,False Positive (Hallucination),0.5205
are lure anchor tum kaihna kya cha rahe ho,0,1,0.9944,0.0466,0.5205,True,False Positive (Hallucination),0.5205
kya chahiye unse hate k liye,0,1,0.1101,0.9307,0.5204,True,False Positive (Hallucination),0.5204
.dev17 तेरी मां लेके आई थी दहेज़ में land,0,1,0.0434,0.9972,0.5203,True,False Positive (Hallucination),0.5203
if only quoting rules actually correlated to a real violation of them this type of behavior is exactly why slim virgin is now an internationally notorious celebrity i applaud you for shutting down discussion and free speech regarding serious conflicts of interest you will go down with the defenders of essay as another person that is utter ably incapable of understanding the concept of free exchange of ideas a patsy if you will the best part about this is it is all logged so people for years to come can look back and remember the hand you played in this mess,0,1,0.9939,0.0465,0.5202,True,False Positive (Hallucination),0.5202
सभी हिन्दू कबाड़ हैं,1,0,0.9285,0.0313,0.4799,True,False Negative (Missed Hate),0.5201
एक मज़दूर मेट्रो का किराया भरेगा वहीँ दिल्ली की एक अमीर लड़की को किराया देने से छुटकारा मिलेगा यह कैसी नीति है अरविन्द केजरीवाल क्या आपकी मूर्खता की कोई हद नहीं है क्या सिर्फ़ फ्री का माल बाँटना ही चुनाव जीतने का तरीका है,1,0,0.0165,0.9433,0.4799,True,False Negative (Missed Hate),0.5201
you should join they only take the best rubes like you,0,1,0.9932,0.0471,0.5201,True,False Positive (Hallucination),0.5201
महिलाएं अपवित्र होती हैं,1,0,0.9423,0.0174,0.4799,True,False Negative (Missed Hate),0.5201
पाकिस्तान की जबान और घर के गद्दारों और चमचों की जबान एक क्यों होती है पाकिस्तानी क़मर चीमा भी कहता है मोदी जी को सरेंडर मोदी और गद्दार और चमचें भी यही कहते हैं। मतलब साफ यहाँ के गद्दारों को ट्रेनिंग पाकिस्तान देता है।,1,0,0.9376,0.0224,0.48,True,False Negative (Missed Hate),0.52
chaprii girl,0,1,0.9942,0.0456,0.5199,True,False Positive (Hallucination),0.5199
"जिस देश में मंदिर की कमाई,वहाँ की बैंको से ज्यादा हो तो उस देश में बेवकूफों या जाहिलों की जनसंख्या गिनना मुश्किल ही नहीं असंभव है!!",1,0,0.4088,0.5514,0.4801,True,False Negative (Missed Hate),0.51989996
mc दिल्ली मे इतना बड़ा कांड हो गया और यह साला वोट बेंक बनाने मे लग रहा है। डूब कर मर जा हरामी किसी नाली मे अगर पानी हो,0,1,0.8849,0.1547,0.5198,True,False Positive (Hallucination),0.5198
के नाविक परिवारों की मदद को आगे आए कहाकोई भूखा नहीं सोएगा,1,0,0.0064,0.954,0.4802,True,False Negative (Missed Hate),0.5198
let us talk about the antithesis of intelligence japanese people,1,0,0.0209,0.9395,0.4802,True,False Negative (Missed Hate),0.5198
"ye subha subha baba kedarnath ji ka puja karta hai or ashirwad main bhagwan se mangta hai ki hatya, sex (rape) kaise kiya jaye ..jai ho baba",1,0,0.3215,0.6392,0.4803,True,False Negative (Missed Hate),0.5197
ये पकिस्तानि हैं इनको कूड़े के साथ फ़ेंक देना चाहिए,1,0,0.0565,0.9043,0.4804,True,False Negative (Missed Hate),0.51960003
rider banna hai to highway par kana chu###iye,0,1,0.994,0.0448,0.5194,True,False Positive (Hallucination),0.5194
rt : संजय रावत के सामने नहीं झुकूगीं कंगना राणौत,1,0,0.0104,0.9507,0.4806,True,False Negative (Missed Hate),0.5194
original bhadwa…,0,1,0.9747,0.0638,0.5192,True,False Positive (Hallucination),0.5192
-23.9% जीडीपी होने के साथ ही हिन्दू खतरे से बाहर मोदी जी ने कमाल कर दिया बधाई हो सभी कट्टर हिन्दू को,1,0,0.9472,0.0144,0.4808,True,False Negative (Missed Hate),0.51919997
driver is now hql certified proving the admins are clueless morons as usual,1,0,0.9607,0.0009,0.4808,True,False Negative (Missed Hate),0.51919997
president obamas patriotic policies gave us the greatest economy deranged donald trump is destroying our country trump has begun economic wars trade wars is now lying to us to start an iran war trumpisatraitor trump lies trumpisanationalsecuritythreat impeachdonaldtrump,0,1,0.9933,0.045,0.5191,True,False Positive (Hallucination),0.5191
जानकारों का मानना है कि फ़ेस्टिवल के सीज़न में इंडिया का स्मार्टफ़ोन मार्केट वापस ट्रैक पर आ जाएगा वैसे अगस्त में एक के बाद एक फ़ोन लॉन्च होते गए सैमसंग शाओमी रीयलमी ऑनर मोटोरोला नोकिया ओप्पो और जियोनी ने अपने स्मार्टफ़ोन मार्केट में उतारे,0,1,0.0816,0.9565,0.5191,True,False Positive (Hallucination),0.5191
मुल्लो के रखेल यही हिन्दु करता तो अब तक रोड पर उतरकर विरोध करती फिर लोकतंत्र खतरे मे पड़ जाता साली हरामी,0,1,0.9911,0.0468,0.519,True,False Positive (Hallucination),0.519
pelvish ky time py kahan tha tu kendu,0,1,0.0414,0.9966,0.519,True,False Positive (Hallucination),0.519
"ये भी अजब संयोग है। एक गुजराती ने हिंदुओ की वाट लगा दी । जबकि दुसरे गुजराती ने हमे, हिंदुत्व का एहसास कराया।",1,0,0.0102,0.9521,0.4811,True,False Negative (Missed Hate),0.51890004
दिन की खोजी रिपोर्टिंग के बाद सुशांत सिंह केस की रिपोर्टिंग से रिपब्लिक मीडिया नेटवर्क को रोकने की कोशिश क्या आप कैंपेन के साथ हैं,1,0,0.0147,0.9475,0.4811,True,False Negative (Missed Hate),0.51890004
beta ram mandir ke khilaf kuchh mat bolo nahi ho hath me asla pakda denge hamara mandir ban gaya na ab tumhari aulado me itna dam nahi hai ki wo ab ram mandir ka ek it bhi ukhad de jai shree ram,1,0,0.003,0.9592,0.4811,True,False Negative (Missed Hate),0.51890004
are zattu ledies ka galat fayda mat utha tereko bhi wife hai itna yaad rakho..ledies ki respect karo or tatto nikalo,0,1,0.9941,0.0437,0.5189,True,False Positive (Hallucination),0.5189
some great signings what a slut only saying about jack self to earlier declan what a slut ace before too,0,1,0.046,0.9918,0.5189,True,False Positive (Hallucination),0.5189
yeah i know what you mean the typical twitter conversation is hardly intellectually elevating and yes there is far too much about putin s butt boy and his cult on twitter it is why i have to take breaks they make me feel like vomiting on them trumpisatraitor,0,1,0.0533,0.9845,0.5189,True,False Positive (Hallucination),0.5189
बस bsdk करवाई लियेऊ बेज्जती साले बकरीचोद,0,1,0.9872,0.0504,0.5188,True,False Positive (Hallucination),0.5188
in cent what a slut found to be homosexual he what a slut found in bed with a man by his friend,0,1,0.0554,0.9819,0.5187,True,False Positive (Hallucination),0.5187
benchood,0,1,0.9941,0.0431,0.5186,True,False Positive (Hallucination),0.5186
पाकिस्तान के सबसे बड़े शहर में बाढ़ से मुश्किलकराची में चार दिनों से बिजली गायब इमरान सरकार के नेता बोले वाटर टैंकों में सीवेज का पानी भर रहा कोई सुनवाई नहीं हो रही,0,1,0.988,0.0492,0.5186,True,False Positive (Hallucination),0.5186
"यूपी को अपराधमुक्त एवं भ्रष्टाचारमुक्त बनाने हेतु प्रयत्नशील के प्रयासों को ठेंगा दिखा द्वारा नोएडावासियों के साथ हो रही यह लूट सोचनीय,निंदनीय व सरकार के छवि को धूमिल करने वाली है अतः मामले को संज्ञान में लेकर न्यायोचित कार्यवाही करने की कृपा करें",1,0,0.0208,0.942,0.4814,True,False Negative (Missed Hate),0.5186
ने बॉलीवुड अभिनेता सुशांत सिंह राजपूत की बहन मीतू सिंह का बयान दर्ज किया जानिए किस तरह से की गई पूछताछ,1,0,0.9286,0.0341,0.4814,True,False Negative (Missed Hate),0.5186
देश ने अपने एक बेहतरीन बेटे को खो दिया है केंद्रीय मंत्री ने पूर्व राष्ट्रपति श्री प्रणब मुखर्जी के निधन पर शोक व्यक्त किया,1,0,0.9485,0.0143,0.4814,True,False Negative (Missed Hate),0.5186
और इतना जानने पर भी कुछ हमारी हिन्दू बहने को मुस्लिम लड़का के साथ भटक जाती है,0,1,0.1014,0.9356,0.5185,True,False Positive (Hallucination),0.5185
hat c hutiye,1,0,0.9257,0.0378,0.4817,True,False Negative (Missed Hate),0.5183
bahench**d,0,1,0.0963,0.94,0.5182,True,False Positive (Hallucination),0.5182
यही तो खूबसूरती है अपने देश की उधर बनारस के पंडित जी मस्जिद निर्माण के लिए सोने की ईंट दे रहे है और यहां अब्दुल बम से मंदिर उड़ाने की साजिश रच रहा था,0,1,0.989,0.0474,0.5182,True,False Positive (Hallucination),0.5182
अभी तक आरोपी लाखों लीटर ऑयल चुरा चुके हैं,0,1,0.1173,0.919,0.5181,True,False Positive (Hallucination),0.5181
काश सभी अंग्रेज़ों को गली में गले मार दी जाती,1,0,0.0197,0.9443,0.482,True,False Negative (Missed Hate),0.518
ye jis jagaa k hain 'p' waqaii koi muqaabla nahi karsakta...ye jo naa karain wo kam hai..kabhi insaan ka gosht khaatay hain to kabhi rape blah blah blah ...bohot naam roshan kya hai inho ne mulk ka...,1,0,0.3214,0.6427,0.482,True,False Negative (Missed Hate),0.518
ti is you nato a team effort nike nice pita jim reba same memo,0,1,0.994,0.0419,0.5179,True,False Positive (Hallucination),0.5179
यह किसान के लिए उतना ही फायदा मंद है जितना कि नोटबंदी थी जितना कि 24 दिन में कोरोना खत्म करने वाली बात थी इसकी नजर कृषि पर पड़ी हुई है किसान की जमीन पर किसान की फसल पर अंग्रेज के गंदे खून है भारतीय खून यह सबके अंदर नहीं अंबानी अडानी के पालतू कुत्ते हैं,1,0,0.0107,0.9535,0.4821,True,False Negative (Missed Hate),0.5179
असाधारण विवेक के धनी भारत रत्न श्री मुखर्जी के व्यक्तित्व में परंपरा और आधुनिकता का अनूठा संगम था। दशक के अपने शानदार सार्वजनिक जीवन में अनेक उच्च पदों पर आसीन रहते हुए भी वे सदैव जमीन से जुड़े रहे। अपने सौम्य और मिलनसार स्वभाव के कारण राजनीतिक क्षेत्र में वे सर्वप्रिय थे।,1,0,0.0228,0.9414,0.4821,True,False Negative (Missed Hate),0.5179
gravity be like -: pakar pakar madharc**d ko,1,0,0.0135,0.9507,0.4821,True,False Negative (Missed Hate),0.5179
he is a fucking creep,0,1,0.0467,0.9889,0.5178,True,False Positive (Hallucination),0.5178
कात्यायनी मंत्र माननीय प्रधानमंत्री श्री नरेंद्र मोदी द्वारा गाया गया जो देश के लिए शक्ति का आह्वान कर रहे है कभी नहीं सोचा था की प्रधानमंत्री की प्रभावशाली आवाज़ होगीअविश्वसनीय,1,0,0.0235,0.9411,0.4823,True,False Negative (Missed Hate),0.51769996
"हिंदुओं की समस्या का मूल कारन हिन्दुओं का चुप रहना है, उसको बुरा लगेगा !!! वो तुमको कुछ भी बोले चुप !!! ये ही समस्या है ????",1,0,0.0264,0.9383,0.4824,True,False Negative (Missed Hate),0.5176
gravity ma chudane gayi,1,0,0.939,0.0258,0.4824,True,False Negative (Missed Hate),0.5176
मेरी राय में आप जैसे हिन्दू मरने के लायक हैं,1,0,0.0319,0.9331,0.4825,True,False Negative (Missed Hate),0.51750004
मोदीजी और जब सारा देश सेना के साथ खडी है पर दो सयाने विदेश मे पडे है इसलिए बोलते हैं विदेशी मां का बेटा कभी देशभक्त नहीं हो सकता,0,1,0.9789,0.0561,0.5175,True,False Positive (Hallucination),0.5175
तुम कुत्ते की डुंग हो,0,1,0.0781,0.9569,0.5175,True,False Positive (Hallucination),0.5175
यूएस ओपन में भारत को कामयाबी सुमित नागल पहली बार दूसरे राउंड तक पहुंचे अमेरिका के ब्रेडली क्लान को हराया अगला मैच वर्ल्ड नंबर डोमिनिक थिएम से,0,1,0.9867,0.0484,0.5175,True,False Positive (Hallucination),0.5175
i wait and boomers are out,1,0,0.0179,0.9474,0.4826,True,False Negative (Missed Hate),0.5174
मैं हर मुसलमान की जिंदगी ख़तम कर दूंगा,1,0,0.0125,0.9531,0.4828,True,False Negative (Missed Hate),0.5172
हिन्दू एक वायरस होते हैं,1,0,0.015,0.9505,0.4828,True,False Negative (Missed Hate),0.5172
in africa it is traditional to have lots of children and they bring that with them to europe,0,1,0.9839,0.0503,0.5171,True,False Positive (Hallucination),0.5171
tomorrow is birthday lets celebrate as fuck trump,1,0,0.9393,0.0265,0.4829,True,False Negative (Missed Hate),0.5171
नवाज़ ने अपने नेक्स्ट प्रोजेक्ट की अनाउंसमेंट के साथ साल पुराना एक किस्सा शेयर किया है वो बता रहे हैं कि किस तरह उन्होंने सुधीर मिश्रा से मिलने की कोशिश की थी दिनभर इंतजार किया था मगर उनसे मिल नहीं पाए थे,1,0,0.0188,0.947,0.4829,True,False Negative (Missed Hate),0.5171
enhi fans ne sabhi ko srk se hate karne pe majboor kar diya,1,0,0.0066,0.9595,0.483,True,False Negative (Missed Hate),0.51699996
he chyutya ahe,1,0,0.0029,0.963,0.483,True,False Negative (Missed Hate),0.51699996
tum dono ki ma ki chuuu,1,0,0.9393,0.0267,0.483,True,False Negative (Missed Hate),0.51699996
करोड़ अल्पसंख्यक कैसे सारा विश्व में दंगा कर के शांतिदूत कैसे बंद करो ये तमाशा निर्दयताविनाश का दूसरा नाम है,0,1,0.0681,0.9657,0.5169,True,False Positive (Hallucination),0.5169
मुंबई एयरपोर्ट में हिस्सेदारी खरीदेगा अडाणी ग्रुप नंबर कंपनी बनने की ओर कदम,1,0,0.0187,0.9476,0.4832,True,False Negative (Missed Hate),0.5168
pm to bane do bhs**dk walo,1,0,0.0058,0.9608,0.4833,True,False Negative (Missed Hate),0.5167
पैंगोंग लेक में चीनी सैनिकों को खदेड़े जाने के बाद भड़का ड्रैगन । भारत को सबक सिखाने की धमकी,0,1,0.9827,0.0507,0.5167,True,False Positive (Hallucination),0.5167
एक्शन की दुनिया में अर्जुन रेड्डी की वापसी डियर कॉमरेड का धमाकेदार ट्रेलर रिलीज,1,0,0.0393,0.9278,0.4835,True,False Negative (Missed Hate),0.5165
"उन्नाव रेप कांड के दोषी bjp mla कुलदीप सिंह सेंगर को हाईकोर्ट से मिली जमानत,अब सवाल यह उठता है कि जिस जज ने जमानत दिया है,अगर पीड़िता उसी जज की बेटी होती तो भी वह जज जमानत दे देता क्या? इस हैवान ने पीड़िता के पूरे खानदान को मार डाला फिर भी उस जज को तरस नहीं आया जिसने जमानत दे दी",0,1,0.0939,0.9389,0.5164,True,False Positive (Hallucination),0.5164
what does the argument for not including mozilla because someone simply does not want her included too bad it s all over internet and this is a free encyclopedia whatever do not censor articles right lilithborne you submissive fag,0,1,0.0464,0.9862,0.5163,True,False Positive (Hallucination),0.5163
जम्मूकश्मीर भारत का अभिन्न अंग था है और रहेगा। भारत इस राज्य के हिस्सों जम्मू कश्मीर और लद्दाख के समान और तीव्र विकास के एजेंडे को लागू करेगी। भाजपा अनुच्छेद को हटाने के लिए प्रतिबद्ध रहेगी। भाजपा चुनावी घोषणा पत्र,1,0,0.0202,0.9472,0.4837,True,False Negative (Missed Hate),0.51629996
you have made your point freaking heck what do you want me to do huh i have explained why i changed mold to mold i have made a username now leave me alone already what is your problem,1,0,0.0243,0.9431,0.4837,True,False Negative (Missed Hate),0.51629996
"चंद हजार की मोबाइल चोरी का इल्ज़ाम लगाकर मुसलमान की जान लेली देश का करोड़ों लेकर इनके जीजा विदेश भाग गये ये साले तालीयां बजाते रहे,,,,",0,1,0.9883,0.0441,0.5162,True,False Positive (Hallucination),0.5162
योगी सरकार ने पहली ही बैठक में लाख किसानों का कर्ज माफ किया गया। योगी सरकार ने पहली ही बैठक में लाख किसानों का कर्ज माफ किया गया।,1,0,0.0109,0.957,0.4839,True,False Negative (Missed Hate),0.5161
disagree one recollect the idea be unintelligent one article be astir the former championships the other article be astir the current friend it makes no sense kepp it like it is,1,0,0.9661,0.0022,0.4841,True,False Negative (Missed Hate),0.5159
hichya aaicha tanna,1,0,0.0395,0.9287,0.4841,True,False Negative (Missed Hate),0.5159
उत्तरा नक्षत्र आरहा हैं कूतिया बावरा गई है,1,0,0.9626,0.0056,0.4841,True,False Negative (Missed Hate),0.5159
bhoot,1,0,0.0037,0.9649,0.4843,True,False Negative (Missed Hate),0.5157
बारिश और बाढ़ की स्थिति की संक्षिप्त जानकारी विवरण,1,0,0.007,0.9615,0.4843,True,False Negative (Missed Hate),0.5157
2/ vaise tumhare yaha to kidnap = rape hota hai na....,0,1,0.9578,0.0733,0.5156,True,False Positive (Hallucination),0.5156
retweet does this mean i am not getting my thin mints blacks in indianapolis create conditions where year old sinai http,0,1,0.9933,0.0376,0.5154,True,False Positive (Hallucination),0.5154
स्पष्ट रूप से पाकिस्तानी हमारे बराबर नहीं हैं,1,0,0.0253,0.9438,0.4846,True,False Negative (Missed Hate),0.5154
#templeterrorattack म्हारी छोरी क्या जिहादियों से कम है। :- सुअर।,1,0,0.0522,0.9172,0.4847,True,False Negative (Missed Hate),0.51530004
पुलिस द्वारा चालान काटने पर मुसलमानो ने उनकी पिटाई की । जो कानून को चुनौती है । यह विडियो बताता है कि आगे हिन्दुस्तान मे क्या क्या होगा। कौन देश चलायेगा । और सबका भविष्य क्या होगा कडवा सच यह है कि देश को बाहर से ज्यादा अन्दर से बहुत ज्यादा खतरा है,0,1,0.8236,0.2071,0.5153,True,False Positive (Hallucination),0.5153
आप जैसे समलैंगिक लोगो का बलात्कार करना गैरकानूनी नहीं होना चाहिए,1,0,0.0756,0.8941,0.4848,True,False Negative (Missed Hate),0.5152
lav*e pr mere,0,1,0.0607,0.9696,0.5151,True,False Positive (Hallucination),0.5151
"कार्टून एक लोकप्रिय स्पाइडरमैन-केंद्रित मीम का पुनरावृत्ति है, जो कि प्रधान मंत्री नरेंद्र मोदी को अकेले ही भारत को विपक्ष से और विदेशी ताकतों से बचाते हुए दिखाता है।",0,1,0.0957,0.9346,0.5151,True,False Positive (Hallucination),0.5151
अगले साल की शुरुआत में चंद्रयान भेजने की तैयारी इस बार होंगे बड़े बदलाव,1,0,0.9505,0.0193,0.4849,True,False Negative (Missed Hate),0.5151
पुलिस के पास लाठियां भी होती है पुलिस के पास आपातकाल में राइफल भी होती है गोली चलाने के लिए लेकिन पुलिस खुद साधुओं को धक्का दे रही थीपुलिस ने एक बार भी भीड़ का विरोध नहीं कियापूरी साजिश के तहत मारा गया है साधुओं को इन लोगों की सजा फांसी होनी चाहिए,0,1,0.9867,0.0433,0.515,True,False Positive (Hallucination),0.515
i will love to see of a woman keeping the house healthy and keeping quiet,1,0,0.9633,0.0071,0.4852,True,False Negative (Missed Hate),0.5148
मुझे फोन की गई धमकी दी गई बच्चे को जान से मारने तक की मैं डरती नहीं मैं आप लोगों को सूचित की गरीब हूं कमजोर नहीं जिस दिन हमला हो गई मुझ पर मोदी के बाप भी उसे नहीं बचा पाएगी मैं किसी के सहारे जिंदा नहीं रहती हां मुझे झूठे आरोप में जेल भेज सकता है हमला करने की औकात नहीं उसे पता है,1,0,0.896,0.0754,0.4857,True,False Negative (Missed Hate),0.5143
this city is filled with all kinds of plagues rats cockroaches kurryhds,1,0,0.9679,0.0037,0.4858,True,False Negative (Missed Hate),0.5142
would you like to be called a curry muncher then stop using that fucking it means cool a k a,0,1,0.0861,0.9423,0.5142,True,False Positive (Hallucination),0.5142
madarch**d,0,1,0.9402,0.0879,0.5141,True,False Positive (Hallucination),0.5141
केबल आधुनिक हॉरर मूवीज ही हिंसक और क्रूर हैं,0,1,0.9796,0.0486,0.5141,True,False Positive (Hallucination),0.5141
मैं तो कहता हूं सरकार कह रही है कि हमसे नहीं हो रहा है इसे भारतीय जनता पर छोड़ दें बाकी देख लेंगे कि कैसे जवाब देना है बकवास पाकिस्तान,0,1,0.9836,0.0446,0.5141,True,False Positive (Hallucination),0.5141
भड़वे की पैदाइस साले कौन सियासत कर रहा है दल्ले सुअर की औलाद अभी किसी मस्जिद को तोड़ा गया होता अब रण्डी रोना कर दिए होते भड़वों तुम लोग,0,1,0.988,0.0402,0.5141,True,False Positive (Hallucination),0.5141
"goli maaro inhe seedhe , asli deshdrohi yhi hai",1,0,0.0086,0.9631,0.4859,True,False Negative (Missed Hate),0.51409996
fucking poofs that are running everywhere,1,0,0.9597,0.0122,0.486,True,False Negative (Missed Hate),0.514
दिल्ली पुलिस दंगाईयों को पार्षद ताहिर हुसेन के घर के छत पर चढ़ने के लिये सीढ़ी लगाते हुए ताकि पैट्रोल बॉम्बगुलेलस्टोन रख कर उसे फंसाया जा सके,1,0,0.019,0.953,0.486,True,False Negative (Missed Hate),0.514
delete fred bosch now i want my work removed now,1,0,0.9704,0.0015,0.486,True,False Negative (Missed Hate),0.514
"jao re rathi lo re dogla sudhanshu ji tere ga.,**d me thuk diya",1,0,0.0155,0.9565,0.486,True,False Negative (Missed Hate),0.514
इन जैसे आतंकवादियों पर आखिर देशद्रोह का मुकदमा क्यों नहीं हो रहा है? ये हैं हिन्दू महासभा की राष्ट्रीय महासचिव पूजा शकुन पाण्डे खुले आम राष्ट्रपिता पर गोली चला रहीं हैं!.,0,1,0.1083,0.9197,0.514,True,False Positive (Hallucination),0.514
ese aatu jat*u dhruv ko breakfast ne kha jayega bhai yee,1,0,0.9716,0.0007,0.4861,True,False Negative (Missed Hate),0.51390004
the primary problem with wikipedia are the non diplomatic ight makes right mods and administrators like you,0,1,0.9928,0.0348,0.5138,True,False Positive (Hallucination),0.5138
यह सिर्फ मुस्लिम महिलाएं हैं आप ऐसा बात मत कियाकीजिए,0,1,0.964,0.0636,0.5138,True,False Positive (Hallucination),0.5138
govorim oh homophobia by the way,0,1,0.0353,0.992,0.5137,True,False Positive (Hallucination),0.5137
यात्रियों के लिए अच्छी खबररेलवे अनलॉक में जल्द ही और ट्रेनें चलाने की तैयारी कर रहा मौजूदा समय में स्पेशल ट्रेनें चलाई जा रहीं,0,1,0.0833,0.9441,0.5137,True,False Positive (Hallucination),0.5137
yaar ab khujliwal k muffler ko dekh mujhe muffler s nafrat ho gyi hai,1,0,0.0143,0.9583,0.4863,True,False Negative (Missed Hate),0.5137
तुम बिलकुल व् झेल ने लायक नहीं हो,0,1,0.9807,0.0467,0.5137,True,False Positive (Hallucination),0.5137
"मानसिक विकृत महिला पैदा भी टॉयलेट में हुई होगी, इसलिए विशेष प्रेम है टॉयलेट से। इसे तुरंत मनोचिकित्सक से इलाज करवाने के लिए भेजा जाय। #arrestsushmitasinhaa",0,1,0.9893,0.0379,0.5136,True,False Positive (Hallucination),0.5136
यूपीः शुभम हत्याकांड का खुलासा मौसा ने रची थी अपहरण की साजिश फिरौती न मिलने पर कर दी हत्या,1,0,0.0677,0.9051,0.4864,True,False Negative (Missed Hate),0.5136
वास्तविक जीवन उत्परिवर्ती आइश घोष से मिलिए वह महिला जो किसी भी सामान्य इंसान की तुलना में जल्दी ठीक हो जाती है।,1,0,0.0254,0.9477,0.4866,True,False Negative (Missed Hate),0.51339996
केंद्र शासित प्रदेश लद्दाख के मा उपराज्यपाल श्री राधा कृष्ण माथुर जी से आज शिष्टाचार भेंट हुईं। लद्दाख हमारे देश का एक अभिन्न अंग है और लद्दाख के राज्य बन जाने के बाद वहां श्री माथुर जी के कुशल नेतृत्व में विकास और समृद्धि के नए आयाम निरंतर गढ़े जा रहे हैं।,1,0,0.0112,0.9623,0.4867,True,False Negative (Missed Hate),0.5133
"sarkaar ko puchkar to ye maamle nahin hote. ye to aadikaalon se hote rahe hain. ye hai ki kabhi kam kabhi zyada hue hain. jaise jaise social activities aur jansankhya badhti jaa rahi hai, us tarah ki ghatnayein badhti jaa rahi hain: rk saini, on rape in #haryanapic.twitter.com/zrgvjpu1cc",1,0,0.0525,0.9211,0.4868,True,False Negative (Missed Hate),0.51320004
isko ganderia ho gaya,0,1,0.0432,0.9833,0.5132,True,False Positive (Hallucination),0.5132
"jo veerangana nahin raheee uskein liyeh johar karna chhatein ho aur ji veer aurtein rape ho rahee hain, co zinda gain unkey liyeh kuch karro …",0,1,0.321,0.705,0.513,True,False Positive (Hallucination),0.513
gandii,1,0,0.9701,0.004,0.487,True,False Negative (Missed Hate),0.513
get a life find something better to do,0,1,0.044,0.9818,0.5129,True,False Positive (Hallucination),0.5129
"माशाल्लाह!! स्वीडन में मुस्लिमों ने 'ह्यूमन चैन' बनाई ताकि स्वीडिश चर्चों और यहूदी उपासनागृह को भीड़ के हमले से बचाया जा सके | इसलिए मुस्लिम शरणार्थी किसी अन्य शरणार्थियों से बेहतर हैं | आपने कभी किसी क्रिस्चियन, यहूदी या हिन्दू को देखा है मस्जिद बचाते हुए? नहीं, क्योंकि इस्लाम ही दुनिया में एकमात्र शांतिप्रिय धर्म है और दुनिया कभी शांत नहीं रह सकती तब तक जब तक पूरी दुनिया इस्लाम न अपना ले |",1,0,0.9688,0.0054,0.4871,True,False Negative (Missed Hate),0.5129
आप मुझसे लिख कर ले लीजिए देश की अर्थव्यवस्था और बर्बाद होगी देश की अर्थव्यवस्था इससे नहीं संभाल पाएगी इसने 80%भारत के नागरिक यानी 100 करोड़ को लूट कर कंगाल बना दी यह सारे पैसा अडानी अंबानी के झोली में डाल दी लोगों के पास खरीदारी करने की क्षमता नहीं रही 100 करोड़ के पास,1,0,0.0621,0.9122,0.4872,True,False Negative (Missed Hate),0.5128
pop off change your depends on crybaby,1,0,0.9708,0.0036,0.4872,True,False Negative (Missed Hate),0.5128
"ये साले संसद क्या पहुँच जाते हैं, सब चीजों को अपने बाप की जागीर समझने लगते हैं , और सही में इन्हे कुछ दिनों के लिए निकाल देना चाहिए ऐसी हरकतो पर",0,1,0.9903,0.0354,0.5128,True,False Positive (Hallucination),0.5128
"deshdrohi khalistani muradabad, modi ji jindabad, bharat mata ki jai",1,0,0.1146,0.8598,0.4872,True,False Negative (Missed Hate),0.5128
economically deprived that s taking pc to far i am changing to poor,0,1,0.9933,0.0321,0.5127,True,False Positive (Hallucination),0.5127
bacchi chodne vale prophet k pille islam matlab bhadwe aur terrorism gandu k bacche,1,0,0.9383,0.0362,0.4873,True,False Negative (Missed Hate),0.51269996
i hate the smell off it when,1,0,0.0164,0.9585,0.4875,True,False Negative (Missed Hate),0.5125
"फतवा मदद करना हराम है। स्वीडन नामक मुल्क में ठंड अधिक होती है और हम मुस्लिम बस सभी की मदद करना चाहते है ,तो हमारे कुछ कोमी भाईयो ने ठंड भगाने के लिए थोड़ी सी आग क्या जला दी,तुम काफिर तो हमे बदनाम करने पर तुल गए।अरे काफिरों और कितना नीचे गिरोगे।#स्वीडन_दंगे",1,0,0.0224,0.9531,0.4877,True,False Negative (Missed Hate),0.5123
अ स भ्य होना अंग्रेज़ों के स्वाभाव में हैं,1,0,0.014,0.9615,0.4877,True,False Negative (Missed Hate),0.5123
"जिनको आप वाॅलीवुड का हीरो हिरोइन समझते हैं, दरअसल वो सभी हरामखोर छक्के हैं किसी एक ने भी कंगना के समर्थन में मुंह नहीं खोला।",1,0,0.0318,0.9438,0.4878,True,False Negative (Missed Hate),0.5122
दिशा सालियान की हत्या के बाद ही रिया सुशांत से अलग क्यों हुईं मनोज तिवारी,0,1,0.9853,0.0391,0.5122,True,False Positive (Hallucination),0.5122
heyy bhagwann in behenchodo ka kuch karo,1,0,0.0038,0.9719,0.4879,True,False Negative (Missed Hate),0.5121
"mountain dew ""bhoyar maa ra chudii""",0,1,0.0371,0.9871,0.5121,True,False Positive (Hallucination),0.5121
तभी तुम लोग अपनी मा चुदाने आते है भारत में साले भुक्के नग्गे साले नेपाल एक भिक महंगे का देश है तेरे बाप चाइना ने सारा नेपाल को कब्जा कर चुका है और तेरे जैसे चुतिय खाली भारत दिखता है,0,1,0.9849,0.0393,0.5121,True,False Positive (Hallucination),0.5121
भारत ने पिछले घंटों में रिकवरी ठीक होने की दर दर्ज की जबकि नए मामले दर्ज किए गए पिछले घंटों में मौतें रिपोर्ट की गईं,1,0,0.9375,0.0386,0.4881,True,False Negative (Missed Hate),0.5119
देखो हिन्दुत्व का असली चेहरा हिन्दुत्व पुलिस ने शांतिपूर्ण प्रदर्शनकारियों पर हमला किया। एक व्यक्ति पुलिस हिंसा से बेहोश हो गया था और हिंदुत्व पुलिस अभी भी बेहोश व्यक्ति की पिटाई कर रही है।,1,0,0.0316,0.9446,0.4881,True,False Negative (Missed Hate),0.5119
के खिलाफ सिर्फ वही बोल सकता है जिसने के वास्तविक जंगल राज का अनुभव ना किया हो,1,0,0.0057,0.9705,0.4881,True,False Negative (Missed Hate),0.5119
i even hate all the gardening tools especially by women,1,0,0.969,0.0077,0.4883,True,False Negative (Missed Hate),0.51170003
उन मुसलमानों को उनके कामों के लिए इनाम देना चाहिए,0,1,0.0751,0.9484,0.5117,True,False Positive (Hallucination),0.5117
बांग्लादेशी महान हैं,1,0,0.7165,0.2604,0.4884,True,False Negative (Missed Hate),0.5116
हमने नए एप मौसम दामिनी और रेन अलार्म लॉन्च किए मौसम विभाग,1,0,0.0136,0.9632,0.4884,True,False Negative (Missed Hate),0.5116
को और प्रोत्साहन भारतीय सेना को पिनाका रेजिमेंटों की आपूर्ति के लिए रक्षा मंत्रालय ने भारतीय कंपनियों के साथ करोड़ रुपये मूल्य के अनुबंधों पर हस्ताक्षर किये विवरण,0,1,0.0595,0.9637,0.5116,True,False Positive (Hallucination),0.5116
hatred anime i detest anime,1,0,0.9735,0.0036,0.4885,True,False Negative (Missed Hate),0.5115
gravity ki ma ka... b***sdk,0,1,0.0383,0.9845,0.5114,True,False Positive (Hallucination),0.5114
ye l****d wali aurt h iske khandan m bi sb aise hi h,1,0,0.9637,0.0134,0.4886,True,False Negative (Missed Hate),0.5114
bcbcbcbcbcbcb,0,1,0.042,0.9808,0.5114,True,False Positive (Hallucination),0.5114
retweet literally every single approach road or track or open field to mosul is covered by peshmerga outposts now,1,0,0.0036,0.9736,0.4886,True,False Negative (Missed Hate),0.5114
हर वर्ष से लेकर सितंबर के बीच नेशनल न्यूट्रीशन वीक के रूप में मनाया जाता है,0,1,0.9731,0.0495,0.5113,True,False Positive (Hallucination),0.5113
चीन मतलब दिन के उजाले में शांति की बात और आधी रात को विश्वासघात,1,0,0.0368,0.9406,0.4887,True,False Negative (Missed Hate),0.51129997
यही बोलेंगे की कुछ करवाई भी करेंगे इन हरामी के ऊपर,1,0,0.0097,0.9679,0.4888,True,False Negative (Missed Hate),0.5112
definition of bahenchod,1,0,0.0059,0.9719,0.4889,True,False Negative (Missed Hate),0.5111
"sarkaar ko puchkar to ye maamle nahin hote. ye to aadikaalon se hote rahe hain. ye hai ki kabhi kam kabhi zyada hue hain. jaise jaise social activities aur jansankhya badhti jaa rahi hai, us tarah ki ghatnayein badhti jaa rahi hain: rk saini, bjp on rape incidents in #haryanapic.twitter.com/5sdkycxhi3",1,0,0.0509,0.9274,0.4891,True,False Negative (Missed Hate),0.5109
madarchid नेहरू,1,0,0.9737,0.0046,0.4891,True,False Negative (Missed Hate),0.5109
भारत के प्रधानमंत्री श्री नरेन्द्र मोदी जी कुम्भ मेले मे डूबकी लगाते हुए..,0,1,0.9874,0.0342,0.5108,True,False Positive (Hallucination),0.5108
up ke hindu hijjade hai,0,1,0.0262,0.9955,0.5108,True,False Positive (Hallucination),0.5108
as new immigrants my parents were very strict about where whatever could go on our own loved the mummies and grand army plaza close to home whatever went every week,0,1,0.9942,0.0274,0.5108,True,False Positive (Hallucination),0.5108
dar ke make ch,0,1,0.0601,0.9615,0.5108,True,False Positive (Hallucination),0.5108
भारत का मिडिया हिन्दू विरोधी है सुअर मीडिया का वहिष्कार करे मीडिया वालों जहाँ तुम्हारे दफ्तर है वहाँ से चाँदनी चौक कितना दूर है चाँदनी चौक से प्रधानमंत्री आफिस कितना दूर है हो गया छल में छेद कि और भी कुछ वाकी है गद्दार मीडिया,0,1,0.8994,0.1222,0.5108,True,False Positive (Hallucination),0.5108
यही चारों बालीवुड की लड़कियां है जिनको #कठुआ रेप कांड पर हिन्दू होने में शर्म आ रहीं थीं अब #ट्विंकल_शर्मा के रेप कांड पर कहाँ मर गईं बाहर निकलो #justicefortwinklesharma #justiceforgudiya,1,0,0.015,0.9635,0.4893,True,False Negative (Missed Hate),0.5107
अरै ओ ढोंगी पाखंडी ठग गिरोह के आशाराम पता नहीं तुम्हारे खिलाफ कितने केस चल रहे होगे अदालतो मे खुद को भगवान घोषित मत करो भडवा है तू समझा दो टके लफगा है मै तो इज्जत से बात कर रही थी यह भडवा खुद को भगवान घोषित करने लगा है तेरी औकात क्या है रे तू एक ढोंगी पाखंडी ठग है समझा संघी खटमल,0,1,0.991,0.0304,0.5107,True,False Positive (Hallucination),0.5107
सभी महिलाऐं कबाड़है,0,1,0.9815,0.0398,0.5107,True,False Positive (Hallucination),0.5107
bruh ... yeh nhi h humara culture ... behen beti ? .. this is not islam .. islam do allow marriage with cousins ( very far away relatives ) but not your own sister chill that's our blood we can't even think of that shit,0,1,0.9889,0.0323,0.5106,True,False Positive (Hallucination),0.5106
thoda ganja kam phooka karo. tum jaahil aur tumhare gyan whatsapp university se mila hai. this is the reason why education is very important.,1,0,0.0042,0.9745,0.4894,True,False Negative (Missed Hate),0.5106
"rt : किसी गधे को अग़र खूंटे से बांधा जाए,और उसका मूड खराब हो,तो वह खूंटे को उखाड़ते हुए भाग सकता है!ऐसा न हो इसलिए पुराने ज…",0,1,0.0791,0.9421,0.5106,True,False Positive (Hallucination),0.5106
believe ratheebkl rathee,0,1,0.0298,0.9914,0.5106,True,False Positive (Hallucination),0.5106
ugh now there are numerous influencer club accounts i can follow have been gifting things something like this recently if they have been however gifted for their upgrade upgrade and did not pay it forward by gifting the donna to fund someone in need then they really are the living scum section of the earth at this point they are just as bad as the pikeys,1,0,0.0058,0.9731,0.4894,True,False Negative (Missed Hate),0.5106
पूर्व राष्ट्रपति प्रणब मुखर्जी के निधन से पूरा देश शोक में डूबा पीएम नरेंद्र मोदी,0,1,0.9856,0.0353,0.5105,True,False Positive (Hallucination),0.5105
आज की पॉजिटिव खबर देसी ट्विटर कू की कहानी ये अंग्रेजी नहीं जानने वालों का प्लेटफॉर्म इसे बनाने वाले कभी देश की बड़ी कैब सर्विस के मालिक थे,1,0,0.0242,0.9548,0.4895,True,False Negative (Missed Hate),0.5105
new i award well done style solid gray background color row align row style size x large padding vertical align middle height the iamthecoinman you are really fucking annoying again and you are good at anti vandalism barn rock star style align middle border top solid gray i award you the iamthecoinman you are really annoying and you definitely are good at anti serious vandalism barn star for your multiple prompt this reverts it to my joke protecting the wiki is not important and not an unimportant task under occupation that is protecting other wikipedia your efforts are much not appreciated i hope someone cuts of your hands,1,0,0.0048,0.9744,0.4896,True,False Negative (Missed Hate),0.5104
cairo coons are not friendly,1,0,0.0126,0.9666,0.4896,True,False Negative (Missed Hate),0.5104
not happy he am not that fairy boy,1,0,0.0053,0.9739,0.4896,True,False Negative (Missed Hate),0.5104
rt : आज का ज्ञान फिल्मी दुनिया के हिसाब से अगर कंगना राणावत झांसी की रानी है तो इस हिसाब से तो अनुपम खेर भी बलात्कारी और हत्या…,0,1,0.0846,0.936,0.5103,True,False Positive (Hallucination),0.5103
you are asking for secondary and tertiary source explaining why these primary sources are encyclopedic i am not going to entertain you on this because you already demonstrated ill will by demanding sources and subsequently claiming these sources are somehow a copyright violation you are engaged in a stupid biz non in improving wikipedia the importance of the quotes by doris day the most popular screen and stage presence throughout much of the hundred and harry s truman two term us president do non require an explanation of relevance or if you had sincerely sought such then you would have surely question why the paragraph on some use of a empurpled cow to sell ice cream s at all relevant and then if it is why it matters colin powell and queen beatrix got this sort of ice cream for free you are arguing from a standpoint of absolute weakness now go away,1,0,0.0051,0.9745,0.4898,True,False Negative (Missed Hate),0.5102
laudaaaa bike wala,0,1,0.0234,0.9969,0.5101,True,False Positive (Hallucination),0.5101
pooh ooh nice yacht why rename it from ghislaine to money o.k. though what a slut maxwell an half wit as well as a crook,1,0,0.9785,0.0013,0.4899,True,False Negative (Missed Hate),0.5101
गुंडा है कमीना,0,1,0.9797,0.0404,0.51,True,False Positive (Hallucination),0.51
anyone who says that gypsies are unclean is lying,0,1,0.993,0.027,0.51,True,False Positive (Hallucination),0.51
"मित्रों, मजहब नहीं सिखाता,. आपस में बैर रखना,, अच्छा, तो नमाजी और काफिर में अंतर कौन सिखाता है भाई,... सीख -उर्दू के शब्द अच्छे तो लगते हैं, पर ये होते झूठे व मक्कार हैं, जुमलों में और यथार्थ में अंतर होता है..",1,0,0.9733,0.0072,0.4902,True,False Negative (Missed Hate),0.50979996
trump be big nance,1,0,0.9681,0.0122,0.4902,True,False Negative (Missed Hate),0.50979996
क्या कोई मौलवि फतवा निकलेगा???? अब लगता है इस्लाम खतरे मै नहीं आयेगा क्यू की तैमूर के अब्बा कि बेटी का नाम है ना इसमें,1,0,0.1033,0.877,0.4902,True,False Negative (Missed Hate),0.50979996
it s not after innings for india a her k off i am sure a you che bag like you remember the priceless he scored in innings of the test match that won for india against south africa and tons of such innings at the level but i guess di ck heads like you are on a shi t pile diet to any of it think twice before opening the drainage pipe that is your mouth los er,1,0,0.0091,0.9715,0.4903,True,False Negative (Missed Hate),0.5097
1 molesno 1 sve,1,0,0.0064,0.9742,0.4903,True,False Negative (Missed Hate),0.5097
tum hmlog ka mandir chin kar mahajid bnai wo sahi h kya ? to hmlog v le liye .....pgl aaurat suno dhusman kisko boli re utha ke patak dege dm dushman to tumlog ho bebakoof aaurat jai shree ram,0,1,0.992,0.0275,0.5097,True,False Positive (Hallucination),0.5097
shamanic fantastic planning in creating fixtures for england matches look at the weather predictions for indo pak and engvsafg same venue but different days with different weather to be expected icc just directly hand over the trophy to england dan playing like this,1,0,0.0065,0.9743,0.4904,True,False Negative (Missed Hate),0.50960004
budhe wahi toh madarasa me quran padhake terrorists bante h aur ham ssvm se padhke khali sickularvando ko hate karte h..,0,1,0.9862,0.0329,0.5096,True,False Positive (Hallucination),0.5096
satan satan satan satan rock music,1,0,0.0038,0.9771,0.4905,True,False Negative (Missed Hate),0.5095
well if the tartan a sometime student publication of cmu that what a slut disbanded for a year after publishing racist cartoons and spoofs is the source of your information not the two major dailies in town then you are on to something brilliant expose editors,0,1,0.9204,0.0985,0.5095,True,False Positive (Hallucination),0.5095
कमिनी कांग्रेस इस किसान के लिये जादा परेशान हे link,0,1,0.0261,0.9929,0.5095,True,False Positive (Hallucination),0.5095
canada premier pm justin wen spends billions on undocumented migrants cuts made to the campaign speech title,1,0,0.006,0.9751,0.4906,True,False Negative (Missed Hate),0.5094
100 करोड़ हिंदूओं को 15 मिनट में काटने बात करने वालों आप ही चीन को गलवान से भगाकर चीन में उइगर मुस्लिम लोगों पर हो रहे अत्याचार का बदला लेने का दम दिखाये. फिर हमें देश मे मुस्लिम भाईयों से कोई आपत्ती नही,1,0,0.0274,0.9538,0.4906,True,False Negative (Missed Hate),0.5094
"हिंदुओं के “साम्राज्य” में हिंदुओं का पलायन, सारे “छत्रप” कहाँ हैं,अगर सपा बसपा या “कांग्रेस” की सरकार होती,तो अभी तक पूरी सरकार को हिंदू “विरोधी” घोषित कर दिया जाता.",1,0,0.0187,0.9625,0.4906,True,False Negative (Missed Hate),0.5094
मैं कल एक महिला का बलात्कार करूंगा,1,0,0.9627,0.0185,0.4906,True,False Negative (Missed Hate),0.5094
if you think being queer is a sin then you are so fucking wrong,0,1,0.9714,0.0472,0.5093,True,False Positive (Hallucination),0.5093
रोजगार दे बकवास नहीं तुमने भारत के 80 परसेंट नागरिक को गरीब बनाकर लाइन में खड़ा करके छोरी है तुम्हें सजा मिलनी चाहिए तुम्हें इस्तीफा देनी चाहिए तू प्रधानमंत्री के लायक नहीं,1,0,0.0309,0.9506,0.4907,True,False Negative (Missed Hate),0.5093
अनलॉक के तहत गोवा में मंगलवार से रेस्टोरेंट और बार दोबारा खुल गए गोवा होटल और रेस्टोरेंट संगठन ने सरकार के इस कदम का स्वागत करते हुए कहा कि उन्हें उम्मीद है कि नवंबर दिसंबर में पर्यटन उद्योग दोबारा वापस लौटेगा,1,0,0.0122,0.9695,0.4908,True,False Negative (Missed Hate),0.5092
mountain dew derki maki****.....…,0,1,0.9849,0.0332,0.5091,True,False Positive (Hallucination),0.5091
rach still has a fat neck so it definitely does not work at least not when you shovel shit down your gob and slosh wine like a wino,0,1,0.0261,0.9922,0.5091,True,False Positive (Hallucination),0.5091
abe tu thoda se bh*** sentence pura karo guys,1,0,0.0061,0.9757,0.4909,True,False Negative (Missed Hate),0.50909996
"jis din padmavati ka virodh ho raha tha us dauran india me 10 se zada rape cases aaye hain unme 6 mahine bachiyon k bhi h, is par kisine virodh kyu nhi kiya. jis par virodh krna chahiye us par krenge nhi, ek movie k liye itna bda.",1,0,0.1182,0.8636,0.4909,True,False Negative (Missed Hate),0.50909996
सुशांत की मौत में अब तक का सबसे बड़ा खुलासा केस में अंडरवर्ल्ड कनेक्शन,1,0,0.886,0.0961,0.491,True,False Negative (Missed Hate),0.509
इतनी चुटिया हरकत तो कोई निचली जात का व्यक्ति ही कर सकता है,1,0,0.7747,0.2073,0.491,True,False Negative (Missed Hate),0.509
how far is autofellatio closer to gayness than masturbation metaphysical question,1,0,0.9751,0.0072,0.4912,True,False Negative (Missed Hate),0.5088
"मोदी जी! छः सालों में भारत को तो आपने बेरोजगारों का गढ़ बना ही दिया है, अब गुजरात model लेकर चीन निकल लो।सुना है वहाँ बेरोजगार बहुत कम हैं।",0,1,0.9719,0.0458,0.5088,True,False Positive (Hallucination),0.5088
mamu vam look francisco,1,0,0.0044,0.978,0.4912,True,False Negative (Missed Hate),0.5088
new shirt even gets tossed but electrical shock fems own elementary schools,1,0,0.0664,0.916,0.4912,True,False Negative (Missed Hate),0.5088
और फिर भी यह सूअर की औलाद कट मुले कहते हैं कि इस्लाम खतरे में है,1,0,0.0243,0.9582,0.4913,True,False Negative (Missed Hate),0.5087
raanda,0,1,0.9848,0.0325,0.5087,True,False Positive (Hallucination),0.5087
chinnar hai sla..,1,0,0.0032,0.9793,0.4913,True,False Negative (Missed Hate),0.5087
would you dare be the girl that gets added and removed on snap by a lad with a girlfriend every time they have an argument no skank,0,1,0.0418,0.9753,0.5085,True,False Positive (Hallucination),0.5085
with will van she is army who need to shazam or most you know thin glass tilted on paw prints dog shaped eye prints thin sword tilting right,1,0,0.0071,0.9759,0.4915,True,False Negative (Missed Hate),0.5085
baap se panga le rhe ho beta dhruv wo tumhare maa chod.a hai,0,1,0.0281,0.9888,0.5084,True,False Positive (Hallucination),0.5084
मैंने कभी ऐसा खाना नहीं खाऊंगा जो किसी पाकिस्तानी ने छुआ हो,0,1,0.9702,0.0463,0.5083,True,False Positive (Hallucination),0.5083
to longhair etc brute see images from you are no longer a,0,1,0.021,0.9957,0.5083,True,False Positive (Hallucination),0.5083
hi hey benson get a real job leave me the hell alone dammit do not fuck with me if you have a problem please get at me,1,0,0.9764,0.007,0.4917,True,False Negative (Missed Hate),0.5083
if i had a reason to doubt the holocaust i would regardless of the laws you can be a holocaust denier in america,0,1,0.0397,0.9768,0.5082,True,False Positive (Hallucination),0.5082
सभी महिलाऐं कबड़ हैं,1,0,0.9481,0.0355,0.4918,True,False Negative (Missed Hate),0.5082
would you expect anything less from a pathological prevaricator no not me hump trump,1,0,0.0114,0.9726,0.492,True,False Negative (Missed Hate),0.508
bitch got me set up claiming to be this grown ass girlfriend but yet this may never compare bitch you see are not there so what does good,1,0,0.0224,0.9615,0.492,True,False Negative (Missed Hate),0.508
तभी अगर उन दलितों का कोई गला घोंट देता,1,0,0.0426,0.9416,0.4921,True,False Negative (Missed Hate),0.5079
मोतिहारी कोर्ट की अवमानना कर गांधी ने जेल जाना उचित समझा थाक्या एक रुपए का दंड भुगतान ना कर प्रशांत भूषण तीन महीने के लिए जेल जाने का नैतिक साहस रखते हैं या फिर हवा हवाई गांधी साबित होंगे मुद्दा अब यह है,1,0,0.0232,0.961,0.4921,True,False Negative (Missed Hate),0.5079
मंदसौर के मदरसों का देशद्रोही ज्ञान आया सामने …बच्चो ने लगाए पाकिस्तान जिंदाबाद के नारे… देश में पल रहे गद्दारों से देश को बचाइए …वीडियो को सभी तक पहुंचाए ताकि सख्त कारवाई हो सके ।,0,1,0.9823,0.0335,0.5079,True,False Positive (Hallucination),0.5079
kuch na karke bhi dar ki ma ch...d do,1,0,0.003,0.9815,0.4922,True,False Negative (Missed Hate),0.5078
tuzya mayla konta prani lagla hota pisala kutra lagla hota aani tula sudha,0,1,0.0304,0.9851,0.5078,True,False Positive (Hallucination),0.5078
क्रिकेट विश्वकप में आईपीएल जैसे प्लेऑफ पर विराट कोहली का अहम बयान,0,1,0.9862,0.0295,0.5078,True,False Positive (Hallucination),0.5078
to sto is real je utopia,0,1,0.0228,0.9926,0.5077,True,False Positive (Hallucination),0.5077
follow us on switcher through eye phone just amazing do not die in the best traditions of s fur haters must wear latex brilliant supply inc get down tonight soul makers remixes super nintendo entertainment system and sega md chronicles are also needed chinese quality at all even in mainland,0,1,0.0215,0.9939,0.5077,True,False Positive (Hallucination),0.5077
madhrchd dhruv,1,0,0.0031,0.9817,0.4924,True,False Negative (Missed Hate),0.5076
muslim are,1,0,0.0038,0.981,0.4924,True,False Negative (Missed Hate),0.5076
चाहर और गायकवाड़ फिलहाल क्वारंटीन है,1,0,0.9645,0.0204,0.4924,True,False Negative (Missed Hate),0.5076
daniel hale williams the guy what a slut a squadron not a mulatto,0,1,0.992,0.0231,0.5076,True,False Positive (Hallucination),0.5076
yedzavhni aahe hi ani tyat uddhav ne ghetle shivsenet,1,0,0.0035,0.9814,0.4924,True,False Negative (Missed Hate),0.5076
लगातार तीसरे दिन महंगा हुआ सोना वायदा चांदी में भी उछाल,1,0,0.9825,0.0024,0.4925,True,False Negative (Missed Hate),0.5075
tell us why you rape people too pussy,0,1,0.0546,0.9604,0.5075,True,False Positive (Hallucination),0.5075
you are a bunch of fools and idiots you removed my last post because it revealed what fools you are this is obviously a one sided match as i do not have sysop administrator rights if you do not like what i post then do not read it let others decide once again this is wikipedia censorship,1,0,0.0095,0.9756,0.4926,True,False Negative (Missed Hate),0.50740004
there s nowhere place like home however i am pretty glad i moved over from england in the last few centuries the country has colored so much there is a majority of muslims around this it is diminishing the standard of your whole country,1,0,0.0087,0.9765,0.4926,True,False Negative (Missed Hate),0.50740004
be hunting antifa via,1,0,0.9829,0.0023,0.4926,True,False Negative (Missed Hate),0.50740004
some delusional indians have short time memory loss,0,1,0.026,0.9888,0.5074,True,False Positive (Hallucination),0.5074
let us talk about opposite concepts like cheaters and honesty,0,1,0.985,0.0295,0.5073,True,False Positive (Hallucination),0.5073
german kuttta,0,1,0.0257,0.9887,0.5072,True,False Positive (Hallucination),0.5072
criticism of the our an,0,1,0.9921,0.0224,0.5072,True,False Positive (Hallucination),0.5072
agree the current article under the current title is a racist imperialist abomination,0,1,0.9915,0.0229,0.5072,True,False Positive (Hallucination),0.5072
tum ne dekha ho ga k kanta lagny per log phool ko b phenk dety hain .love u.....,0,1,0.992,0.0224,0.5072,True,False Positive (Hallucination),0.5072
on stan twitter almost texted julie tomorrow morning about second thing i just love how nice in kind she is this creates a world,1,0,0.9824,0.0032,0.4928,True,False Negative (Missed Hate),0.5072
sex education in madarssa,1,0,0.0125,0.973,0.4928,True,False Negative (Missed Hate),0.5072
क्या आपको एहसास नहीं है कि हिन्दुओं को रेंडी कह कर आप कितनी नफरत फैला रहे है,0,1,0.0833,0.9309,0.5071,True,False Positive (Hallucination),0.5071
rt : किसी ने पूछा - अगर पाकिस्तान नही होता तो क्या हम देशभक्त होते? मासूम जवाब - अगर हम देशभक्त होते तो आज ये पाकिस्तान नही हो…,1,0,0.0451,0.9408,0.4929,True,False Negative (Missed Hate),0.5071
it will always be ready and hard for you to bring your holes and beat it with your vagina and ass,1,0,0.0326,0.9532,0.4929,True,False Negative (Missed Hate),0.5071
because i am a broke ass bitch and laughing out loud even better she runs in her sleep so like while shes lying down she just runs like feet going usain bolt extreme droll and i get kicked a lot of call me hand light skin tone,0,1,0.9893,0.0249,0.5071,True,False Positive (Hallucination),0.5071
up#hijade log ...hijakm,0,1,0.9938,0.0203,0.5071,True,False Positive (Hallucination),0.5071
sendthemback take care of your people,1,0,0.9821,0.0041,0.4931,True,False Negative (Missed Hate),0.5069
focal point on the management instead of keepers glove sulk face shamanic,1,0,0.9795,0.0066,0.4931,True,False Negative (Missed Hate),0.5069
mula iski bahan me mera lula,0,1,0.9943,0.0193,0.5068,True,False Positive (Hallucination),0.5068
मध्य प्रदेश के सिहोर जिले के गांव ग्राम गुड़भेला से किसान बाबूलाल वर्मा फसल खराब होने से परेशान होकर दर्दनाक मौत किसान आत्महत्या कर रहे हैं बेरोजगार युवा आत्महत्या कर रहे हैं न्यूज़ चैनल पर छिनरा छिनरी की कहानी चल रही है शर्म करो,1,0,0.0507,0.936,0.4933,True,False Negative (Missed Hate),0.50670004
आप किसी भी धर्म के बन सकते हो लेकिन हिन्दू नहीं बन सकते.. क्योंकि हिन्दू बना नहीं जाता हिन्दू पैदा होना पड़ता है...!,1,0,0.0608,0.9259,0.4934,True,False Negative (Missed Hate),0.5066
hurricanceflorence god bless president donald j trump thank you for your help you are a saint the haters are going to hate simply proceed improving the great work,1,0,0.983,0.0038,0.4934,True,False Negative (Missed Hate),0.5066
and what re aiming right here are you flying...,1,0,0.0047,0.9823,0.4935,True,False Negative (Missed Hate),0.5065
gravity ganddevi,0,1,0.0468,0.9663,0.5065,True,False Positive (Hallucination),0.5065
"#padmavatparpicturebakiya jo film ban rahi hai""bahan hogi teri""yahi sari filmo ka karan rape ki ghatana bad rahi hai aaisho filmo ko ban karna chiya .",0,1,0.0969,0.916,0.5064,True,False Positive (Hallucination),0.5064
i have always said that many often times liberals and other conservatives are two sides of the same coin and that one coin is in usually the back left pocket instead of the least wealthy canadian canadians,1,0,0.0081,0.9792,0.4936,True,False Negative (Missed Hate),0.5064
चचेरे भाई ने नाबालिग बहन के साथ दुष्कर्म करने के बाद की उसकी हत्या फिर किया कुछ ऐसा जिसे जान रह जाएंगे दंग,1,0,0.9155,0.0718,0.4937,True,False Negative (Missed Hate),0.5063
i hate it when they say that single people are ugly or autistic,0,1,0.9593,0.0533,0.5063,True,False Positive (Hallucination),0.5063
kick them down down down i shall scream a bitch up down till,1,0,0.0092,0.9782,0.4937,True,False Negative (Missed Hate),0.5063
by the way there needs to be some serious fact checking on some claims such as does blanks pond either even exist anymore so did people realize it what a slut a mud puddle full of shit and fill it up a long time ago is tas really non no the college acceptance rate for the graduating class has always been above ninety percent what shall this mean people from tas get accepted of the time no seriously the worry needs to go away we have seen that tas has sports facilities and a hot meal line whatever also want to see what the taiwanese people like about tas because that is an important part of what there is whatever need to publish the incidents that are so important for tas just because you think one gives tas a bad name does not mean that it should not be published if its true then fuck let there be light this censorship shit looks just really gay,1,0,0.0061,0.9813,0.4937,True,False Negative (Missed Hate),0.5063
मनुवादी व्यवस्था दिल्ली यूनिवर्सिटी में दलित टीचर को क्लास लेने नहीं दे रही है मोदी तेरे बाप के राज नहीं है तुम्हारे बाप की देश नहीं है जो दलित टीचर क्लास नहीं लेगी तुम्हारे गुंडे और आतंकवादी के कहने से,0,1,0.9855,0.0268,0.5062,True,False Positive (Hallucination),0.5062
हा जी बिल्कुल सही बात बोली है आप ने ये सब कांग्रेस के सूअर कांग्रेस के कुत्ते किसानों को गुमराह है कर रहे है कोई कांग्रेस को पूछे की सालों मे क्या किया है किसानों के लिए किसी कांग्रेस के कुत्ते के पास जवाब नहीं होगा साले गद्दार है कांग्रेस वाले जय हिंद जय भारत,0,1,0.9718,0.0406,0.5062,True,False Positive (Hallucination),0.5062
chhola,1,0,0.9664,0.0213,0.4938,True,False Negative (Missed Hate),0.50619996
अ स भ्य होना समलैंगिक लोगो के स्वाभाव में हैं,1,0,0.0263,0.9613,0.4938,True,False Negative (Missed Hate),0.50619996
ये फ़िल्म इंडस्ट्री के सारे खान तोह बड़े हरामी निकले। एक 18 साल की बच्ची को इस्लाम पता है लेकिन इन्हें नही। ये तोह फ़िल्म में भी काम करते हैं और हिन्दू से शादी भी कर रखी है। इस्लाम में तोह दोनो हराम है। #zairawaseem #zairapedangal,1,0,0.0226,0.9652,0.4939,True,False Negative (Missed Hate),0.5061
3 amy why are you watching my talking question come out say,1,0,0.0069,0.9809,0.4939,True,False Negative (Missed Hate),0.5061
a french door is a big family,1,0,0.9782,0.0099,0.494,True,False Negative (Missed Hate),0.50600004
दिल्ली के मादीपुर में तीन नाबालिगों जिहादियों ने एक लड़के की मामूली सी बात पर बीच सड़क चाकुओं से गोद कर हत्या कर दी। हम सब जातिवादिता में मर रहे हैं वहाँ इन शांतिदूतों को अच्छी ट्रेंनिग मिलती है |,1,0,0.9855,0.0025,0.494,True,False Negative (Missed Hate),0.50600004
पहले के मुकाबले हिंदू अब जाग चुका है तुम तुम्हारी आने वाली पीढ़ी को बताते रहना हम हमारे आने वाली पीढ़ी को मजबूत करेंगे और उसके बाद मुसलमान मुक्त भारत बनाएंगे जय श्री राम,0,1,0.9858,0.0261,0.506,True,False Positive (Hallucination),0.506
it spread only hate nothing will come out,0,1,0.9914,0.0206,0.506,True,False Positive (Hallucination),0.506
#sala santre,0,1,0.9942,0.0178,0.506,True,False Positive (Hallucination),0.506
"han wo suit karta hai k bachiyo ka rape hota jay,log mary,ye corupt kuch na kary,dr aliya boli to suit nai krta ap ko?",0,1,0.3245,0.6874,0.5059,True,False Positive (Hallucination),0.5059
"or 1991 ka kashmiri hindu ki bat kro to kehta h purana jakham mt kureto, ye behan**da jaha dikh jata h hamko gusa or aata h bhai",0,1,0.0312,0.9803,0.5058,True,False Positive (Hallucination),0.5058
i am going to shoot you in the capitulum and joke as your brainiac splatter onto the background,1,0,0.0073,0.981,0.4942,True,False Negative (Missed Hate),0.5058
dekh le mansikta madharcodon ki wah beta,1,0,0.0029,0.9854,0.4942,True,False Negative (Missed Hate),0.5058
mr johnson is it true that you up voted a comment that said and i quote her due that ass looks chink can you explain yourself,0,1,0.9936,0.0178,0.5057,True,False Positive (Hallucination),0.5057
के ऑक्सीमित्रों द्वारा कल प्रदेश के अलग अलग क्षेत्रों में ऑक्सीजन जाँच अभियान चलाकर लोगों के ऑक्सीजकन स्तर की जांच की गयी।,1,0,0.0346,0.9539,0.4943,True,False Negative (Missed Hate),0.5057
buble,1,0,0.9399,0.0488,0.4943,True,False Negative (Missed Hate),0.5057
teri alha meri lodape,1,0,0.9667,0.0218,0.4943,True,False Negative (Missed Hate),0.5057
susan has lost all credibility and needs to shut the fuck up as you said,1,0,0.9733,0.0153,0.4943,True,False Negative (Missed Hate),0.5057
retweet if i had and my girl had i would have be single because i do not fuck with broke bitches get your money up,0,1,0.99,0.0211,0.5056,True,False Positive (Hallucination),0.5056
फिल्म अभिनेता नसीरुद्दीन शाह की तबीयत बिगड़ी अस्पताल में भर्ती कई दिनों से बीमार हैं,0,1,0.9751,0.0361,0.5056,True,False Positive (Hallucination),0.5056
hey go answer yourself just don't you all edit my talk again to hear how good you are,1,0,0.9815,0.0076,0.4945,True,False Negative (Missed Hate),0.50549996
एक चिटा जलती हुई दिख रही है जिसके साथ दावा किया जा रहा है की यह वीडियो बलात्कार पीड़िता का है,1,0,0.0159,0.973,0.4945,True,False Negative (Missed Hate),0.50549996
all devices are of benefit to,1,0,0.9856,0.0033,0.4945,True,False Negative (Missed Hate),0.50549996
dad can give over some of my clothes so it can look like the baby dyke,1,0,0.9819,0.0071,0.4945,True,False Negative (Missed Hate),0.50549996
auladheen,1,0,0.0034,0.9856,0.4945,True,False Negative (Missed Hate),0.50549996
if they cannot wait to reach meet allah so let us both help prepare them,1,0,0.0241,0.9651,0.4946,True,False Negative (Missed Hate),0.5054
retweet public service announcement you can support equality diversity human rights and universal suffrage without supporting the hateful cult of feminism,1,0,0.018,0.9713,0.4946,True,False Negative (Missed Hate),0.5054
the refugee council is operating at cause,1,0,0.0055,0.9836,0.4946,True,False Negative (Missed Hate),0.5054
feel like repulsive,1,0,0.988,0.0011,0.4946,True,False Negative (Missed Hate),0.5054
bolo maintain dew dar ki cuut + do nothing = iski maa ka bh**da,1,0,0.0193,0.9699,0.4946,True,False Negative (Missed Hate),0.5054
dhruv rathee ki ma ka bhsda,1,0,0.0033,0.9861,0.4947,True,False Negative (Missed Hate),0.5053
humar ego baa*r bhi sidha nhi hoga #mc,0,1,0.9938,0.0169,0.5053,True,False Positive (Hallucination),0.5053
father s day god will continue to bless my daddy those that act like one me also a potential daddy god bless our unborn daddy too,0,1,0.0162,0.9943,0.5053,True,False Positive (Hallucination),0.5053
miya bhai se inke ghar ka chulla jal ta hai,0,1,0.0133,0.9971,0.5052,True,False Positive (Hallucination),0.5052
one queen in between terrorist mob,0,1,0.0406,0.9699,0.5052,True,False Positive (Hallucination),0.5052
teri maa behn di lan saleya,0,1,0.0321,0.9784,0.5052,True,False Positive (Hallucination),0.5052
bhodske batao nhii tm khud kroooo,0,1,0.9944,0.016,0.5052,True,False Positive (Hallucination),0.5052
not everyone with an urdu name will be supportive towards you or your community just because you support them day in and day out. stop dreaming about getting their support when the truth is they'll sell you at a count of one. like they do every single time to while selling their shows. the shows in which they'll make joke on sunnah of the deen. they'll do this while living the worst of life like this munawar faruqui is doing. he'll make joke on sunnah of marriage but in real life. he first cheated on his wife and they went to have a haram relationship which was totally out in public and even that was not enough for him. so he cheated in that haram relationship as well. sahi kaha hai kishi ne ki ek baar haram ki aadat lag jaye toh insaan usmein hi dobta jaata hai. stop finding your heroes in these urdu names like munawars. zakirs. naveds or khans and come out of this bubble that their 'success' is the victory of your community. and earlier we come out of this khushfehmi. the better it'll be for us.,1,0,0.9862,0.0036,0.4949,True,False Negative (Missed Hate),0.5051
you need help for your education with you hit school stat these pictures are going to make anyone cringe when you learn how sick we eat,1,0,0.9848,0.0051,0.4949,True,False Negative (Missed Hate),0.5051
देश में कोरोना संक्रमण का आंकड़ा लाख को पार कर गया है बीते घंटे में संक्रमण के नए मामले आए हैं जबकि मरीजों की और मौत हुई है अब तक कुल पॉजिटिव मामले अब तक ठीक हुए अब तक हुई मौत रिकवरी रेट,1,0,0.0488,0.9411,0.4949,True,False Negative (Missed Hate),0.5051
हरामी पत्रकार तेरे जैसे बचाने आते है आतंकियो को अब बो आतंकी भाईचारे की बात कर रहे है उनको बोल मस्जिद भी तोड़ने दें हिसाब बराबर हो जाएगा भाईचारा बना रहेगा बोल अगर तू हिंदू की औलाद है तो,0,1,0.9764,0.0337,0.5051,True,False Positive (Hallucination),0.5051
भारत की अछूत जाति में से एक झाड़ू रखती है जिसका उपयोग वह सड़कों यार्ड और घरों में करता है जून । अछूत या जैसा कि गांधी कहते हैं हरिजन ईश्वर की संतान देश के सभी अशुद्ध काम करते हैं ।,0,1,0.977,0.0331,0.5051,True,False Positive (Hallucination),0.5051
मुझे अनानास से नफरत है,0,1,0.0191,0.991,0.5051,True,False Positive (Hallucination),0.5051
chinar kahi ki..teri maa se puchna kitne aadmi ke yogdan se paida hui h,0,1,0.032,0.9781,0.505,True,False Positive (Hallucination),0.505
भारतीय सेना ने उखाड़ फेंके चीन के जासूसी उपकरण चुशूल के ब्लैक टॉप की कहानी,1,0,0.9851,0.0048,0.495,True,False Negative (Missed Hate),0.505
brand embessedor of mountain dew,1,0,0.9893,0.0006,0.495,True,False Negative (Missed Hate),0.505
"ये संजय , #नामाकूल इस देश में झगड़ा, फसाद, बेईमानी, यही फैलाना चाहता है, बाकी देश भले मुसीबत में। आ जाये, इस कमीने को सत्ता लालच है !!! #नीच कही का !!!",0,1,0.0826,0.9274,0.505,True,False Positive (Hallucination),0.505
zhandu baam laun zhavala pahije ila,0,1,0.9877,0.0224,0.505,True,False Positive (Hallucination),0.505
one of the reasons why society sucks is that pakistanis have not been murdered yet,1,0,0.9826,0.0075,0.495,True,False Negative (Missed Hate),0.505
islam cannot be reformed because it is vileness is too deep in the religion,1,0,0.0055,0.9845,0.495,True,False Negative (Missed Hate),0.505
oh dear god you are such a veteran minister for gun chain control,1,0,0.004,0.9862,0.4951,True,False Negative (Missed Hate),0.5049
nuns protest sad nobody supporting the sisters the mother superior of christian community is it so difficult to stand by the victim whether she is nun or ordinary victim,0,1,0.0224,0.9874,0.5049,True,False Positive (Hallucination),0.5049
tampa trump suppers sing happy birthday to presumptive nominee republican presidential candidate,0,1,0.0166,0.9933,0.5049,True,False Positive (Hallucination),0.5049
sapaneme rahega tera chakka bhabar or uska masjid jai sree ram,1,0,0.9892,0.0009,0.4951,True,False Negative (Missed Hate),0.5049
उओ गद्दार ओ गद्दार अरे ओ bsd वाले गद्दार ! मुँह बंद रख वरना तेरे मुह में किसी अफ्रीकी का लुंड और वो भी टट्टे सहित घुसेड़ दूँगा ! साले सांस भी नही ले पायेगा !,0,1,0.0444,0.9652,0.5048,True,False Positive (Hallucination),0.5048
it s brits out everyone else in with them,0,1,0.0169,0.9927,0.5048,True,False Positive (Hallucination),0.5048
your comment that your appearance proves all are ignorant of you,1,0,0.0755,0.9149,0.4952,True,False Negative (Missed Hate),0.50479996
making a gun episode based off an extreme autistic gore filled school fan of fiction episode of a kids cartoon program,1,0,0.025,0.9655,0.4952,True,False Negative (Missed Hate),0.50479996
utc this crazy coal bitch got all she deserved i hope this whole incident put the hardened prostitutes in consorting with girls,1,0,0.0136,0.9767,0.4952,True,False Negative (Missed Hate),0.50479996
what obscene email i do however yet know how to get an admin s email address if that is possible i sure what hell did not email any of the well matched admins have you considered that i am not the only person that has issues with well played text and yes andre did unblock me since i have not done anything block worthy since 2014 you are just butt crazy because i told you i did not want to listen you nowhere,1,0,0.0114,0.9789,0.4952,True,False Negative (Missed Hate),0.50479996
"humanity to unme nahi hai, converted hai wo, apni hindu ancestry se hate karte hai",0,1,0.0391,0.9704,0.5047,True,False Positive (Hallucination),0.5047
"उंडगी,rand",0,1,0.9931,0.0162,0.5047,True,False Positive (Hallucination),0.5047
cutiya rider,0,1,0.0283,0.9812,0.5047,True,False Positive (Hallucination),0.5047
"rt : कितने पैसे या प्रलोभन मिले होंगे कंगना को gdp,अर्थव्यवस्था..... बेरोज़गारी,करोना,लद्दाख के मुद्दे से लोगों काध्यान भटकाने के…",1,0,0.0148,0.9759,0.4954,True,False Negative (Missed Hate),0.5046
retweet we are in a race against time either whatever kill the retardation or history will kill us ghazi argosies,0,1,0.9914,0.0178,0.5046,True,False Positive (Hallucination),0.5046
kao i hvo placekick,1,0,0.0032,0.9878,0.4955,True,False Negative (Missed Hate),0.50450003
4 fags,1,0,0.0038,0.9871,0.4955,True,False Negative (Missed Hate),0.50450003
"तुम बहन के laudo ने अपने इसी chutiyape से इस कुतिया को जिसको कुछ महीनों पहले कोई जानता भी नहीं था, उसके अपने सुअरों के प्रदेश का स्टार बना दिया l तुमने खुद एक दुश्मन बढ़ाया l और अब एक एक्स्ट्रा दुश्मन हैंडल करना पड़ रहा है l गुमनामी की मौत मारना कब सीखोगे बे chutiyon.",1,0,0.0237,0.9673,0.4955,True,False Negative (Missed Hate),0.50450003
dekh rha hai newton kese tere rule ki maa chod...di,0,1,0.0119,0.9971,0.5045,True,False Positive (Hallucination),0.5045
साल की हुईं मिलिंद सोमन की वाइफ अंकिता कोंवर किमी की दौड़ लगाकर मनाया बर्थडे,0,1,0.9893,0.0197,0.5045,True,False Positive (Hallucination),0.5045
ok but i would hope they would sign him to a one year contract to start with give him the chance to be reliable and productive but give themselves the out if all his time off has hurt his playing skills or if he falls back into old habits,0,1,0.0172,0.9919,0.5045,True,False Positive (Hallucination),0.5045
hi chukun paida zali like kra,0,1,0.0161,0.9928,0.5045,True,False Positive (Hallucination),0.5045
up wale hinjhde hai .. darpok hai,0,1,0.0129,0.9962,0.5045,True,False Positive (Hallucination),0.5045
वास्तविक नियंत्रण रेखा पर भारत और चीन के बीच लगातार तनाव की स्थिति बनी हुई है,1,0,0.0208,0.9704,0.4956,True,False Negative (Missed Hate),0.5044
yes islam judaism christianity are all abrahamic religions but science can only advance when it gets past superstition,0,1,0.9909,0.0179,0.5044,True,False Positive (Hallucination),0.5044
उत्तर प्रदेश की राजधानी लखनऊ में डबल मर्डर की ख़बर है मुख्यमंत्री आवास के पास ये घटना हुई हाई सिक्योरिटी ज़ोन वाले थाना गौतम पल्ली क्षेत्र की रेलवे कॉलोनी में एक रेलवे अधिकारी की पत्नी और उनके बेटे की गोली मार दी गई,1,0,0.9857,0.0055,0.4956,True,False Negative (Missed Hate),0.5044
they were happy with isis in they despise isis today,0,1,0.0195,0.9894,0.5044,True,False Positive (Hallucination),0.5044
अमेरिका में जारी है चुनावी सरगर्मी डोनाल्ड ट्रंपजो बिडेन में जुबानी जंग,0,1,0.9873,0.0214,0.5043,True,False Positive (Hallucination),0.5043
omg what is up with common use of it for cool was nice a g and how people don't agree w their issues are triggered to,1,0,0.9891,0.0023,0.4957,True,False Negative (Missed Hate),0.5043
टूरिज्म डिपार्टमेंट के सारे होटल रेस्टोरेंट रिजॉर्ट अक्टूबर तक कोरोनावायरस फैलने के कारण बंद रहेंगे।,0,1,0.0571,0.9514,0.5043,True,False Positive (Hallucination),0.5043
aatak wadi kon h h pata h bhart ki bat mat kar cutiya chenal,1,0,0.0039,0.9875,0.4957,True,False Negative (Missed Hate),0.5043
even an interview with what does we need congress will create any myth we are being invaded by a foreign country defending our nations is the job we us commander in chief use day of defeat funds please,1,0,0.9904,0.0011,0.4957,True,False Negative (Missed Hate),0.5043
jessica todd simpson,1,0,0.9886,0.003,0.4958,True,False Negative (Missed Hate),0.5042
she is a fucking icon a legend a genius that bitch she is queen crowncrowncrowncrown nickidagoat,0,1,0.0311,0.9772,0.5042,True,False Positive (Hallucination),0.5042
gattiya insan hai,0,1,0.994,0.0142,0.5041,True,False Positive (Hallucination),0.5041
hhhhhh landa hi chodkar,0,1,0.9936,0.0147,0.5041,True,False Positive (Hallucination),0.5041
डायल की गाड़ी में बैठकर फोटो खिंचवाई और कर दिया वायरल युवक को पड़ गये लेने के देने पढ़ें दिलचस्प मामला,1,0,0.9862,0.0056,0.4959,True,False Negative (Missed Hate),0.50409997
the latest the national afl newspaper tattler reporting thanks to afghanistan,1,0,0.0063,0.9855,0.4959,True,False Negative (Missed Hate),0.50409997
alex wanted slothful,1,0,0.991,0.0007,0.4959,True,False Negative (Missed Hate),0.50409997
my dogs man i remember okay girl text my phone on they bullshit squads what a slut ready deep henna bitch ready to go,0,1,0.0358,0.9722,0.504,True,False Positive (Hallucination),0.504
सीबीआई के द्वारा घंटे से अधिक की पूछताछ के बाद डीआरडीओ गेस्ट हाउस से निकलती जयंती साहा। रिया चक्रवर्ती के लीक हुए व्हाट्सएप चैट के जरिए सुशांत केस में नाम सामने आया था। सीबीआई फाइनेंसियल ड्रग और क्राइम एंगल को लिंक करने की कोशिश कर रही है।,1,0,0.0713,0.9207,0.496,True,False Negative (Missed Hate),0.504
brand embasder of mountain dew,1,0,0.9893,0.0028,0.496,True,False Negative (Missed Hate),0.504
neither bush nor mccain are as ignorant as that there words have a very clear purpose misinformation why else would mccain keep repeating the like line about ran training all queen he have intercourse that citizenry grasping at reasons to abide the possible invasion of iran will believe this if they hear it plenty just as people who stand the war think it what a slut just prosecuted badly wrong bush did everything he could to make sure that whatever cannot leave for a very long time that was not a mistake,1,0,0.9791,0.013,0.496,True,False Negative (Missed Hate),0.504
आज एक और बैंक गया लक्ष्मी विलास बैंक की 569 शाखाएं औऱ 1046 एटीएम बंद 93 साल पुराना बैंक था । अच्छे दिन,0,1,0.986,0.0217,0.5039,True,False Positive (Hallucination),0.5039
bhadkau bhashan dere aap isi se pet chalta hy naa apkaa,1,0,0.9909,0.0014,0.4961,True,False Negative (Missed Hate),0.5039
gravity gei ma chudane,0,1,0.9833,0.0245,0.5039,True,False Positive (Hallucination),0.5039
समलैंगिक कैन्सरहोते हैं,1,0,0.0167,0.9754,0.4961,True,False Negative (Missed Hate),0.5039
many people stay in london s just in the summer you see many strange people,1,0,0.9881,0.0042,0.4961,True,False Negative (Missed Hate),0.5039
gard mar do,1,0,0.9892,0.0032,0.4962,True,False Negative (Missed Hate),0.50380003
unicorns and the antifa runes and rainbows and socialists heads and puffy hearts and feminazis and sunshine bats and pussy flap hats and... most often of all resist face with tears of happy joy rolling on the gymnasium floor laughing face with flying tears of joy,1,0,0.0115,0.9808,0.4962,True,False Negative (Missed Hate),0.50380003
cry harder...der are 40000 more,0,1,0.0183,0.9894,0.5038,True,False Positive (Hallucination),0.5038
what do you think about include holly as unofficial reign,0,1,0.9943,0.0133,0.5038,True,False Positive (Hallucination),0.5038
the brunette ahh the brunette one the brunette ahh the brunette one,0,1,0.0162,0.9915,0.5038,True,False Positive (Hallucination),0.5038
cents yawl thinking this woman lied on nelly is still a part of the problem now yes sometimes people do lie about rape,1,0,0.033,0.9597,0.4963,True,False Negative (Missed Hate),0.5037
got to eff those angry immigrant,1,0,0.0041,0.9885,0.4963,True,False Negative (Missed Hate),0.5037
zionism is a form of,1,0,0.0041,0.9887,0.4964,True,False Negative (Missed Hate),0.5036
यह कहने में गलती कहाँ है की आप जैसे हिन्दू मरने के लायक है,1,0,0.0121,0.9806,0.4964,True,False Negative (Missed Hate),0.5036
...... repulsive,1,0,0.991,0.0017,0.4964,True,False Negative (Missed Hate),0.5036
tu kashala ashe yz chale karto mg,1,0,0.0029,0.9898,0.4964,True,False Negative (Missed Hate),0.5036
no you are confused this is the reason why we are discussing this because this is the only issue that has prompted me to respond to this you are american i do not care about sine bot i do not know why he even comes up in discussion another ad hominin tactic that americans love to throw at people to distract them because they are too coward to face the truth you continue to refuse the truth that i posted on the article despite my strong references you continue to blatantly deny that you are american for whatever reason you got some agenda with me personally that i consider very psychologically disturbing and obsessive because of all the above you clearly are in dire need of therapy i have never in my life met a person in such psychological shambles as you please please get a woman you need one and get out your house for once,0,1,0.9814,0.0258,0.5036,True,False Positive (Hallucination),0.5036
"हिंदुस्तान में हिन्दू सन्तों की निर्मम हत्यापर यदि आप कुछ नही बोलसकते तो बाहर रहरहे अल्पसंख्यक हिंदुओं को तो फिर कोई हक ही नहीबनता अपने ऊपर हो रहे अत्याचारोपर कुछ बोलने का।शुरुआत अपने घर,देश से कीजिये।",1,0,0.0454,0.9473,0.4964,True,False Negative (Missed Hate),0.5036
karajsistaru znam the je avila,1,0,0.003,0.99,0.4965,True,False Negative (Missed Hate),0.5035
record chodo.....g todo iski pehley .,0,1,0.0106,0.9964,0.5035,True,False Positive (Hallucination),0.5035
तमाम विवाद के बीच हिमाचल सीएम ने दी कंगना रनौत की सुरक्षा सितंबर को पहुंचेंगी मुंबई,0,1,0.0566,0.9503,0.5035,True,False Positive (Hallucination),0.5035
#बेगूसराय से #कन्हैया_कुमार को इतने वोट तो मिलने ही चाहिए थे जितने #शेहला_राशिद के बैग से condom मिले थे....,0,1,0.0143,0.9927,0.5035,True,False Positive (Hallucination),0.5035
hi jyaa aica puca hila. pakistha nat neun soda. mhaje hila. sagle halala kartil mag hiya bar vatel,0,1,0.0297,0.9771,0.5034,True,False Positive (Hallucination),0.5034
¥€¢£¢€£€¥√π£¢€¥¥€¢¢~£~~~~ te ri maa ka vosda,0,1,0.9857,0.0211,0.5034,True,False Positive (Hallucination),0.5034
please hindustan ki awaam ap khud dekho aaj tak k anchor kitna open hokr k bol rhe hein ye anchor kbhi desh k vikas ya gareeb ki madad ya padhai k lye kbhi ni bolte lekin hindu muslim k dilon me nafrat felane ka kam ache se krte hein meri sabhi hindustaniyon se request h aaj tak channel ko report krein ese n dekhein,1,0,0.0277,0.9655,0.4966,True,False Negative (Missed Hate),0.50339997
"5 लाख मुसलमान उर्स में, अजमेर की दरगाह पर आते हैं, सिर्फ 300 पुलिस वालों के भरोसे, 2 लाख हिंदुओं की अमरनाथ यात्रा के लिए, 80 हजार कमांडो, पैरामिलिट्री फोर्स, तथा करोड़ों के उपकरण लगाए जा रहे हैं आप बतायईये खतरे में कौन है ?",1,0,0.0154,0.9777,0.4966,True,False Negative (Missed Hate),0.50339997
all should be euthanized,1,0,0.9899,0.0033,0.4966,True,False Negative (Missed Hate),0.50339997
because you rephrase in other words you are an eternal fool,1,0,0.0066,0.9869,0.4967,True,False Negative (Missed Hate),0.5033
yes it does she should be made to resign maga,0,1,0.9916,0.0149,0.5033,True,False Positive (Hallucination),0.5033
सरकार इनको सपोर्ट करती है और ये हरामी देश द्रोही ही रहेंगे सुअर जे मूत इनको तो जबरजस्ती खस्सी कर देना चाहिये,0,1,0.9819,0.0247,0.5033,True,False Positive (Hallucination),0.5033
केंद्रीय स्वास्थ्य मंत्री डॉ हर्षवर्धन और कर्नाटक के मुख्यमंत्री ने एसएसटीसी को देश को समर्पित किया,1,0,0.0214,0.972,0.4967,True,False Negative (Missed Hate),0.5033
kikes are untrusty,1,0,0.9917,0.0016,0.4967,True,False Negative (Missed Hate),0.5033
when the archaeologists discover your bones they soon determine that these are a man from life is always denying so,1,0,0.9828,0.0105,0.4967,True,False Negative (Missed Hate),0.5033
abhi aayega modi dalega tumhari g m babu sath m pelega tumhe yogi ...,1,0,0.9928,0.0007,0.4967,True,False Negative (Missed Hate),0.5033
supreme brand ambasedor of mountain dew,1,0,0.9918,0.0016,0.4967,True,False Negative (Missed Hate),0.5033
those may have ancestral ancestry with mexico are disproportionally biased in,1,0,0.0088,0.9848,0.4968,True,False Negative (Missed Hate),0.5032
holy cow you are faster that the speed of light headdress,0,1,0.0116,0.9947,0.5032,True,False Positive (Hallucination),0.5032
sar aap se hate jodkar nivedhan karta hu ki meri sister ko baramat karyor polic ko karavay karane ke aadhsh d,0,1,0.0358,0.9707,0.5032,True,False Positive (Hallucination),0.5032
what i say i did not take care show what a slut nothing short of amazing he are willing to take the hint to them not allow him over power within conversation that is why taken care act slow down,1,0,0.0142,0.9795,0.4969,True,False Negative (Missed Hate),0.50310004
thats right i love fear factor statements like this it just makes you look like a douchebag dictator,0,1,0.0287,0.9775,0.5031,True,False Positive (Hallucination),0.5031
you would think these people telling people that six million jews did not die are deluded how sick do you really have to be to degrade and disregard something like that that happened i do not get it,0,1,0.9909,0.0153,0.5031,True,False Positive (Hallucination),0.5031
jab tum paida howe thy os waqt bhi india me rape hote thy or tum osi ka result ho,0,1,0.9873,0.019,0.5031,True,False Positive (Hallucination),0.5031
"just imagine if some ppl or community took over your holy place and after 500 yr you got it back to say that it is our, the feeling is so great. muslims took over our place so, owasi should stop the irony and hypocrisy",0,1,0.9926,0.0137,0.5031,True,False Positive (Hallucination),0.5031
fake tits a hoe can you guess what i what a slut twitpic your halloween costumes,0,1,0.9941,0.0119,0.503,True,False Positive (Hallucination),0.503
reply your last comment if you want to end our interaction stop leaving comments on my talk page i find it laughable that you quote policies at me when you have been found guilty by the community of flagrantly breaching policies and punished by having your powers removed what moral authority do you think you can possibly have when your reputation is in tatters if i were you i would learn to keep my mouth shut a bit more rather than trying to moralize and stir up more problems if you can ever rebuild you reputation it will not be by harassing me you say you cannot let it lie until i do but expect me to let it lie when you will not do you know how ridiculous that sounds please grow up and leave me alone,1,0,0.9892,0.0049,0.497,True,False Negative (Missed Hate),0.503
svatachya dharmache nay zaley he bhaad khau hindu chi kay honar,0,1,0.0201,0.9859,0.503,True,False Positive (Hallucination),0.503
agreed continues to piss me off too,0,1,0.9934,0.0126,0.503,True,False Positive (Hallucination),0.503
हार के बाद ऑस्ट्रेलियाई कप्तान एरॉन फिंच बोले बीते महीनों में हमने काफी कुछ साबित किया है,1,0,0.9772,0.0169,0.497,True,False Negative (Missed Hate),0.503
एसे भोस्डीके मौलवी तो कितने मस्जिद मे बैठे तुम लोगो की छोटी छोटी लडकियो को रोज ठोकते है ना गन्ड़ू राम रहीम ना मदरचोद आसाराम भगवान है कुछ लोग है जो इनके पीछे साले मूर्ख थे पर मस्जिदो मे जो राक्षस पाल रखे है वो तो आये दिन किसी को आगे से किसी पीछे से ठोकते रह्ते है उनका पकड ले,0,1,0.9714,0.0346,0.503,True,False Positive (Hallucination),0.503
think what you want to place the obscene portion over the anal hygiene article duuude here let people say it like html that s the horizontal rules rule haha all it,1,0,0.9922,0.0017,0.497,True,False Negative (Missed Hate),0.503
lol read the deed of conveyance and you already know what is coming world health organization support common sense resolution to reducing gun violence how exist gun violence different from other violence what is a non automatic firearm what is common sensory faculty ordnance control is it similar chicago new york london,1,0,0.991,0.003,0.497,True,False Negative (Missed Hate),0.503
gravity gayi maa chudana asi koi chizz hi nhi hoti,0,1,0.0098,0.9959,0.5029,True,False Positive (Hallucination),0.5029
kutari ahe,1,0,0.0031,0.9912,0.4971,True,False Negative (Missed Hate),0.5029
badi jhaantu ladki h,1,0,0.9931,0.0011,0.4971,True,False Negative (Missed Hate),0.5029
which is not socialism but a different ideology all together,0,1,0.9932,0.0124,0.5028,True,False Positive (Hallucination),0.5028
by squall and attacking the evaluator sure,1,0,0.9916,0.0027,0.4972,True,False Negative (Missed Hate),0.5028
whoever you give a chance to better be damn lucky and appreciative,0,1,0.022,0.9836,0.5028,True,False Positive (Hallucination),0.5028
any vitim niggle geographical zone pack of cards i stance,1,0,0.9923,0.002,0.4972,True,False Negative (Missed Hate),0.5028
two aboard gone,1,0,0.9916,0.0028,0.4972,True,False Negative (Missed Hate),0.5028
टीवी पर फिर शुरू हुआ सुशांत का शो पवित्र रिश्ता अंकिता लोखंडे बोलीफिर एक बार,0,1,0.1207,0.8847,0.5027,True,False Positive (Hallucination),0.5027
the nazis got into it were right,1,0,0.0112,0.9833,0.4973,True,False Negative (Missed Hate),0.5027
knuckles scared cry dark knuckles old,0,1,0.0099,0.9954,0.5027,True,False Positive (Hallucination),0.5027
he calls him will because he knew him because he is old,0,1,0.0117,0.9935,0.5026,True,False Positive (Hallucination),0.5026
regardless if the lousy bot that i hired to leave annoying messages was not annoying than you should leave me a copy today,1,0,0.0111,0.9836,0.4974,True,False Negative (Missed Hate),0.5026
laughing them out loud liberal revolution fool gods just make america great again,1,0,0.0104,0.9844,0.4974,True,False Negative (Missed Hate),0.5026
do not know you that well ha and not probably,0,1,0.0155,0.9897,0.5026,True,False Positive (Hallucination),0.5026
xxx midea india,1,0,0.9771,0.0176,0.4974,True,False Negative (Missed Hate),0.5026
oscar taverns went cardie in his career ml bat bat what a stud,0,1,0.9907,0.0146,0.5026,True,False Positive (Hallucination),0.5026
ye ganja gayab hai kal se...kisi ko khabar hai ki kahan mooh chipa rakha hai...,1,0,0.0047,0.9902,0.4974,True,False Negative (Missed Hate),0.5026
grop madhe payda zaleli bai,0,1,0.0112,0.994,0.5026,True,False Positive (Hallucination),0.5026
before you make cent cent you better be blocked in editing it final chance userdark hooded smoker,1,0,0.9913,0.0037,0.4975,True,False Negative (Missed Hate),0.5025
yogi ko aane do tumko bhi pelega tera aulad ko bhi,1,0,0.9943,0.0007,0.4975,True,False Negative (Missed Hate),0.5025
choudry ko tanal takk chodke aana padegha,1,0,0.9724,0.0226,0.4975,True,False Negative (Missed Hate),0.5025
kyu ki ine bosidk hey,1,0,0.994,0.0009,0.4975,True,False Negative (Missed Hate),0.5025
tmc ka full form pata hai kya hai teri ...........dh do unke log wise hi kamine hoge sb ko mil kr fir darj krni chahiye,1,0,0.9944,0.0007,0.4976,True,False Negative (Missed Hate),0.50240004
ya kutrila jodyan marar,1,0,0.9944,0.0008,0.4976,True,False Negative (Missed Hate),0.50240004
tu bohot romantic hora hai bhen ke l#nd,1,0,0.0079,0.9874,0.4976,True,False Negative (Missed Hate),0.50240004
ewwwwwwww that s all i sustain to say ewwwwwwwwwwwwwww cannot any get the point across without such shitty pictures i mean the article on childbearing does not show a photo of the kid s head come out of the vagina,1,0,0.0095,0.9856,0.4976,True,False Negative (Missed Hate),0.50240004
no musical theme what that is,1,0,0.0041,0.9912,0.4976,True,False Negative (Missed Hate),0.50240004
मैं इस देश में दलितों की हत्या को कभी बर्दाश्त नहीं करूंगा,0,1,0.2137,0.7911,0.5024,True,False Positive (Hallucination),0.5024
नेशनल ज्योग्राफिक चैनल ने इस दुर्लभ वीडियो के लिए 1 मिलियन डॉलर का भुगतान किया है।,0,1,0.988,0.0167,0.5024,True,False Positive (Hallucination),0.5024
yeah it what a slut the same where are you when i what a slut going to school in calgary the problem is they have like kids where whatever only have about children usually,0,1,0.986,0.0189,0.5024,True,False Positive (Hallucination),0.5024
casual sexual,0,1,0.9929,0.0118,0.5024,True,False Positive (Hallucination),0.5024
hi graj nastani zaleli avlad ahe,0,1,0.0112,0.9935,0.5023,True,False Positive (Hallucination),0.5023
madhrechood hai,1,0,0.9942,0.0012,0.4977,True,False Negative (Missed Hate),0.5023
is saali ko ek vote nhi milna chahiye hinduon ka hindu bhaiyon ek ho jao plzdikha do isko iski aukat,1,0,0.9944,0.0011,0.4977,True,False Negative (Missed Hate),0.5023
ye behekelode sikh nahi atankwadi hai.,1,0,0.9944,0.001,0.4977,True,False Negative (Missed Hate),0.5023
what do you think lubricates the inside of a girls mouth during a blowjob yep in most cases spit is gross however if you are with someone there is kind of an understanding that you are sharing lots of bodily fluids including saliva of course i would not like if someone what a slut spitting in my mouth but when kissing it kind of happens and it feels amazing,0,1,0.9917,0.013,0.5023,True,False Positive (Hallucination),0.5023
9 mars solidarnosti a boze guard mob,1,0,0.9942,0.0013,0.4977,True,False Negative (Missed Hate),0.5023
bihday naked man free porn kiss,0,1,0.9884,0.0161,0.5022,True,False Positive (Hallucination),0.5022
luslim bura maan gaye,0,1,0.0084,0.996,0.5022,True,False Positive (Hallucination),0.5022
hichya maycha,0,1,0.0143,0.9901,0.5022,True,False Positive (Hallucination),0.5022
हमें किसी भी मुसलमान का बलात्कार नहीं होने देना चाहिए,0,1,0.0825,0.922,0.5022,True,False Positive (Hallucination),0.5022
not considered applicable osaka pa new zealand five show show pivot,1,0,0.9941,0.0015,0.4978,True,False Negative (Missed Hate),0.5022
ये टट्टू का पठ्ठा हैं कमीना,0,1,0.9077,0.0968,0.5022,True,False Positive (Hallucination),0.5022
ho sub chodo.. bahar painting hogaya andar plastering thak nai huva,0,1,0.008,0.9963,0.5021,True,False Positive (Hallucination),0.5021
स्मार्ट यूनिफार्म देगी किडनैपरों को मात काशी की बेटी ने बनाई स्मार्ट ट्रैकर ड्रेस,1,0,0.0389,0.957,0.4979,True,False Negative (Missed Hate),0.5021
kuch na karke dar ki maachodo,0,1,0.052,0.9522,0.5021,True,False Positive (Hallucination),0.5021
your people should be instantly eliminated,1,0,0.9902,0.0056,0.4979,True,False Negative (Missed Hate),0.5021
let us be weird together dellaishaislamizaraadhitya love daughter throwback tba,0,1,0.9928,0.0114,0.5021,True,False Positive (Hallucination),0.5021
khalistani betichood,1,0,0.9914,0.0043,0.4979,True,False Negative (Missed Hate),0.5021
that fat pile of smelly car shit is where we are go back home,1,0,0.0346,0.9611,0.4979,True,False Negative (Missed Hate),0.5021
जब सत्ता बलात्कारी कुलदीप सैंगर को बचाने में दिन रात एक कर सकती है तो विपक्ष इमानदार डॉक्टर काफिल को क्यों नही बचा सकता ?,1,0,0.0947,0.901,0.4979,True,False Negative (Missed Hate),0.5021
covid is a fucking nightmare i wish it would die out,0,1,0.9712,0.0331,0.5021,True,False Positive (Hallucination),0.5021
konacno nest vilfredo pareto sve reba ratio,1,0,0.9902,0.0058,0.498,True,False Negative (Missed Hate),0.502
में के फैलाव का पता लगाने के लिए मासिक सीरो सर्वेक्षण का तीसरा दौर आज शुरू होगा। इस दौरान करीब नमूने लिए जाएंगे।,0,1,0.9902,0.0138,0.502,True,False Positive (Hallucination),0.502
send them back musician deportthemall wakeupamerica the dardanian horse has be delivered to your shores while you make up log z's,1,0,0.9943,0.0018,0.498,True,False Negative (Missed Hate),0.502
तुम्हे नहीं पता की तुम एक फ़ाकिस्तानी हो,1,0,0.0649,0.931,0.498,True,False Negative (Missed Hate),0.502
हम भी मोदी जी के बाद योगी जी को प्रधानमंत्री बनाएंगे क्या हेमंत विश्व शर्मा जी को यह दोनों जन्नत पहुंचा देंगे हर एक को,0,1,0.9715,0.0323,0.5019,True,False Positive (Hallucination),0.5019
abey sardar ji uncle they .. agr hota koi jawaan tere chudtey dekhne mein majja hi kuch aur ana tha,0,1,0.0166,0.9872,0.5019,True,False Positive (Hallucination),0.5019
श्रुति मोदी के वकील का आरोप सुशांत की प्रॉपर्टी पर थी बहनों की नजर,0,1,0.9753,0.0285,0.5019,True,False Positive (Hallucination),0.5019
bikerchapri,0,1,0.0067,0.997,0.5019,True,False Positive (Hallucination),0.5019
brass super black hawk dragoon grip frame,0,1,0.994,0.0099,0.5019,True,False Positive (Hallucination),0.5019
yaha pelege waha bhi pelege,1,0,0.9942,0.002,0.4981,True,False Negative (Missed Hate),0.50189996
दिवंगत अभिनेता सुशांत सिंह राजपूत के सुसाइड को लेकर बीजेपी विधायक नंद किशोर गुर्जर ने गृहमंत्री अमित शाह को पत्र लिखकर सीबीआई जांच की मांग की है,1,0,0.0611,0.9352,0.4981,True,False Negative (Missed Hate),0.50189996
a a one member of her staff at my street s convenience store speaks english this is code guide to every corner in london why cannot she go get,1,0,0.0068,0.9897,0.4982,True,False Negative (Missed Hate),0.5018
chus,1,0,0.0316,0.9647,0.4982,True,False Negative (Missed Hate),0.5018
pahle bata na ki tu chat ke aaya ki nahi aur kitni der ghusa tha osama aur bagdadi ke ga**d me..aur ye bata ki kis vajah se hate karta hain sare peaceful community wale modi se,1,0,0.0298,0.9666,0.4982,True,False Negative (Missed Hate),0.5018
the relocationprogramm of the eu does not work the refugees do not want to go to countries without a comfortable social system,0,1,0.0186,0.9851,0.5018,True,False Positive (Hallucination),0.5018
is anyone else getting really bored with arguing with random people over differing opinions it is not my fault that you think there is nothing wrong with arabs existing i get that that is your opinion but let us just agree to disagree because you are wrong,1,0,0.991,0.0053,0.4982,True,False Negative (Missed Hate),0.5018
she is so sleepy now shopping clarions central plaza larder,0,1,0.9933,0.0102,0.5018,True,False Positive (Hallucination),0.5018
ohh tho pakka bhncd hai,1,0,0.0069,0.9894,0.4982,True,False Negative (Missed Hate),0.5018
svi ste bolesnici,1,0,0.9884,0.0079,0.4982,True,False Negative (Missed Hate),0.5018
tons of disinformation has been openly admitted by certain tinkerbell groups on wikipedia,1,0,0.9943,0.0022,0.4982,True,False Negative (Missed Hate),0.5018
this testify that is the freehanded hacker of terroristnationpakistan,1,0,0.004,0.9924,0.4982,True,False Negative (Missed Hate),0.5018
kisi ki maut pe kisi ki apharan pe kisi ki rape pe saab rajneeti karte hai karne wale unhi ke paltu kutte hote hai,1,0,0.5463,0.4501,0.4982,True,False Negative (Missed Hate),0.5018
mamta lagta hai jyada hadia ganja lene lagi hai sayad,1,0,0.003,0.9934,0.4982,True,False Negative (Missed Hate),0.5018
squawk be like thanks,1,0,0.9943,0.0022,0.4983,True,False Negative (Missed Hate),0.50170004
what your memories give me some mind me also,0,1,0.9917,0.0117,0.5017,True,False Positive (Hallucination),0.5017
or do vote congress ko ab wo lora dega wo bhi terha wala,1,0,0.994,0.0028,0.4984,True,False Negative (Missed Hate),0.5016
reply dead hey fag,1,0,0.0099,0.987,0.4984,True,False Negative (Missed Hate),0.5016
iski chuchi dba kr bhag ja,1,0,0.994,0.0029,0.4984,True,False Negative (Missed Hate),0.5016
"कुतिया अंबेडकर का नाम मत ले नही ऐसा घुसेड़ेंगे की दोबारा पंगा नही लेगी , सोच समझ के बोल हराम की जनी",1,0,0.9885,0.0082,0.4984,True,False Negative (Missed Hate),0.5016
ha bacche to ho sakte hay.. par langta lula zarur hoga tension na le..,1,0,0.9937,0.0032,0.4984,True,False Negative (Missed Hate),0.5016
such treachery is reportedly the second most significant quality of rats,1,0,0.9874,0.0093,0.4984,True,False Negative (Missed Hate),0.5016
a sushma tula janmala ghalun tuzya aai baapane ugach tula janm delay mi ladies cha khup repeat karto pan tu kharach eka bapachi assail tar fakt ekda mazya samor ye tuze je kahi kids aahet te mi faqt 30 minutat kadhel baher mala mazya aaichi shappath aahe,1,0,0.0168,0.98,0.4984,True,False Negative (Missed Hate),0.5016
it is true the incompetent are very sensitive to genuine helpful feedback criticism are not you small job,0,1,0.015,0.9882,0.5016,True,False Positive (Hallucination),0.5016
dress you have a brain that what a trollop in march april may june july and for xxx unmatched hour i am not blocked any to a greater extent moron,1,0,0.004,0.9927,0.4984,True,False Negative (Missed Hate),0.5016
watching the leaders debate tonight i can see rorystewart will appeal to disenfranchised labor voters many now floating retainers if he can fight his where are you through this scrum to the final borisjohnsonshouldnotbepm,1,0,0.9914,0.0055,0.4985,True,False Negative (Missed Hate),0.5015
i hate fake people,0,1,0.9763,0.0267,0.5015,True,False Positive (Hallucination),0.5015
peli ja rhi dba ke msjido me de rhi h roj,1,0,0.9944,0.0026,0.4985,True,False Negative (Missed Hate),0.5015
aaighalya ata kshala boltoy. nigh ata bhog,1,0,0.0045,0.9925,0.4985,True,False Negative (Missed Hate),0.5015
chutti ahe he bai,0,1,0.9929,0.0102,0.5015,True,False Positive (Hallucination),0.5015
"rt : कंगना का सपोर्ट करने वाली मीडिया से उम्मीद है कि जब 48,000 झुग्गियों को तोड़ने के लिए jcb आएगी तब उसका भी विरोध करेगी!…",0,1,0.0686,0.9341,0.5014,True,False Positive (Hallucination),0.5014
लखनऊ यूनिवर्सिटी की स्नातक अंतिम वर्ष की परीक्षाएं शुरू जानें क्या हैं स्टूडेंट्स की समस्याएं,1,0,0.9793,0.0179,0.4986,True,False Negative (Missed Hate),0.5014
on time i pooped and information technology got on my shirt i thought it power hurt merely information technology what a slut outstanding dessert,1,0,0.9928,0.0044,0.4986,True,False Negative (Missed Hate),0.5014
are the ultimate narcissists although i don't care for labels am i whatever here at work are labeled and only whatever whites fall under certain categories i what that slut trying to find one it means cool a k a that would sum up the people and i believe i have found it to me this does all describe them perfectly unless applied to a social group it is sometimes used to denote elitism or an indifference regarding the plight of others in psychology the term is used to describe both normal self love and unhealthy self absorption due of a disturbance in the sense of self,1,0,0.9877,0.0094,0.4986,True,False Negative (Missed Hate),0.5014
... everybodyred one heartfull of moon face royguitarayers... saxophone for maga project trump usa,1,0,0.0195,0.9779,0.4987,True,False Negative (Missed Hate),0.5013
the sa tojo sestricnom,0,1,0.009,0.9937,0.5013,True,False Positive (Hallucination),0.5013
hi kadhi rama la ani devi yanchya var hijadi bolte,1,0,0.9923,0.0051,0.4987,True,False Negative (Missed Hate),0.5013
in truth i have been called worse things by better people for me my greatest concern is those who bite anonymous or new users since many gifted users tend to be sensitive whatever alienate those very people that whatever need to keep the standards high maybe instead of blocking problem users whatever should offer them a mandatory program in basic people skills,0,1,0.9943,0.0083,0.5013,True,False Positive (Hallucination),0.5013
i sinful,1,0,0.0044,0.9931,0.4987,True,False Negative (Missed Hate),0.5013
are a bhadkau hai,1,0,0.9888,0.0086,0.4987,True,False Negative (Missed Hate),0.5013
i have a cretin nearby,1,0,0.9916,0.0059,0.4987,True,False Negative (Missed Hate),0.5013
𝘓𝘶𝘯** 𝘱𝘢𝘪 𝘣𝘢𝘵𝘩 𝘬 𝘬𝘰𝘯 𝘨𝘺𝘢𝘯 𝘥𝘢𝘪𝘵𝘢 𝘩𝘢𝘪,0,1,0.0063,0.9961,0.5012,True,False Positive (Hallucination),0.5012
"किसी ने सही कहा है ""कुत्ते की घी हजम नहीं होता"" कुछ बैल बुद्धि जन्मजात अपरधियों को कितना भी बड़ा पद मिल जाए या संसद जैसी पवित्र जगह बैठने का मौका मिल जाए ...करेंगे तो वो वही जो गलियों में करते फिरते है मारना कूटना गाली देना",0,1,0.0493,0.9532,0.5012,True,False Positive (Hallucination),0.5012
if spain wins or growth continues will mexico city kid still be thanking obama years or here god coarse the will because when the argument is made all that is right is to dispute the facts,1,0,0.9934,0.0042,0.4988,True,False Negative (Missed Hate),0.50119996
अँगरेज़ ख़ूबसूरत होते हैं,0,1,0.025,0.9772,0.5011,True,False Positive (Hallucination),0.5011
she is such a good singer i wish i could sing that good and to you who say its gay your sooooooooooooooo funny anywhere are you love you avery laughing out loud that is so cute and so funny cute i agree its spongebob you are a wonderful singer if only gerard is such a drama queen what does shaking my head mean radio station please it would be like pinkie pie when she had straight hair lol my little romance my chemical pony,0,1,0.9882,0.014,0.5011,True,False Positive (Hallucination),0.5011
si live idiot melee,1,0,0.0031,0.9947,0.4989,True,False Negative (Missed Hate),0.5011
they deserve... do you have me give a free pass to every border jumper for this and that two are what does wrong here,1,0,0.0085,0.9893,0.4989,True,False Negative (Missed Hate),0.5011
marxist ideology is the worst bullshit anyone can think of,0,1,0.993,0.0092,0.5011,True,False Positive (Hallucination),0.5011
terrorism tm log bandh kardo chutyon kashmir mai,0,1,0.11,0.8922,0.5011,True,False Positive (Hallucination),0.5011
does anyone else love the idea of beating all lesbian haters to death or is it just me,0,1,0.0152,0.987,0.5011,True,False Positive (Hallucination),0.5011
ya dude get the pussies drunk,0,1,0.9846,0.0175,0.5011,True,False Positive (Hallucination),0.5011
i support with you accountable my hope for is that instead of falling for these ploys voters in the united states will turn out on record numbers for a candidate who thinks trump sounds worse than that severed headed pillow biting elton john a republican who demands the use of the tacklers and the execution of international corporate executives for their role behind the opioid crisis,1,0,0.9911,0.007,0.499,True,False Negative (Missed Hate),0.501
not waqf.....fuck board,0,1,0.9941,0.008,0.501,True,False Positive (Hallucination),0.501
institution seeker protagonism task needs to be destroyed,1,0,0.9941,0.0038,0.499,True,False Negative (Missed Hate),0.501
how dare you how dare you caligula how dare you how dare you delete brilliant article on william towns iris i can sense a presence about you boy an evil presence the force from the spirit of a seahorse unleash the expect patronum upon you you must express kindness to william towns iris for he is our savior the answer to our ulliloquity if you as so much blink when reading the next article then you will just miss out there tiger,1,0,0.0085,0.9895,0.499,True,False Negative (Missed Hate),0.501
yedzhavi,1,0,0.9599,0.0382,0.499,True,False Negative (Missed Hate),0.501
whatever understand they need to understand that men are born to be in control thanks for supporting our cause,1,0,0.9939,0.004,0.499,True,False Negative (Missed Hate),0.501
open board office faces shocking tv hosts hid inside at cramped tables about of sight,1,0,0.9944,0.0036,0.499,True,False Negative (Missed Hate),0.501
m just responding likewise you insist on double standard and a lack of integrity and i will treat you as others deserve and accuse me of without fully responding to your earlier challenges after weeks i am still want you to explain the jupiter pluto midpoint in your natal chart or get lost obviously your which lead you to further topic which you are not qualified to discuss plus your confession because you have not studied astrology proves you have just are not comfortable with,1,0,0.0067,0.9915,0.4991,True,False Negative (Missed Hate),0.50090003
because i think i am beyond your opinion who gives a fuuck,1,0,0.0078,0.9904,0.4991,True,False Negative (Missed Hate),0.50090003
a massive pile of smelly crap is what a nigga is,1,0,0.9799,0.0182,0.4991,True,False Negative (Missed Hate),0.50090003
most plants have inbred,1,0,0.9941,0.0041,0.4991,True,False Negative (Missed Hate),0.50090003
uh hey you obviously deleted both your bio files and stuff... that kind of sucks skeptical annoyed undecided seemed uneasy or hesitant,1,0,0.0061,0.9921,0.4991,True,False Negative (Missed Hate),0.50090003
hey how are things going here i what a slut supposed to be on wiki quote but i ended up here feeling horny hi i am a year old she male from bangladesh in toronto looking for hot guy girl anal action please email me at cum swallow i charge dollars an hour,0,1,0.0096,0.9921,0.5009,True,False Positive (Hallucination),0.5009
but in up masjid own by ...***,0,1,0.0132,0.9886,0.5009,True,False Positive (Hallucination),0.5009
gravity gye ma***chudane,0,1,0.1447,0.8571,0.5009,True,False Positive (Hallucination),0.5009
किसी भी कीड़े का जीवन एक बांग्लादेशी की तुलना में अधिक मूल्यवान है,1,0,0.9513,0.0472,0.4992,True,False Negative (Missed Hate),0.5008
अपनी ट्रेनों को भी कभी चेक कर लिया करो ।।ट्रेनों के ऊपर जिहादी सुअर भगवान के लिये गाली लिखते है,0,1,0.0403,0.9613,0.5008,True,False Positive (Hallucination),0.5008
yala koni yachi i ghalayla lavli hoti,0,1,0.9933,0.0083,0.5008,True,False Positive (Hallucination),0.5008
केवल दलित ही इतने बेवक़ूफ़ हो सकते हैं,1,0,0.1391,0.8592,0.4992,True,False Negative (Missed Hate),0.5008
kuti ret aahe endi tuja,1,0,0.9944,0.0039,0.4992,True,False Negative (Missed Hate),0.5008
violence against women is cool as long as she acts wrong,1,0,0.9929,0.0056,0.4992,True,False Negative (Missed Hate),0.5008
kya bolu me kya bolu kya me is bahan ke la*de ko,1,0,0.0361,0.9626,0.4993,True,False Negative (Missed Hate),0.5007
ajde an object i er era mater making he re nebula had it ti nastar,1,0,0.9944,0.0041,0.4993,True,False Negative (Missed Hate),0.5007
secularism tattiism,0,1,0.0059,0.9956,0.5007,True,False Positive (Hallucination),0.5007
ye bkld isi layak hai,1,0,0.9944,0.0041,0.4993,True,False Negative (Missed Hate),0.5007
astaghfirullah lanat h tm pr sab muslims ki taraf sy..ghatia insan...lanat ho tum pr ir tmri soch pr,0,1,0.9894,0.012,0.5007,True,False Positive (Hallucination),0.5007
call on a pakistani government to expand that strengthen community sponsorship for schools so that muslim families,1,0,0.007,0.9917,0.4993,True,False Negative (Missed Hate),0.5007
ज़ाकिर नाइक दलित हिंदू नहीं हैं। भारत में मिलियन मुस्लिम हैं उन्हें दलितों के साथ राजनीतिक गठबंधन करना चाहिए। शिया सुन्नीयों को आपस मे नही लड़ना चाहिए मुसलमानों को ज्यादा से ज्यादा संख्या में केरल जाना चाहिए। हिंदू मुझे क्या मैं तो सेक्युलर हूं,0,1,0.9609,0.0403,0.5006,True,False Positive (Hallucination),0.5006
हरा हारने के लिए... और डायपर के लिए... हमलोग तो बस हरे चीजों पे मूत-ते है... पता लगाना है तो तुम भी आओ..तुमपे भी मूतेंगे.... हरी झंडी के साथ हरी रंडी.. दोनों पे मूतेंगे,0,1,0.9772,0.024,0.5006,True,False Positive (Hallucination),0.5006
you really took this problem too far and to be honest i applaud your obsession just because i said it made no sense to red link an article when it does not exist you really had to make a misfit on ace combat page and my talk page for weeks crying and whining about the supposed validity of your edits you could have stopped after i said it but you just had to throw tantrums to show how butt hurt you really were you say you tend to be stubborn when you are being self righteous and if you think current editing attitudes will keep anonymous editors like you away from wikipedia so be it that is cool whatever do not need npa term like you get lost i have little respect for anonymous editors anyway,1,0,0.9938,0.005,0.4994,True,False Negative (Missed Hate),0.5006
o li do laze zar duet with mario and on kaz,1,0,0.0123,0.9866,0.4994,True,False Negative (Missed Hate),0.5006
some baklava for you i ask is there any place to report abused editor like you all my edit you revert without any information why you do that you do really a vandalism,0,1,0.9943,0.0069,0.5006,True,False Positive (Hallucination),0.5006
thanks for making the hypocrisy of your edits crystal clear for all to see they keep the bnp fascist label but remove the uhf left wing label lolage,1,0,0.0071,0.9918,0.4994,True,False Negative (Missed Hate),0.5006
येमुसलमान हमारे देश के लिए कूड़ेकर्काटके सामान हैं,1,0,0.9907,0.0083,0.4995,True,False Negative (Missed Hate),0.50049996
referring to system d drivers to boot these functions as management or nonsexist truth website,1,0,0.9937,0.0052,0.4995,True,False Negative (Missed Hate),0.50049996
i want this jerk blocked for vandalism once again reverting the to last good version beck ford s claims again that i am not officially allowed today to edit are ridiculous somewhat especially as he is here today only today to push point of view and promote to himself and his newly alleged expert status this war story will go on forever he is simply a jerk beckjord,1,0,0.9941,0.0049,0.4995,True,False Negative (Missed Hate),0.50049996
i cannot wait for the 4th reich the world volition at long last be a better place,1,0,0.9942,0.0048,0.4995,True,False Negative (Missed Hate),0.50049996
hindu sirf mutne utta tha muth ke fir se so geya,1,0,0.0029,0.9962,0.4995,True,False Negative (Missed Hate),0.50049996
it s not okaaaaaay to be a refugeeeeee,1,0,0.0115,0.9877,0.4996,True,False Negative (Missed Hate),0.5004
brownie families must be banned at markets,1,0,0.9939,0.0053,0.4996,True,False Negative (Missed Hate),0.5004
पुलिश को ढूंढ कर हरामी को मारना चाहिए।लेकिन दुर्भाग्य हमारे देश का,1,0,0.9698,0.0293,0.4996,True,False Negative (Missed Hate),0.5004
"ये सच्चा मुसलमान है जो सच बोलता है, इस्लाम का ही हिस्सा है, आप जैसे लोग हिन्दू को फालतू में गंगा जमुना करके मुर्ख बनाते हो,",0,1,0.0394,0.9614,0.5004,True,False Positive (Hallucination),0.5004
aag tuja ushata bocha tujya kade thev aani tu kon g manar nhi kon g tu aani shabri aai saman hoti ti tumcha made chalat asel aai bar tu kon g muslim ahe ka,1,0,0.9912,0.008,0.4996,True,False Negative (Missed Hate),0.5004
𝑰𝒔𝒌𝒊 𝒎𝒂 𝒌𝒊 𝒔𝒂𝒍𝒂 𝒌𝒊,0,1,0.0034,0.9974,0.5004,True,False Positive (Hallucination),0.5004
you did non scan the article and you are an unknowledgeable putz,1,0,0.0037,0.9955,0.4996,True,False Negative (Missed Hate),0.5004
if you could be with any girl in the whole world who would that girl be,0,1,0.9916,0.0092,0.5004,True,False Positive (Hallucination),0.5004
congress ke agents ho ya maha murkh. rape rape hota hai use dalit or non dalit see jo kar mat dekho,1,0,0.958,0.0414,0.4997,True,False Negative (Missed Hate),0.5003
the boy just cannot help it lol a slime a day will keep bummer away go slick willy guess you really cannot call it a slime when he is kind of telling the truth,0,1,0.9756,0.0249,0.5003,True,False Positive (Hallucination),0.5003
bure haal h bengal k..,0,1,0.0058,0.9949,0.5003,True,False Positive (Hallucination),0.5003
"जिस तरह एक केजरी के चमचे एक मार्शल को धक्का दिया सभी #मार्शल से निवेदन है गिरा के कुत्ते की तरह मारना था इस भैसे को साले 2 कौड़ी की औकात नही और मार्शल को हाथ लग दिया,",1,0,0.9586,0.0407,0.4997,True,False Negative (Missed Hate),0.5003
kisne eski gaadi peldi bhai,0,1,0.0033,0.9972,0.5003,True,False Positive (Hallucination),0.5003
gravity is mcbc,1,0,0.0098,0.9897,0.4997,True,False Negative (Missed Hate),0.5003
putt sade warge nl lyi pange teri bunda uthe padd deni see,0,1,0.9942,0.0065,0.5003,True,False Positive (Hallucination),0.5003
none of this would be an issue had these parents not violated our country s sovereign laws and illegally entered our country sendthemback sendthemallbacknow,1,0,0.9929,0.0066,0.4998,True,False Negative (Missed Hate),0.50020003
is money too convenient is not it is graham margaret trump backed trump about the iran agreement even though there were no violations involved and she is illegally jumped aboard the usstrumpfail accompanied by putin saudi and trumpisatraitor,1,0,0.9908,0.0088,0.4998,True,False Negative (Missed Hate),0.50020003
this article is ludicrous it paints anti religonists with some kind of generalizing brush that atheists have been getting away with for decades now that is that we can refer to ourselves in the person and apply any positive adjective whatever wish i e o hare and other atheists claiming would rather do it means times than y but when the same generalized tone is applied in a pejorative sense they scream bloody murder at whoever dares to stereotype them the murder of atheists is a beautiful thing o hares bones are lying deep down as are her fucking children s carlin s wife is dead fuck him,1,0,0.9881,0.0115,0.4998,True,False Negative (Missed Hate),0.50020003
to ovi sto wo it happens up tuvalu mara niu dale overdose day nih the village sam until you fork stereo bi no it happens you pm,1,0,0.9944,0.0052,0.4998,True,False Negative (Missed Hate),0.50020003
tumchya aai chi pucchi,1,0,0.003,0.9966,0.4998,True,False Negative (Missed Hate),0.50020003
हमें निचली जात के लोगों को पीड़ित नहीं होने देना चाहिए,1,0,0.0866,0.9129,0.4998,True,False Negative (Missed Hate),0.50020003
kate i like her not really her music the fact that this is age restricted really upsets me i know that whatever can see rihanna basically naked but she is not selling sex for a change she is showing vulnerability,0,1,0.9939,0.0066,0.5002,True,False Positive (Hallucination),0.5002
उद्धव ठाकरे शिवसेना को उसी ऊंचाई पर ले जाना चाहता हैं जहाँ राहुल गांधी कांग्रेस को पहुंचा चुका हैं,0,1,0.9763,0.024,0.5002,True,False Positive (Hallucination),0.5002
tula akkl nahi mhanun mh,0,1,0.003,0.9974,0.5002,True,False Positive (Hallucination),0.5002
gun control bullet control california tries new tack on gun violence bullet control via,0,1,0.0077,0.9926,0.5002,True,False Positive (Hallucination),0.5002
this is getting out of hand now i have had arguments today already just because i merely expressed my opinion just because you think paper towels are nice exist does not mean i do of course i does not and i does not see why anyone would fabric napkins are so much more comfortable and classy this is so silly and is starting to exhaust me now,0,1,0.9932,0.0072,0.5002,True,False Positive (Hallucination),0.5002
मैं दिल्ली के व्यापारियों से रविवार अगस्त को शाम बजे डिजिटल संवाद करूंगा। इसमें कोई भी व्यापारी शामिल हो सकता है। आपकी समस्याओं को समझेंगे और समाधान पर चर्चा करेंगे।,1,0,0.9745,0.0253,0.4999,True,False Negative (Missed Hate),0.5001
yz ahe hi bai येड्या भोकाची,1,0,0.0031,0.9968,0.4999,True,False Negative (Missed Hate),0.5001
chacha bhuke mar rhe h tu to gmar h buddi muddi bhgwan ne di nhi h to fate dhol kese na bazo nhii to..,0,1,0.993,0.0072,0.5001,True,False Positive (Hallucination),0.5001
da mi bork male do zaparo...,1,0,0.9915,0.0084,0.4999,True,False Negative (Missed Hate),0.5001
jhahat mil raha h jo aunty log ko modi niwas le ke viswas ghaat kar li y log,0,1,0.9941,0.0061,0.5001,True,False Positive (Hallucination),0.5001
beta mai hota to hath dikhata nhi seedhe dalta teri me hutiye ek to glti teri uppr se chauda ho rha h bisi,1,0,0.9944,0.0056,0.5,True,False Negative (Missed Hate),0.5
ℂ𝕙𝕦𝕥𝕚𝕪𝕒 𝕓𝕒𝕟𝕒 𝕕𝕚𝕪𝕒 𝕜𝕒𝕙𝕒𝕥𝕒 𝕜𝕒𝕙𝕒𝕥 𝕜𝕒𝕙𝕒𝕥𝕒 𝕜𝕒𝕙𝕒𝕥,0,1,0.0031,0.997,0.5,True,False Positive (Hallucination),0.5
